17:09:01.567 detox[53476] B node_modules/.bin/detox test --config-path ./tests/e2e/mobile/detox.config.cjs --configuration android.emu.release tests/e2e/mobile/specs/auth-and-tabs.e2e.js --record-logs failing --take-screenshots failing
  data: {
    "id": "3ae5d171-cd42-e136-7742-b59af94e7924",
    "detoxConfig": {
      "configurationName": "android.emu.release",
      "apps": {
        "default": {
          "type": "android.apk",
          "binaryPath": "apps/mobile/android/app/build/outputs/apk/release/app-release.apk",
          "testBinaryPath": "apps/mobile/android/app/build/outputs/apk/androidTest/release/app-release-androidTest.apk",
          "build": "cd apps/mobile/android && ./gradlew --no-daemon -Dorg.gradle.jvmargs='-Xmx4096m -XX:MaxMetaspaceSize=1024m' :app:createBundleReleaseJsAndAssets --rerun-tasks -PreactNativeArchitectures=arm64-v8a,x86_64 && ./gradlew --no-daemon -Dorg.gradle.jvmargs='-Xmx4096m -XX:MaxMetaspaceSize=1024m' assembleRelease assembleAndroidTest -DtestBuildType=release -x lint -x test -PreactNativeArchitectures=arm64-v8a,x86_64"
        }
      },
      "artifacts": {
        "rootDir": "artifacts/android.emu.release.2026-03-09 00-09-01Z",
        "plugins": {
          "log": {
            "enabled": true,
            "keepOnlyFailedTestsArtifacts": true
          },
          "screenshot": {
            "enabled": true,
            "shouldTakeAutomaticSnapshots": true,
            "keepOnlyFailedTestsArtifacts": true
          },
          "video": {
            "enabled": false,
            "keepOnlyFailedTestsArtifacts": false
          },
          "instruments": {
            "enabled": false,
            "keepOnlyFailedTestsArtifacts": false
          },
          "uiHierarchy": {
            "enabled": false,
            "keepOnlyFailedTestsArtifacts": false
          }
        }
      },
      "behavior": {
        "init": {
          "keepLockFile": false,
          "reinstallApp": true,
          "exposeGlobals": true
        },
        "cleanup": {
          "shutdownDevice": false
        },
        "launchApp": "auto"
      },
      "cli": {
        "recordLogs": "failing",
        "takeScreenshots": "failing",
        "configPath": "./tests/e2e/mobile/detox.config.cjs",
        "configuration": "android.emu.release",
        "start": true
      },
      "commands": [
        {
          "appName": "default",
          "build": "cd apps/mobile/android && ./gradlew --no-daemon -Dorg.gradle.jvmargs='-Xmx4096m -XX:MaxMetaspaceSize=1024m' :app:createBundleReleaseJsAndAssets --rerun-tasks -PreactNativeArchitectures=arm64-v8a,x86_64 && ./gradlew --no-daemon -Dorg.gradle.jvmargs='-Xmx4096m -XX:MaxMetaspaceSize=1024m' assembleRelease assembleAndroidTest -DtestBuildType=release -x lint -x test -PreactNativeArchitectures=arm64-v8a,x86_64"
        }
      ],
      "device": {
        "type": "android.emulator",
        "device": {
          "avdName": "Pixel_9"
        }
      },
      "logger": {
        "level": "info",
        "overrideConsole": true,
        "options": {
          "showLoggerName": true,
          "showPid": true,
          "showLevel": false,
          "showMetadata": false,
          "basepath": "/Users/coding/Projects/notes_brain/node_modules/detox/src",
          "prefixers": {},
          "stringifiers": {}
        }
      },
      "testRunner": {
        "retries": 0,
        "forwardEnv": false,
        "detached": false,
        "bail": false,
        "noRetryArgs": [
          "shard"
        ],
        "jest": {
          "setupTimeout": 180000,
          "teardownTimeout": 30000,
          "retryAfterCircusRetries": false,
          "reportWorkerAssign": true
        },
        "args": {
          "$0": "jest",
          "_": [
            "tests/e2e/mobile/specs/auth-and-tabs.e2e.js"
          ],
          "config": "tests/e2e/mobile/jest.config.cjs",
          "--": []
        }
      },
      "session": {
        "autoStart": true,
        "debugSynchronization": 10000
      }
    },
    "detoxIPCServer": "primary-53476",
    "testResults": [],
    "testSessionIndex": 0,
    "workersCount": 0
  }
17:09:01.569 detox[53476] i Server path not specified, so defaulting to ipc.config.socketRoot + ipc.config.appspace + ipc.config.id /tmp/detox.primary-53476
17:09:01.570 detox[53476] i starting server on  /tmp/detox.primary-53476 
17:09:01.570 detox[53476] i starting TLS server false
17:09:01.570 detox[53476] i starting server as Unix || Windows Socket
17:09:01.572 detox[53476] i Detox server listening on localhost:64469...
17:09:01.574 detox[53476] i Serialized the session state at: /private/var/folders/4z/mqqhpdps32j1l_chr_9wt8rw0000gp/T/3ae5d171-cd42-e136-7742-b59af94e7924.detox.json
17:09:01.575 detox[53476] B DETOX_AVD_NAME="Pixel_9" jest --config tests/e2e/mobile/jest.config.cjs tests/e2e/mobile/specs/auth-and-tabs.e2e.js
17:09:01.577 detox[53476] i (node:53476) [DEP0190] DeprecationWarning: Passing args to a child process with shell option true can lead to security vulnerabilities, as the arguments are not escaped, only concatenated.
(Use `node --trace-deprecation ...` to show where the warning was created)
17:09:02.086 detox[53477] i Service path not specified, so defaulting to ipc.config.socketRoot + ipc.config.appspace + id 
17:09:02.087 detox[53477] i requested connection to  primary-53476 /tmp/detox.primary-53476
17:09:02.087 detox[53477] i Connecting client on Unix Socket : /tmp/detox.primary-53476
17:09:02.088 detox[53476] i ## socket connection to server detected ##
17:09:02.088 detox[53477] i retrying reset
17:09:02.088 detox[53477] i dispatching event to  primary-53476 /tmp/detox.primary-53476  :  registerContext , { id: 'secondary-53477' }
17:09:02.089 detox[53476] i received event of :  registerContext { id: 'secondary-53477' }
17:09:02.089 detox[53476] i dispatching event to socket  :  registerContextDone {
  testResults: [],
  testSessionIndex: 0,
  unsafe_earlyTeardown: undefined
}
17:09:02.089 detox[53477] i ## received events ##
17:09:02.089 detox[53477] i detected event registerContextDone { testResults: [], testSessionIndex: 0 }
17:09:02.143 detox[53477] B tests/e2e/mobile/specs/auth-and-tabs.e2e.js
17:09:02.154 detox[53477] B set up environment
17:09:02.155 detox[53477] i dispatching event to  primary-53476 /tmp/detox.primary-53476  :  registerWorker , { workerId: 'w1' }
17:09:02.156 detox[53476] i received event of :  registerWorker { workerId: 'w1' }
17:09:02.156 detox[53476] i dispatching event to socket  :  registerWorkerDone { workersCount: 1 }
17:09:02.156 detox[53476] i broadcasting event to all known sockets listening to  /tmp/detox.primary-53476  :   sessionStateUpdate { workersCount: 1 }
17:09:02.156 detox[53477] i ## received events ##
17:09:02.156 detox[53477] i detected event registerWorkerDone { workersCount: 1 }
17:09:02.249 detox[53477] i ## received events ##
17:09:02.249 detox[53477] i detected event sessionStateUpdate { workersCount: 1 }
17:09:02.253 detox[53476] B connection :64469<->:64475
17:09:02.253 detox[53477] i opened web socket to: ws://localhost:64469
17:09:02.254 detox[53477] i send message
  data: {"type":"login","params":{"sessionId":"8eb5871b-311b-f2ff-230a-c3d62693310e","role":"tester"},"messageId":0}
17:09:02.255 detox[53476] i get
  data: {"type":"login","params":{"sessionId":"8eb5871b-311b-f2ff-230a-c3d62693310e","role":"tester"},"messageId":0}
17:09:02.255 detox[53476] i created session 8eb5871b-311b-f2ff-230a-c3d62693310e
17:09:02.255 detox[53476] i send
  data: {
    "type": "loginSuccess",
    "params": {
      "testerConnected": true,
      "appConnected": false
    },
    "messageId": 0
  }
17:09:02.256 detox[53476] i tester joined session 8eb5871b-311b-f2ff-230a-c3d62693310e
17:09:02.256 detox[53477] i get message
  data: {"type":"loginSuccess","params":{"testerConnected":true,"appConnected":false},"messageId":0}
   
17:09:02.270 detox[53477] i dispatching event to  primary-53476 /tmp/detox.primary-53476  :  allocateDevice , {
  deviceConfig: { type: 'android.emulator', device: { avdName: 'Pixel_9' } }
}
17:09:02.271 detox[53476] i received event of :  allocateDevice {
  deviceConfig: { type: 'android.emulator', device: { avdName: 'Pixel_9' } }
}
17:09:02.283 detox[53476] B init
  args: ()
17:09:02.284 detox[53476] E init
17:09:02.284 detox[53476] B allocate
  data: {
    "type": "android.emulator",
    "device": {
      "avdName": "Pixel_9"
    }
  }
17:09:02.436 detox[53476] i Detected emulator binary version { major: 36, minor: 3, patch: 10, toString: [Function: toString] }
17:09:02.437 detox[53476] i "/Users/coding/Library/Android/sdk/platform-tools/adb"  devices
17:09:02.452 detox[53476] i List of devices attached
emulator-18696	device
emulator-5554	device


17:09:02.453 detox[53476] i port: 18696, host: localhost
17:09:02.462 detox[53476] i Found a matching & free device emulator-18696
17:09:02.463 detox[53476] i settled on emulator-18696 (Pixel_9)
  data: {
    "id": "emulator-18696",
    "adbName": "emulator-18696",
    "name": "emulator-18696 (Pixel_9)"
  }
17:09:02.463 detox[53476] E allocate
17:09:02.463 detox[53476] B post-allocate: emulator-18696
  data: {
    "id": "emulator-18696",
    "adbName": "emulator-18696",
    "name": "emulator-18696 (Pixel_9)"
  }
17:09:02.463 detox[53476] i "/Users/coding/Library/Android/sdk/platform-tools/adb" -s emulator-18696 shell "getprop dev.bootcomplete"
17:09:02.489 detox[53476] i 1

17:09:02.489 detox[53476] i "/Users/coding/Library/Android/sdk/platform-tools/adb" -s emulator-18696 shell "getprop ro.build.version.sdk"
17:09:02.512 detox[53476] i 36

17:09:02.512 detox[53476] i "/Users/coding/Library/Android/sdk/platform-tools/adb" -s emulator-18696 shell "settings put global animator_duration_scale 0"
17:09:02.540 detox[53476] i 
17:09:02.540 detox[53476] i "/Users/coding/Library/Android/sdk/platform-tools/adb" -s emulator-18696 shell "settings put global window_animation_scale 0"
17:09:02.567 detox[53476] i 
17:09:02.567 detox[53476] i "/Users/coding/Library/Android/sdk/platform-tools/adb" -s emulator-18696 shell "settings put global transition_animation_scale 0"
17:09:02.596 detox[53476] i 
17:09:02.596 detox[53476] i "/Users/coding/Library/Android/sdk/platform-tools/adb" -s emulator-18696 shell "dumpsys power | grep \"^[ ]*m[UW].*=\""
17:09:02.632 detox[53476] i   mWakefulness=Awake
  mWakefulnessChanging=false
  mUseAutoSuspend=true
  mWakeLockSummary=0x0
  mWakeUpWhenPluggedOrUnpluggedConfig=false
  mWakeUpWhenPluggedOrUnpluggedInTheaterModeConfig=false
  mUserActivityTimeoutOverrideFromWindowManager=-1
  mUserInactiveOverrideFromWindowManager=false
  mUseNormalBrightnessForDoze=false
  mUserId=0
  mWakeLockSummary=0x0
  mUserInteractionBackoffMillis=60000

17:09:02.632 detox[53476] E post-allocate: emulator-18696
17:09:02.633 detox[53476] i dispatching event to socket  :  allocateDeviceDone {
  deviceCookie: {
    id: 'emulator-18696',
    adbName: 'emulator-18696',
    name: 'emulator-18696 (Pixel_9)'
  }
}
17:09:02.633 detox[53477] i ## received events ##
17:09:02.633 detox[53477] i detected event allocateDeviceDone {
  deviceCookie: {
    id: 'emulator-18696',
    adbName: 'emulator-18696',
    name: 'emulator-18696 (Pixel_9)'
  }
}
17:09:02.641 detox[53477] B onBootDevice
  args: ({"deviceId":"emulator-18696"})
17:09:02.641 detox[53477] E onBootDevice
17:09:02.642 detox[53477] B installUtilBinaries
  args: ()
17:09:02.642 detox[53477] E installUtilBinaries
17:09:02.642 detox[53477] B selectApp
  args: ("default")
17:09:02.643 detox[53477] i "/Users/coding/Library/Android/sdk/build-tools/36.1.0/aapt" dump badging "/Users/coding/Projects/notes_brain/apps/mobile/android/app/build/outputs/apk/release/app-release.apk"
17:09:02.656 detox[53477] i package: name='com.notesbrain.echo' versionCode='1' versionName='1.0.0' platformBuildVersionName='16' platformBuildVersionCode='36' compileSdkVersion='36' compileSdkVersionCodename='16'
sdkVersion:'24'
targetSdkVersion:'36'
uses-permission: name='android.permission.INTERNET'
uses-permission: name='android.permission.MODIFY_AUDIO_SETTINGS'
uses-permission: name='android.permission.READ_EXTERNAL_STORAGE'
uses-permission: name='android.permission.RECORD_AUDIO'
uses-permission: name='android.permission.SYSTEM_ALERT_WINDOW'
uses-permission: name='android.permission.VIBRATE'
uses-permission: name='android.permission.WRITE_EXTERNAL_STORAGE'
uses-permission: name='android.permission.ACCESS_NETWORK_STATE'
uses-permission: name='android.permission.ACCESS_WIFI_STATE'
uses-permission: name='android.permission.FOREGROUND_SERVICE'
uses-permission: name='android.permission.FOREGROUND_SERVICE_MEDIA_PLAYBACK'
uses-permission: name='android.permission.RECEIVE_BOOT_COMPLETED'
uses-permission: name='android.permission.POST_NOTIFICATIONS'
uses-permission: name='android.permission.WAKE_LOCK'
uses-permission: name='com.google.android.c2dm.permission.RECEIVE'
uses-permission: name='android.permission.USE_BIOMETRIC'
uses-permission: name='android.permission.USE_FINGERPRINT'
uses-permission: name='com.notesbrain.echo.DYNAMIC_RECEIVER_NOT_EXPORTED_PERMISSION'
uses-permission: name='com.google.android.finsky.permission.BIND_GET_INSTALL_REFERRER_SERVICE'
uses-permission: name='com.sec.android.provider.badge.permission.READ'
uses-permission: name='com.sec.android.provider.badge.permission.WRITE'
uses-permission: name='com.htc.launcher.permission.READ_SETTINGS'
uses-permission: name='com.htc.launcher.permission.UPDATE_SHORTCUT'
uses-permission: name='com.sonyericsson.home.permission.BROADCAST_BADGE'
uses-permission: name='com.sonymobile.home.permission.PROVIDER_INSERT_BADGE'
uses-permission: name='com.anddoes.launcher.permission.UPDATE_COUNT'
uses-permission: name='com.majeur.launcher.permission.UPDATE_BADGE'
uses-permission: name='com.huawei.android.launcher.permission.CHANGE_BADGE'
uses-permission: name='com.huawei.android.launcher.permission.READ_SETTINGS'
uses-permission: name='com.huawei.android.launcher.permission.WRITE_SETTINGS'
uses-permission: name='android.permission.READ_APP_BADGE'
uses-permission: name='com.oppo.launcher.permission.READ_SETTINGS'
uses-permission: name='com.oppo.launcher.permission.WRITE_SETTINGS'
uses-permission: name='me.everything.badger.permission.BADGE_COUNT_READ'
uses-permission: name='me.everything.badger.permission.BADGE_COUNT_WRITE'
application-label:'Echo'
application-label-af:'Echo'
application-label-am:'Echo'
application-label-ar:'Echo'
application-label-as:'Echo'
application-label-az:'Echo'
application-label-be:'Echo'
application-label-bg:'Echo'
application-label-bn:'Echo'
application-label-bs:'Echo'
application-label-ca:'Echo'
application-label-cs:'Echo'
application-label-da:'Echo'
application-label-de:'Echo'
application-label-el:'Echo'
application-label-en-AU:'Echo'
application-label-en-CA:'Echo'
application-label-en-GB:'Echo'
application-label-en-IN:'Echo'
application-label-en-XC:'Echo'
application-label-es:'Echo'
application-label-es-419:'Echo'
application-label-es-ES:'Echo'
application-label-es-US:'Echo'
application-label-et:'Echo'
application-label-eu:'Echo'
application-label-fa:'Echo'
application-label-fi:'Echo'
application-label-fr:'Echo'
application-label-fr-CA:'Echo'
application-label-gl:'Echo'
application-label-gu:'Echo'
application-label-hi:'Echo'
application-label-hr:'Echo'
application-label-hu:'Echo'
application-label-hy:'Echo'
application-label-in:'Echo'
application-label-is:'Echo'
application-label-it:'Echo'
application-label-iw:'Echo'
application-label-ja:'Echo'
application-label-ka:'Echo'
application-label-kk:'Echo'
application-label-km:'Echo'
application-label-kn:'Echo'
application-label-ko:'Echo'
application-label-ky:'Echo'
application-label-lo:'Echo'
application-label-lt:'Echo'
application-label-lv:'Echo'
application-label-mk:'Echo'
application-label-ml:'Echo'
application-label-mn:'Echo'
application-label-mr:'Echo'
application-label-ms:'Echo'
application-label-my:'Echo'
application-label-nb:'Echo'
application-label-ne:'Echo'
application-label-nl:'Echo'
application-label-or:'Echo'
application-label-pa:'Echo'
application-label-pl:'Echo'
application-label-pt:'Echo'
application-label-pt-BR:'Echo'
application-label-pt-PT:'Echo'
application-label-ro:'Echo'
application-label-ru:'Echo'
application-label-si:'Echo'
application-label-sk:'Echo'
application-label-sl:'Echo'
application-label-sq:'Echo'
application-label-sr:'Echo'
application-label-sr-Latn:'Echo'
application-label-sv:'Echo'
application-label-sw:'Echo'
application-label-ta:'Echo'
application-label-te:'Echo'
application-label-th:'Echo'
application-label-tl:'Echo'
application-label-tr:'Echo'
application-label-uk:'Echo'
application-label-ur:'Echo'
application-label-uz:'Echo'
application-label-vi:'Echo'
application-label-zh-CN:'Echo'
application-label-zh-HK:'Echo'
application-label-zh-TW:'Echo'
application-label-zu:'Echo'
application-icon-120:'res/BW.xml'
application-icon-160:'res/BW.xml'
application-icon-240:'res/BW.xml'
application-icon-320:'res/BW.xml'
application-icon-480:'res/BW.xml'
application-icon-640:'res/BW.xml'
application-icon-65534:'res/BW.xml'
application: label='Echo' icon='res/BW.xml'
launchable-activity: name='com.notesbrain.echo.MainActivity'  label='' icon=''
feature-group: label=''
  uses-feature: name='android.hardware.faketouch'
  uses-implied-feature: name='android.hardware.faketouch' reason='default feature for all apps'
  uses-feature: name='android.hardware.microphone'
  uses-implied-feature: name='android.hardware.microphone' reason='requested android.permission.RECORD_AUDIO permission'
  uses-feature: name='android.hardware.screen.portrait'
  uses-implied-feature: name='android.hardware.screen.portrait' reason='one or more activities have specified a portrait orientation'
  uses-feature: name='android.hardware.wifi'
  uses-implied-feature: name='android.hardware.wifi' reason='requested android.permission.ACCESS_WIFI_STATE permission'
main
other-activities
other-receivers
other-services
supports-screens: 'small' 'normal' 'large' 'xlarge'
supports-any-density: 'true'
locales: '--_--' 'af' 'am' 'ar' 'as' 'az' 'be' 'bg' 'bn' 'bs' 'ca' 'cs' 'da' 'de' 'el' 'en-AU' 'en-CA' 'en-GB' 'en-IN' 'en-XC' 'es' 'es-419' 'es-ES' 'es-US' 'et' 'eu' 'fa' 'fi' 'fr' 'fr-CA' 'gl' 'gu' 'hi' 'hr' 'hu' 'hy' 'in' 'is' 'it' 'iw' 'ja' 'ka' 'kk' 'km' 'kn' 'ko' 'ky' 'lo' 'lt' 'lv' 'mk' 'ml' 'mn' 'mr' 'ms' 'my' 'nb' 'ne' 'nl' 'or' 'pa' 'pl' 'pt' 'pt-BR' 'pt-PT' 'ro' 'ru' 'si' 'sk' 'sl' 'sq' 'sr' 'sr-Latn' 'sv' 'sw' 'ta' 'te' 'th' 'tl' 'tr' 'uk' 'ur' 'uz' 'vi' 'zh-CN' 'zh-HK' 'zh-TW' 'zu'
densities: '120' '160' '240' '320' '480' '640' '65534'
native-code: 'arm64-v8a' 'x86_64'

17:09:02.656 detox[53477] E selectApp
17:09:02.656 detox[53477] B uninstallApp
  args: ()
17:09:02.656 detox[53477] B onBeforeUninstallApp
  args: ({"deviceId":"emulator-18696","bundleId":"com.notesbrain.echo"})
17:09:02.656 detox[53477] E onBeforeUninstallApp
17:09:02.656 detox[53477] i "/Users/coding/Library/Android/sdk/platform-tools/adb" -s emulator-18696 shell "pm list packages com.notesbrain.echo"
17:09:02.683 detox[53477] i package:com.notesbrain.echo.test
package:com.notesbrain.echo

17:09:02.683 detox[53477] i "/Users/coding/Library/Android/sdk/platform-tools/adb" -s emulator-18696 uninstall com.notesbrain.echo
17:09:02.784 detox[53477] i Success

17:09:02.784 detox[53477] i "/Users/coding/Library/Android/sdk/platform-tools/adb" -s emulator-18696 shell "pm list packages com.notesbrain.echo.test"
17:09:02.831 detox[53477] i package:com.notesbrain.echo.test

17:09:02.831 detox[53477] i "/Users/coding/Library/Android/sdk/platform-tools/adb" -s emulator-18696 uninstall com.notesbrain.echo.test
17:09:03.128 detox[53477] i Success

17:09:03.128 detox[53477] E uninstallApp
17:09:03.128 detox[53477] B selectApp
  args: ("default")
17:09:03.129 detox[53477] B terminateApp
  args: ()
17:09:03.129 detox[53477] B onBeforeTerminateApp
  args: ({"deviceId":"emulator-18696","bundleId":"com.notesbrain.echo"})
17:09:03.129 detox[53477] E onBeforeTerminateApp
17:09:03.129 detox[53477] i "/Users/coding/Library/Android/sdk/platform-tools/adb" -s emulator-18696 shell "am force-stop com.notesbrain.echo"
17:09:03.189 detox[53477] i 
17:09:03.189 detox[53477] B onTerminateApp
  args: ({"deviceId":"emulator-18696","bundleId":"com.notesbrain.echo"})
17:09:03.189 detox[53477] E onTerminateApp
17:09:03.189 detox[53477] E terminateApp
17:09:03.189 detox[53477] E selectApp
17:09:03.189 detox[53477] B installApp
  args: ()
17:09:03.190 detox[53477] i "/Users/coding/Library/Android/sdk/build-tools/36.1.0/aapt" dump xmlstrings "/Users/coding/Projects/notes_brain/apps/mobile/android/app/build/outputs/apk/release/app-release.apk" AndroidManifest.xml
17:09:03.214 detox[53477] i String pool of 190 unique UTF-16 non-sorted strings, 190 entries and 0 styles using 14400 bytes:
String #0: theme
String #1: label
String #2: icon
String #3: name
String #4: permission
String #5: protectionLevel
String #6: enabled
String #7: exported
String #8: taskAffinity
String #9: excludeFromRecents
String #10: authorities
String #11: initOrder
String #12: grantUriPermissions
String #13: priority
String #14: launchMode
String #15: screenOrientation
String #16: configChanges
String #17: value
String #18: resource
String #19: mimeType
String #20: scheme
String #21: minSdkVersion
String #22: versionCode
String #23: versionName
String #24: windowSoftInputMode
String #25: noHistory
String #26: targetSdkVersion
String #27: allowBackup
String #28: supportsRtl
String #29: extractNativeLibs
String #30: fullBackupContent
String #31: usesCleartextTraffic
String #32: directBootAware
String #33: roundIcon
String #34: compileSdkVersion
String #35: compileSdkVersionCodename
String #36: appComponentFactory
String #37: foregroundServiceType
String #38: dataExtractionRules
String #39: enableOnBackInvokedCallback
String #40: 
String #41: 1.0.0
String #42: 16
String #43: ALWAYS
String #44: action
String #45: activity
String #46: android
String #47: android.intent.action.BOOT_COMPLETED
String #48: android.intent.action.MAIN
String #49: android.intent.action.MY_PACKAGE_REPLACED
String #50: android.intent.action.OPEN_DOCUMENT_TREE
String #51: android.intent.action.QUICKBOOT_POWERON
String #52: android.intent.action.REBOOT
String #53: android.intent.action.SEND
String #54: android.intent.action.SEND_MULTIPLE
String #55: android.intent.action.VIEW
String #56: android.intent.category.BROWSABLE
String #57: android.intent.category.DEFAULT
String #58: android.intent.category.LAUNCHER
String #59: android.permission.ACCESS_NETWORK_STATE
String #60: android.permission.ACCESS_WIFI_STATE
String #61: android.permission.BIND_JOB_SERVICE
String #62: android.permission.DUMP
String #63: android.permission.FOREGROUND_SERVICE
String #64: android.permission.FOREGROUND_SERVICE_MEDIA_PLAYBACK
String #65: android.permission.INTERNET
String #66: android.permission.MODIFY_AUDIO_SETTINGS
String #67: android.permission.POST_NOTIFICATIONS
String #68: android.permission.READ_APP_BADGE
String #69: android.permission.READ_EXTERNAL_STORAGE
String #70: android.permission.RECEIVE_BOOT_COMPLETED
String #71: android.permission.RECORD_AUDIO
String #72: android.permission.SYSTEM_ALERT_WINDOW
String #73: android.permission.USE_BIOMETRIC
String #74: android.permission.USE_FINGERPRINT
String #75: android.permission.VIBRATE
String #76: android.permission.WAKE_LOCK
String #77: android.permission.WRITE_EXTERNAL_STORAGE
String #78: android.support.FILE_PROVIDER_PATHS
String #79: androidx.compose.ui.tooling.PreviewActivity
String #80: androidx.core.app.CoreComponentFactory
String #81: androidx.emoji2.text.EmojiCompatInitializer
String #82: androidx.lifecycle.ProcessLifecycleInitializer
String #83: androidx.media3.session.MediaSessionService
String #84: androidx.profileinstaller.ProfileInstallReceiver
String #85: androidx.profileinstaller.ProfileInstallerInitializer
String #86: androidx.profileinstaller.action.BENCHMARK_OPERATION
String #87: androidx.profileinstaller.action.INSTALL_PROFILE
String #88: androidx.profileinstaller.action.SAVE_PROFILE
String #89: androidx.profileinstaller.action.SKIP_FILE
String #90: androidx.startup
String #91: androidx.startup.InitializationProvider
String #92: application
String #93: application/pdf
String #94: backend:com.google.android.datatransport.cct.CctBackendFactory
String #95: barcode_ui
String #96: category
String #97: cct
String #98: com.anddoes.launcher.permission.UPDATE_COUNT
String #99: com.facebook.soloader.enabled
String #100: com.google.android.c2dm.intent.RECEIVE
String #101: com.google.android.c2dm.permission.RECEIVE
String #102: com.google.android.c2dm.permission.SEND
String #103: com.google.android.datatransport.runtime.backends.TransportBackendDiscovery
String #104: com.google.android.datatransport.runtime.scheduling.jobscheduling.AlarmManagerSchedulerBroadcastReceiver
String #105: com.google.android.datatransport.runtime.scheduling.jobscheduling.JobInfoSchedulerService
String #106: com.google.android.finsky.permission.BIND_GET_INSTALL_REFERRER_SERVICE
String #107: com.google.android.gms.cloudmessaging.FINISHED_AFTER_HANDLED
String #108: com.google.android.gms.common.api.GoogleApiActivity
String #109: com.google.android.gms.version
String #110: com.google.firebase.MESSAGING_EVENT
String #111: com.google.firebase.components.ComponentDiscoveryService
String #112: com.google.firebase.components.ComponentRegistrar
String #113: com.google.firebase.components:com.google.firebase.FirebaseCommonKtxRegistrar
String #114: com.google.firebase.components:com.google.firebase.datatransport.TransportRegistrar
String #115: com.google.firebase.components:com.google.firebase.installations.FirebaseInstallationsKtxRegistrar
String #116: com.google.firebase.components:com.google.firebase.installations.FirebaseInstallationsRegistrar
String #117: com.google.firebase.components:com.google.firebase.ktx.FirebaseCommonLegacyRegistrar
String #118: com.google.firebase.components:com.google.firebase.messaging.FirebaseMessagingKtxRegistrar
String #119: com.google.firebase.components:com.google.firebase.messaging.FirebaseMessagingRegistrar
String #120: com.google.firebase.components:com.google.mlkit.common.internal.CommonComponentRegistrar
String #121: com.google.firebase.components:com.google.mlkit.vision.barcode.internal.BarcodeRegistrar
String #122: com.google.firebase.components:com.google.mlkit.vision.common.internal.VisionCommonRegistrar
String #123: com.google.firebase.iid.FirebaseInstanceIdReceiver
String #124: com.google.firebase.messaging.FirebaseMessagingService
String #125: com.google.firebase.messaging.default_notification_color
String #126: com.google.firebase.messaging.default_notification_icon
String #127: com.google.firebase.provider.FirebaseInitProvider
String #128: com.google.mlkit.common.internal.MlKitComponentDiscoveryService
String #129: com.google.mlkit.common.internal.MlKitInitProvider
String #130: com.google.mlkit.vision.DEPENDENCIES
String #131: com.google.mlkit.vision.codescanner.internal.GmsBarcodeScanningDelegateActivity
String #132: com.htc.intent.action.QUICKBOOT_POWERON
String #133: com.htc.launcher.permission.READ_SETTINGS
String #134: com.htc.launcher.permission.UPDATE_SHORTCUT
String #135: com.huawei.android.launcher.permission.CHANGE_BADGE
String #136: com.huawei.android.launcher.permission.READ_SETTINGS
String #137: com.huawei.android.launcher.permission.WRITE_SETTINGS
String #138: com.majeur.launcher.permission.UPDATE_BADGE
String #139: com.notesbrain.echo
String #140: com.notesbrain.echo.DYNAMIC_RECEIVER_NOT_EXPORTED_PERMISSION
String #141: com.notesbrain.echo.FileSystemFileProvider
String #142: com.notesbrain.echo.MainActivity
String #143: com.notesbrain.echo.MainApplication
String #144: com.notesbrain.echo.androidx-startup
String #145: com.notesbrain.echo.firebaseinitprovider
String #146: com.notesbrain.echo.mlkitinitprovider
String #147: com.oppo.launcher.permission.READ_SETTINGS
String #148: com.oppo.launcher.permission.WRITE_SETTINGS
String #149: com.sec.android.provider.badge.permission.READ
String #150: com.sec.android.provider.badge.permission.WRITE
String #151: com.sonyericsson.home.permission.BROADCAST_BADGE
String #152: com.sonymobile.home.permission.PROVIDER_INSERT_BADGE
String #153: data
String #154: echo
String #155: exp+echo
String #156: expo.modules.adapters.react.apploader.RNHeadlessAppLoader
String #157: expo.modules.audio.service.AudioControlsService
String #158: expo.modules.audio.service.AudioRecordingService
String #159: expo.modules.filesystem.FileSystemFileProvider
String #160: expo.modules.notifications.NOTIFICATION_EVENT
String #161: expo.modules.notifications.default_notification_color
String #162: expo.modules.notifications.default_notification_icon
String #163: expo.modules.notifications.service.ExpoFirebaseMessagingService
String #164: expo.modules.notifications.service.NotificationForwarderActivity
String #165: expo.modules.notifications.service.NotificationsService
String #166: expo.modules.updates.ENABLED
String #167: expo.modules.updates.EXPO_UPDATES_CHECK_ON_LAUNCH
String #168: expo.modules.updates.EXPO_UPDATES_LAUNCH_WAIT_MS
String #169: http://schemas.android.com/apk/res/android
String #170: https
String #171: image/*
String #172: intent
String #173: intent-filter
String #174: manifest
String #175: me.everything.badger.permission.BADGE_COUNT_READ
String #176: me.everything.badger.permission.BADGE_COUNT_WRITE
String #177: meta-data
String #178: org.unimodules.core.AppLoader#react-native-headless
String #179: package
String #180: permission
String #181: platformBuildVersionCode
String #182: platformBuildVersionName
String #183: provider
String #184: queries
String #185: receiver
String #186: service
String #187: text/*
String #188: uses-permission
String #189: uses-sdk

17:09:03.215 detox[53477] i "/Users/coding/Library/Android/sdk/build-tools/36.1.0/aapt" dump xmlstrings "/Users/coding/Projects/notes_brain/apps/mobile/android/app/build/outputs/apk/androidTest/release/app-release-androidTest.apk" AndroidManifest.xml
17:09:03.229 detox[53477] i String pool of 42 unique UTF-16 non-sorted strings, 42 entries and 0 styles using 2112 bytes:
String #0: theme
String #1: label
String #2: name
String #3: exported
String #4: priority
String #5: targetPackage
String #6: handleProfiling
String #7: functionalTest
String #8: minSdkVersion
String #9: targetSdkVersion
String #10: extractNativeLibs
String #11: compileSdkVersion
String #12: compileSdkVersionCodename
String #13: 16
String #14: Tests for com.notesbrain.echo
String #15: activity
String #16: android
String #17: android.intent.category.LAUNCHER
String #18: android.permission.REORDER_TASKS
String #19: android.test.runner
String #20: androidx.test.core.app.InstrumentationActivityInvoker$BootstrapActivity
String #21: androidx.test.core.app.InstrumentationActivityInvoker$EmptyActivity
String #22: androidx.test.core.app.InstrumentationActivityInvoker$EmptyFloatingActivity
String #23: androidx.test.orchestrator
String #24: androidx.test.runner.AndroidJUnitRunner
String #25: androidx.test.services
String #26: application
String #27: category
String #28: com.google.android.apps.common.testing.services
String #29: com.notesbrain.echo
String #30: com.notesbrain.echo.test
String #31: http://schemas.android.com/apk/res/android
String #32: instrumentation
String #33: intent-filter
String #34: manifest
String #35: package
String #36: platformBuildVersionCode
String #37: platformBuildVersionName
String #38: queries
String #39: uses-library
String #40: uses-permission
String #41: uses-sdk

17:09:03.229 detox[53477] i "/Users/coding/Library/Android/sdk/platform-tools/adb" -s emulator-18696 shell "rm -fr /data/local/tmp/detox"
17:09:03.268 detox[53477] i 
17:09:03.268 detox[53477] i "/Users/coding/Library/Android/sdk/platform-tools/adb" -s emulator-18696 shell "mkdir -p /data/local/tmp/detox"
17:09:03.319 detox[53477] i 
17:09:03.319 detox[53477] i "/Users/coding/Library/Android/sdk/platform-tools/adb" -s emulator-18696 push "/Users/coding/Projects/notes_brain/apps/mobile/android/app/build/outputs/apk/release/app-release.apk" "/data/local/tmp/detox/Application.apk"
17:09:03.534 detox[53477] i /Users/coding/Projects/notes_brain/apps/mobile/android/app/build/outputs/apk/release/app-release.apk: 1 file pushed, 0 skipped. 406.6 MB/s (66766233 bytes in 0.157s)

17:09:03.534 detox[53477] i "/Users/coding/Library/Android/sdk/platform-tools/adb" -s emulator-18696 shell "getprop ro.build.version.sdk"
17:09:03.561 detox[53477] i 36

17:09:03.562 detox[53477] i /Users/coding/Library/Android/sdk/platform-tools/adb -s emulator-18696 shell pm install -r -g -t /data/local/tmp/detox/Application.apk
17:09:04.707 detox[53477] i Success

17:09:04.708 detox[53477] i /Users/coding/Library/Android/sdk/platform-tools/adb -s emulator-18696 shell pm install -r -g -t /data/local/tmp/detox/Application.apk exited with code #0
17:09:04.709 detox[53477] i "/Users/coding/Library/Android/sdk/platform-tools/adb" -s emulator-18696 push "/Users/coding/Projects/notes_brain/apps/mobile/android/app/build/outputs/apk/androidTest/release/app-release-androidTest.apk" "/data/local/tmp/detox/Test.apk"
17:09:04.762 detox[53477] i /Users/coding/Projects/notes_brain/apps/mobile/android/app/build/outputs/apk/androidTest/release/app-release-androidTest.apk: 1 file pushed, 0 skipped. 280.5 MB/s (3215302 bytes in 0.011s)

17:09:04.762 detox[53477] i /Users/coding/Library/Android/sdk/platform-tools/adb -s emulator-18696 shell pm install -r -g -t /data/local/tmp/detox/Test.apk
17:09:05.288 detox[53477] i Success

17:09:05.290 detox[53477] i /Users/coding/Library/Android/sdk/platform-tools/adb -s emulator-18696 shell pm install -r -g -t /data/local/tmp/detox/Test.apk exited with code #0
17:09:05.290 detox[53477] E installApp
17:09:05.290 detox[53477] B selectApp
  args: ("default")
17:09:05.290 detox[53477] B terminateApp
  args: ()
17:09:05.290 detox[53477] B onBeforeTerminateApp
  args: ({"deviceId":"emulator-18696","bundleId":"com.notesbrain.echo"})
17:09:05.290 detox[53477] E onBeforeTerminateApp
17:09:05.290 detox[53477] i "/Users/coding/Library/Android/sdk/platform-tools/adb" -s emulator-18696 shell "am force-stop com.notesbrain.echo"
17:09:05.411 detox[53477] i 
17:09:05.411 detox[53477] B onTerminateApp
  args: ({"deviceId":"emulator-18696","bundleId":"com.notesbrain.echo"})
17:09:05.411 detox[53477] E onTerminateApp
17:09:05.411 detox[53477] E terminateApp
17:09:05.411 detox[53477] E selectApp
17:09:05.411 detox[53477] E set up environment
17:09:05.564 detox[53477] i auth-and-tabs.e2e.js is assigned to emulator-18696 (Pixel_9)
17:09:05.565 detox[53477] B run the tests
17:09:05.565 detox[53477] B onRunDescribeStart
  args: ({"name":"ROOT_DESCRIBE_BLOCK"})
17:09:05.565 detox[53477] E onRunDescribeStart
17:09:05.565 detox[53477] B mobile e2e: auth and tab navigation
17:09:05.565 detox[53477] B onRunDescribeStart
  args: ({"name":"mobile e2e: auth and tab navigation"})
17:09:05.565 detox[53477] E onRunDescribeStart
17:09:05.565 detox[53477] B beforeAll
17:09:05.702 detox[53477] E beforeAll
17:09:05.703 detox[53477] B signs in with email/password and opens each primary tab
17:09:05.703 detox[53477] i mobile e2e: auth and tab navigation: signs in with email/password and opens each primary tab
17:09:05.704 detox[53477] B onTestStart
  args: ({"title":"signs in with email/password and opens each primary tab","fullName":"mobile e2e: auth and tab navigation signs in with email/password and opens each primary tab","status":"running","invocations":1})
17:09:05.704 detox[53477] i starting ADBLogcatRecording
17:09:05.705 detox[53477] i /Users/coding/Library/Android/sdk/platform-tools/adb -s emulator-18696 shell "logcat -f /sdcard/1792268_0.log"
17:09:05.705 detox[53477] i starting ADBScreencapRecording
17:09:05.705 detox[53477] i "/Users/coding/Library/Android/sdk/platform-tools/adb" -s emulator-18696 shell "screencap /sdcard/1792268_1.png"
17:09:06.008 detox[53477] i "/Users/coding/Library/Android/sdk/platform-tools/adb" -s emulator-18696 shell du /sdcard/1792268_0.log
17:09:06.033 detox[53477] i 4	/sdcard/1792268_0.log

17:09:06.489 detox[53477] i 
17:09:06.490 detox[53477] i stopping ADBScreencapRecording
17:09:06.490 detox[53477] E onTestStart
17:09:06.490 detox[53477] B beforeEach
17:09:06.490 detox[53477] E beforeEach
17:09:06.490 detox[53477] B beforeEach
17:09:06.503 detox[53477] B launchApp
  args: ({"newInstance":true,"delete":true})
17:09:06.503 detox[53477] B terminateApp
  args: ("com.notesbrain.echo")
17:09:06.503 detox[53477] B onBeforeTerminateApp
  args: ({"deviceId":"emulator-18696","bundleId":"com.notesbrain.echo"})
17:09:06.503 detox[53477] E onBeforeTerminateApp
17:09:06.503 detox[53477] i "/Users/coding/Library/Android/sdk/platform-tools/adb" -s emulator-18696 shell "am force-stop com.notesbrain.echo"
17:09:06.531 detox[53477] i 
17:09:06.531 detox[53477] B onTerminateApp
  args: ({"deviceId":"emulator-18696","bundleId":"com.notesbrain.echo"})
17:09:06.531 detox[53477] E onTerminateApp
17:09:06.531 detox[53477] E terminateApp
17:09:06.532 detox[53477] B uninstallApp
  args: ()
17:09:06.532 detox[53477] B onBeforeUninstallApp
  args: ({"deviceId":"emulator-18696","bundleId":"com.notesbrain.echo"})
17:09:06.532 detox[53477] E onBeforeUninstallApp
17:09:06.532 detox[53477] i "/Users/coding/Library/Android/sdk/platform-tools/adb" -s emulator-18696 shell "pm list packages com.notesbrain.echo"
17:09:06.562 detox[53477] i package:com.notesbrain.echo.test
package:com.notesbrain.echo

17:09:06.563 detox[53477] i "/Users/coding/Library/Android/sdk/platform-tools/adb" -s emulator-18696 uninstall com.notesbrain.echo
17:09:06.614 detox[53477] i Success

17:09:06.614 detox[53477] i "/Users/coding/Library/Android/sdk/platform-tools/adb" -s emulator-18696 shell "pm list packages com.notesbrain.echo.test"
17:09:06.694 detox[53477] i package:com.notesbrain.echo.test

17:09:06.694 detox[53477] i "/Users/coding/Library/Android/sdk/platform-tools/adb" -s emulator-18696 uninstall com.notesbrain.echo.test
17:09:06.826 detox[53477] i Success

17:09:06.826 detox[53477] E uninstallApp
17:09:06.827 detox[53477] B installApp
  args: ()
17:09:06.827 detox[53477] i "/Users/coding/Library/Android/sdk/build-tools/36.1.0/aapt" dump xmlstrings "/Users/coding/Projects/notes_brain/apps/mobile/android/app/build/outputs/apk/release/app-release.apk" AndroidManifest.xml
17:09:06.840 detox[53477] i String pool of 190 unique UTF-16 non-sorted strings, 190 entries and 0 styles using 14400 bytes:
String #0: theme
String #1: label
String #2: icon
String #3: name
String #4: permission
String #5: protectionLevel
String #6: enabled
String #7: exported
String #8: taskAffinity
String #9: excludeFromRecents
String #10: authorities
String #11: initOrder
String #12: grantUriPermissions
String #13: priority
String #14: launchMode
String #15: screenOrientation
String #16: configChanges
String #17: value
String #18: resource
String #19: mimeType
String #20: scheme
String #21: minSdkVersion
String #22: versionCode
String #23: versionName
String #24: windowSoftInputMode
String #25: noHistory
String #26: targetSdkVersion
String #27: allowBackup
String #28: supportsRtl
String #29: extractNativeLibs
String #30: fullBackupContent
String #31: usesCleartextTraffic
String #32: directBootAware
String #33: roundIcon
String #34: compileSdkVersion
String #35: compileSdkVersionCodename
String #36: appComponentFactory
String #37: foregroundServiceType
String #38: dataExtractionRules
String #39: enableOnBackInvokedCallback
String #40: 
String #41: 1.0.0
String #42: 16
String #43: ALWAYS
String #44: action
String #45: activity
String #46: android
String #47: android.intent.action.BOOT_COMPLETED
String #48: android.intent.action.MAIN
String #49: android.intent.action.MY_PACKAGE_REPLACED
String #50: android.intent.action.OPEN_DOCUMENT_TREE
String #51: android.intent.action.QUICKBOOT_POWERON
String #52: android.intent.action.REBOOT
String #53: android.intent.action.SEND
String #54: android.intent.action.SEND_MULTIPLE
String #55: android.intent.action.VIEW
String #56: android.intent.category.BROWSABLE
String #57: android.intent.category.DEFAULT
String #58: android.intent.category.LAUNCHER
String #59: android.permission.ACCESS_NETWORK_STATE
String #60: android.permission.ACCESS_WIFI_STATE
String #61: android.permission.BIND_JOB_SERVICE
String #62: android.permission.DUMP
String #63: android.permission.FOREGROUND_SERVICE
String #64: android.permission.FOREGROUND_SERVICE_MEDIA_PLAYBACK
String #65: android.permission.INTERNET
String #66: android.permission.MODIFY_AUDIO_SETTINGS
String #67: android.permission.POST_NOTIFICATIONS
String #68: android.permission.READ_APP_BADGE
String #69: android.permission.READ_EXTERNAL_STORAGE
String #70: android.permission.RECEIVE_BOOT_COMPLETED
String #71: android.permission.RECORD_AUDIO
String #72: android.permission.SYSTEM_ALERT_WINDOW
String #73: android.permission.USE_BIOMETRIC
String #74: android.permission.USE_FINGERPRINT
String #75: android.permission.VIBRATE
String #76: android.permission.WAKE_LOCK
String #77: android.permission.WRITE_EXTERNAL_STORAGE
String #78: android.support.FILE_PROVIDER_PATHS
String #79: androidx.compose.ui.tooling.PreviewActivity
String #80: androidx.core.app.CoreComponentFactory
String #81: androidx.emoji2.text.EmojiCompatInitializer
String #82: androidx.lifecycle.ProcessLifecycleInitializer
String #83: androidx.media3.session.MediaSessionService
String #84: androidx.profileinstaller.ProfileInstallReceiver
String #85: androidx.profileinstaller.ProfileInstallerInitializer
String #86: androidx.profileinstaller.action.BENCHMARK_OPERATION
String #87: androidx.profileinstaller.action.INSTALL_PROFILE
String #88: androidx.profileinstaller.action.SAVE_PROFILE
String #89: androidx.profileinstaller.action.SKIP_FILE
String #90: androidx.startup
String #91: androidx.startup.InitializationProvider
String #92: application
String #93: application/pdf
String #94: backend:com.google.android.datatransport.cct.CctBackendFactory
String #95: barcode_ui
String #96: category
String #97: cct
String #98: com.anddoes.launcher.permission.UPDATE_COUNT
String #99: com.facebook.soloader.enabled
String #100: com.google.android.c2dm.intent.RECEIVE
String #101: com.google.android.c2dm.permission.RECEIVE
String #102: com.google.android.c2dm.permission.SEND
String #103: com.google.android.datatransport.runtime.backends.TransportBackendDiscovery
String #104: com.google.android.datatransport.runtime.scheduling.jobscheduling.AlarmManagerSchedulerBroadcastReceiver
String #105: com.google.android.datatransport.runtime.scheduling.jobscheduling.JobInfoSchedulerService
String #106: com.google.android.finsky.permission.BIND_GET_INSTALL_REFERRER_SERVICE
String #107: com.google.android.gms.cloudmessaging.FINISHED_AFTER_HANDLED
String #108: com.google.android.gms.common.api.GoogleApiActivity
String #109: com.google.android.gms.version
String #110: com.google.firebase.MESSAGING_EVENT
String #111: com.google.firebase.components.ComponentDiscoveryService
String #112: com.google.firebase.components.ComponentRegistrar
String #113: com.google.firebase.components:com.google.firebase.FirebaseCommonKtxRegistrar
String #114: com.google.firebase.components:com.google.firebase.datatransport.TransportRegistrar
String #115: com.google.firebase.components:com.google.firebase.installations.FirebaseInstallationsKtxRegistrar
String #116: com.google.firebase.components:com.google.firebase.installations.FirebaseInstallationsRegistrar
String #117: com.google.firebase.components:com.google.firebase.ktx.FirebaseCommonLegacyRegistrar
String #118: com.google.firebase.components:com.google.firebase.messaging.FirebaseMessagingKtxRegistrar
String #119: com.google.firebase.components:com.google.firebase.messaging.FirebaseMessagingRegistrar
String #120: com.google.firebase.components:com.google.mlkit.common.internal.CommonComponentRegistrar
String #121: com.google.firebase.components:com.google.mlkit.vision.barcode.internal.BarcodeRegistrar
String #122: com.google.firebase.components:com.google.mlkit.vision.common.internal.VisionCommonRegistrar
String #123: com.google.firebase.iid.FirebaseInstanceIdReceiver
String #124: com.google.firebase.messaging.FirebaseMessagingService
String #125: com.google.firebase.messaging.default_notification_color
String #126: com.google.firebase.messaging.default_notification_icon
String #127: com.google.firebase.provider.FirebaseInitProvider
String #128: com.google.mlkit.common.internal.MlKitComponentDiscoveryService
String #129: com.google.mlkit.common.internal.MlKitInitProvider
String #130: com.google.mlkit.vision.DEPENDENCIES
String #131: com.google.mlkit.vision.codescanner.internal.GmsBarcodeScanningDelegateActivity
String #132: com.htc.intent.action.QUICKBOOT_POWERON
String #133: com.htc.launcher.permission.READ_SETTINGS
String #134: com.htc.launcher.permission.UPDATE_SHORTCUT
String #135: com.huawei.android.launcher.permission.CHANGE_BADGE
String #136: com.huawei.android.launcher.permission.READ_SETTINGS
String #137: com.huawei.android.launcher.permission.WRITE_SETTINGS
String #138: com.majeur.launcher.permission.UPDATE_BADGE
String #139: com.notesbrain.echo
String #140: com.notesbrain.echo.DYNAMIC_RECEIVER_NOT_EXPORTED_PERMISSION
String #141: com.notesbrain.echo.FileSystemFileProvider
String #142: com.notesbrain.echo.MainActivity
String #143: com.notesbrain.echo.MainApplication
String #144: com.notesbrain.echo.androidx-startup
String #145: com.notesbrain.echo.firebaseinitprovider
String #146: com.notesbrain.echo.mlkitinitprovider
String #147: com.oppo.launcher.permission.READ_SETTINGS
String #148: com.oppo.launcher.permission.WRITE_SETTINGS
String #149: com.sec.android.provider.badge.permission.READ
String #150: com.sec.android.provider.badge.permission.WRITE
String #151: com.sonyericsson.home.permission.BROADCAST_BADGE
String #152: com.sonymobile.home.permission.PROVIDER_INSERT_BADGE
String #153: data
String #154: echo
String #155: exp+echo
String #156: expo.modules.adapters.react.apploader.RNHeadlessAppLoader
String #157: expo.modules.audio.service.AudioControlsService
String #158: expo.modules.audio.service.AudioRecordingService
String #159: expo.modules.filesystem.FileSystemFileProvider
String #160: expo.modules.notifications.NOTIFICATION_EVENT
String #161: expo.modules.notifications.default_notification_color
String #162: expo.modules.notifications.default_notification_icon
String #163: expo.modules.notifications.service.ExpoFirebaseMessagingService
String #164: expo.modules.notifications.service.NotificationForwarderActivity
String #165: expo.modules.notifications.service.NotificationsService
String #166: expo.modules.updates.ENABLED
String #167: expo.modules.updates.EXPO_UPDATES_CHECK_ON_LAUNCH
String #168: expo.modules.updates.EXPO_UPDATES_LAUNCH_WAIT_MS
String #169: http://schemas.android.com/apk/res/android
String #170: https
String #171: image/*
String #172: intent
String #173: intent-filter
String #174: manifest
String #175: me.everything.badger.permission.BADGE_COUNT_READ
String #176: me.everything.badger.permission.BADGE_COUNT_WRITE
String #177: meta-data
String #178: org.unimodules.core.AppLoader#react-native-headless
String #179: package
String #180: permission
String #181: platformBuildVersionCode
String #182: platformBuildVersionName
String #183: provider
String #184: queries
String #185: receiver
String #186: service
String #187: text/*
String #188: uses-permission
String #189: uses-sdk

17:09:06.840 detox[53477] i "/Users/coding/Library/Android/sdk/build-tools/36.1.0/aapt" dump xmlstrings "/Users/coding/Projects/notes_brain/apps/mobile/android/app/build/outputs/apk/androidTest/release/app-release-androidTest.apk" AndroidManifest.xml
17:09:06.852 detox[53477] i String pool of 42 unique UTF-16 non-sorted strings, 42 entries and 0 styles using 2112 bytes:
String #0: theme
String #1: label
String #2: name
String #3: exported
String #4: priority
String #5: targetPackage
String #6: handleProfiling
String #7: functionalTest
String #8: minSdkVersion
String #9: targetSdkVersion
String #10: extractNativeLibs
String #11: compileSdkVersion
String #12: compileSdkVersionCodename
String #13: 16
String #14: Tests for com.notesbrain.echo
String #15: activity
String #16: android
String #17: android.intent.category.LAUNCHER
String #18: android.permission.REORDER_TASKS
String #19: android.test.runner
String #20: androidx.test.core.app.InstrumentationActivityInvoker$BootstrapActivity
String #21: androidx.test.core.app.InstrumentationActivityInvoker$EmptyActivity
String #22: androidx.test.core.app.InstrumentationActivityInvoker$EmptyFloatingActivity
String #23: androidx.test.orchestrator
String #24: androidx.test.runner.AndroidJUnitRunner
String #25: androidx.test.services
String #26: application
String #27: category
String #28: com.google.android.apps.common.testing.services
String #29: com.notesbrain.echo
String #30: com.notesbrain.echo.test
String #31: http://schemas.android.com/apk/res/android
String #32: instrumentation
String #33: intent-filter
String #34: manifest
String #35: package
String #36: platformBuildVersionCode
String #37: platformBuildVersionName
String #38: queries
String #39: uses-library
String #40: uses-permission
String #41: uses-sdk

17:09:06.852 detox[53477] i "/Users/coding/Library/Android/sdk/platform-tools/adb" -s emulator-18696 shell "rm -fr /data/local/tmp/detox"
17:09:06.886 detox[53477] i 
17:09:06.886 detox[53477] i "/Users/coding/Library/Android/sdk/platform-tools/adb" -s emulator-18696 shell "mkdir -p /data/local/tmp/detox"
17:09:06.912 detox[53477] i 
17:09:06.912 detox[53477] i "/Users/coding/Library/Android/sdk/platform-tools/adb" -s emulator-18696 push "/Users/coding/Projects/notes_brain/apps/mobile/android/app/build/outputs/apk/release/app-release.apk" "/data/local/tmp/detox/Application.apk"
17:09:07.098 detox[53477] i /Users/coding/Projects/notes_brain/apps/mobile/android/app/build/outputs/apk/release/app-release.apk: 1 file pushed, 0 skipped. 451.6 MB/s (66766233 bytes in 0.141s)

17:09:07.099 detox[53477] i /Users/coding/Library/Android/sdk/platform-tools/adb -s emulator-18696 shell pm install -r -g -t /data/local/tmp/detox/Application.apk
17:09:08.131 detox[53477] i Success

17:09:08.139 detox[53477] i /Users/coding/Library/Android/sdk/platform-tools/adb -s emulator-18696 shell pm install -r -g -t /data/local/tmp/detox/Application.apk exited with code #0
17:09:08.139 detox[53477] i "/Users/coding/Library/Android/sdk/platform-tools/adb" -s emulator-18696 push "/Users/coding/Projects/notes_brain/apps/mobile/android/app/build/outputs/apk/androidTest/release/app-release-androidTest.apk" "/data/local/tmp/detox/Test.apk"
17:09:08.180 detox[53477] i /Users/coding/Projects/notes_brain/apps/mobile/android/app/build/outputs/apk/androidTest/release/app-release-androidTest.apk: 1 file pushed, 0 skipped. 309.5 MB/s (3215302 bytes in 0.010s)

17:09:08.181 detox[53477] i /Users/coding/Library/Android/sdk/platform-tools/adb -s emulator-18696 shell pm install -r -g -t /data/local/tmp/detox/Test.apk
17:09:08.561 detox[53477] i Success

17:09:08.564 detox[53477] i /Users/coding/Library/Android/sdk/platform-tools/adb -s emulator-18696 shell pm install -r -g -t /data/local/tmp/detox/Test.apk exited with code #0
17:09:08.564 detox[53477] E installApp
17:09:08.565 detox[53477] B onBeforeLaunchApp
  args: ({"deviceId":"emulator-18696","bundleId":"com.notesbrain.echo","launchArgs":{"detoxServer":"ws://localhost:64469","detoxSessionId":"8eb5871b-311b-f2ff-230a-c3d62693310e"}})
17:09:08.565 detox[53477] i "/Users/coding/Library/Android/sdk/platform-tools/adb" -s emulator-18696 shell "date +\"%m-%d %T.000\""
17:09:08.601 detox[53477] i 03-08 17:09:05.000

17:09:08.601 detox[53477] E onBeforeLaunchApp
17:09:08.601 detox[53477] i "/Users/coding/Library/Android/sdk/platform-tools/adb" -s emulator-18696 reverse tcp:64469 tcp:64469
17:09:08.619 detox[53477] i 64469

17:09:08.620 detox[53477] i "/Users/coding/Library/Android/sdk/platform-tools/adb" -s emulator-18696 shell "pm list instrumentation"
17:09:08.657 detox[53477] i instrumentation:com.notesbrain.echo.test/androidx.test.runner.AndroidJUnitRunner (target=com.notesbrain.echo)

17:09:08.658 detox[53477] i /Users/coding/Library/Android/sdk/platform-tools/adb -s emulator-18696 shell am instrument -w -r -e detoxServer ws://localhost:64469 -e detoxSessionId 8eb5871b-311b-f2ff-230a-c3d62693310e -e debug false com.notesbrain.echo.test/androidx.test.runner.AndroidJUnitRunner
17:09:09.150 detox[53477] i INSTRUMENTATION_STATUS: class=com.notesbrain.echo.DetoxTest
INSTRUMENTATION_STATUS: current=1
INSTRUMENTATION_STATUS: id=AndroidJUnitRunner
INSTRUMENTATION_STATUS: numtests=1
INSTRUMENTATION_STATUS: stream=
com.notesbrain.echo.DetoxTest:
INSTRUMENTATION_STATUS: test=runDetoxTests
INSTRUMENTATION_STATUS_CODE: 1

17:09:09.159 detox[53477] i "/Users/coding/Library/Android/sdk/platform-tools/adb" -s emulator-18696 shell "ps | grep \"com\.notesbrain\.echo$\""
17:09:09.160 detox[53476] B connection :64469<->:64600
17:09:09.162 detox[53476] i get
  data: {"messageId":0,"type":"login","params":{"role":"app","sessionId":"8eb5871b-311b-f2ff-230a-c3d62693310e"}}
17:09:09.162 detox[53476] i send
  data: {
    "messageId": 0,
    "type": "loginSuccess",
    "params": {
      "testerConnected": true,
      "appConnected": true
    }
  }
17:09:09.162 detox[53476] i app joined session 8eb5871b-311b-f2ff-230a-c3d62693310e
17:09:09.162 detox[53476] i send
  data: {
    "type": "appConnected"
  }
17:09:09.162 detox[53477] i get message
  data: {"type":"appConnected"}
   
17:09:09.205 detox[53477] i u0_a294      28086   452   17149976 131876 0                   0 R com.notesbrain.echo

17:09:09.205 detox[53477] B onLaunchApp
  args: ({"deviceId":"emulator-18696","bundleId":"com.notesbrain.echo","launchArgs":{"detoxServer":"ws://localhost:64469","detoxSessionId":"8eb5871b-311b-f2ff-230a-c3d62693310e"},"pid":28086})
17:09:09.205 detox[53477] i starting ADBLogcatRecording
17:09:09.205 detox[53477] i stopping ADBLogcatRecording
17:09:09.205 detox[53477] i "/Users/coding/Library/Android/sdk/platform-tools/adb" -s emulator-18696 shell "date +\"%m-%d %T.000\""
17:09:09.242 detox[53477] i 03-08 17:09:06.000

17:09:09.243 detox[53477] i sending SIGINT to: /Users/coding/Library/Android/sdk/platform-tools/adb -s emulator-18696 shell logcat -f /sdcard/1792268_0.log
17:09:09.244 detox[53477] i /Users/coding/Library/Android/sdk/platform-tools/adb -s emulator-18696 shell "logcat -f /sdcard/1792268_0.log" terminated with SIGINT
17:09:09.245 detox[53477] i /Users/coding/Library/Android/sdk/platform-tools/adb -s emulator-18696 shell "logcat -T \"03-08 17:09:06.000\" --pid=28086 -f /sdcard/1792268_0.log"
17:09:09.245 detox[53477] E onLaunchApp
17:09:09.246 detox[53476] i get
  data: {"type":"isReady","params":{},"messageId":-1000}
17:09:09.246 detox[53476] i send
  data: {
    "type": "isReady",
    "params": {},
    "messageId": -1000
  }
17:09:09.246 detox[53477] i send message
  data: {"type":"isReady","params":{},"messageId":-1000}
17:09:09.547 detox[53477] i "/Users/coding/Library/Android/sdk/platform-tools/adb" -s emulator-18696 shell du /sdcard/1792268_0.log
17:09:09.575 detox[53477] i 21168	/sdcard/1792268_0.log

17:09:14.448 detox[53476] i get
  data: {"messageId":-1000,"type":"ready","params":{}}
17:09:14.448 detox[53476] i send
  data: {
    "messageId": -1000,
    "type": "ready",
    "params": {}
  }
17:09:14.449 detox[53477] i get message
  data: {"messageId":-1000,"type":"ready","params":{}}
   
17:09:14.449 detox[53477] B onAppReady
  args: ({"deviceId":"emulator-18696","bundleId":"com.notesbrain.echo","pid":28086})
17:09:14.449 detox[53477] E onAppReady
17:09:14.449 detox[53477] E launchApp
17:09:14.449 detox[53477] B sendToHome
  args: ()
17:09:14.450 detox[53476] i get
  data: {"type":"invoke","params":{"target":{"type":"Invocation","value":{"target":{"type":"Class","value":"com.wix.detox.uiautomator.UiAutomator"},"method":"uiDevice","args":[]}},"method":"pressHome","args":[]},"messageId":1}
17:09:14.450 detox[53476] i send
  data: {
    "type": "invoke",
    "params": {
      "target": {
        "type": "Invocation",
        "value": {
          "target": {
            "type": "Class",
            "value": "com.wix.detox.uiautomator.UiAutomator"
          },
          "method": "uiDevice",
          "args": []
        }
      },
      "method": "pressHome",
      "args": []
    },
    "messageId": 1
  }
17:09:14.450 detox[53477] i send message
  data: {"type":"invoke","params":{"target":{"type":"Invocation","value":{"target":{"type":"Class","value":"com.wix.detox.uiautomator.UiAutomator"},"method":"uiDevice","args":[]}},"method":"pressHome","args":[]},"messageId":1}
17:09:15.025 detox[53476] i get
  data: {"messageId":1,"type":"invokeResult","params":{"result":true}}
17:09:15.025 detox[53476] i send
  data: {
    "messageId": 1,
    "type": "invokeResult",
    "params": {
      "result": true
    }
  }
17:09:15.026 detox[53477] i get message
  data: {"messageId":1,"type":"invokeResult","params":{"result":true}}
   
17:09:15.026 detox[53477] E sendToHome
17:09:15.026 detox[53477] B launchApp
  args: ({"newInstance":false})
17:09:15.026 detox[53477] B onBeforeLaunchApp
  args: ({"deviceId":"emulator-18696","bundleId":"com.notesbrain.echo","launchArgs":{"detoxServer":"ws://localhost:64469","detoxSessionId":"8eb5871b-311b-f2ff-230a-c3d62693310e"}})
17:09:15.026 detox[53477] i "/Users/coding/Library/Android/sdk/platform-tools/adb" -s emulator-18696 shell "date +\"%m-%d %T.000\""
17:09:15.055 detox[53477] i 03-08 17:09:12.000

17:09:15.055 detox[53477] E onBeforeLaunchApp
17:09:15.055 detox[53477] i send message
  data: {"type":"invoke","params":{"target":{"type":"Class","value":"com.wix.detox.Detox"},"method":"launchMainActivity","args":[]},"messageId":2}
17:09:15.056 detox[53476] i get
  data: {"type":"invoke","params":{"target":{"type":"Class","value":"com.wix.detox.Detox"},"method":"launchMainActivity","args":[]},"messageId":2}
17:09:15.056 detox[53476] i send
  data: {
    "type": "invoke",
    "params": {
      "target": {
        "type": "Class",
        "value": "com.wix.detox.Detox"
      },
      "method": "launchMainActivity",
      "args": []
    },
    "messageId": 2
  }
17:09:15.092 detox[53476] i get
  data: {"messageId":2,"type":"invokeResult","params":{"result":null}}
17:09:15.092 detox[53476] i send
  data: {
    "messageId": 2,
    "type": "invokeResult",
    "params": {
      "result": null
    }
  }
17:09:15.092 detox[53477] i get message
  data: {"messageId":2,"type":"invokeResult","params":{"result":null}}
   
17:09:15.093 detox[53477] i "/Users/coding/Library/Android/sdk/platform-tools/adb" -s emulator-18696 shell "ps | grep \"com\.notesbrain\.echo$\""
17:09:15.131 detox[53477] i u0_a294      28086   452   20489784 216176 0                   0 S com.notesbrain.echo

17:09:15.131 detox[53477] B onLaunchApp
  args: ({"deviceId":"emulator-18696","bundleId":"com.notesbrain.echo","launchArgs":{"detoxServer":"ws://localhost:64469","detoxSessionId":"8eb5871b-311b-f2ff-230a-c3d62693310e"},"pid":28086})
17:09:15.131 detox[53477] i starting ADBLogcatRecording
17:09:15.131 detox[53477] i stopping ADBLogcatRecording
17:09:15.131 detox[53477] i "/Users/coding/Library/Android/sdk/platform-tools/adb" -s emulator-18696 shell "date +\"%m-%d %T.000\""
17:09:15.162 detox[53477] i 03-08 17:09:12.000

17:09:15.163 detox[53477] i sending SIGINT to: /Users/coding/Library/Android/sdk/platform-tools/adb -s emulator-18696 shell logcat -T "03-08 17:09:06.000" --pid=28086 -f /sdcard/1792268_0.log
17:09:15.164 detox[53477] i /Users/coding/Library/Android/sdk/platform-tools/adb -s emulator-18696 shell "logcat -T \"03-08 17:09:06.000\" --pid=28086 -f /sdcard/1792268_0.log" terminated with SIGINT
17:09:15.165 detox[53477] i /Users/coding/Library/Android/sdk/platform-tools/adb -s emulator-18696 shell "logcat -T \"03-08 17:09:12.000\" --pid=28086 -f /sdcard/1792268_0.log"
17:09:15.165 detox[53477] E onLaunchApp
17:09:15.165 detox[53477] B onAppReady
  args: ({"deviceId":"emulator-18696","bundleId":"com.notesbrain.echo","pid":28086})
17:09:15.165 detox[53477] E onAppReady
17:09:15.165 detox[53477] E launchApp
17:09:15.165 detox[53477] E beforeEach
17:09:15.165 detox[53477] B test_fn
17:09:15.166 detox[53476] i get
  data: {"type":"invoke","params":{"target":{"type":"Class","value":"com.wix.detox.espresso.DetoxAssertion"},"method":"waitForAssertMatcher","args":[{"type":"Invocation","value":{"target":{"type":"Class","value":"androidx.test.espresso.Espresso"},"method":"onView","args":[{"type":"Invocation","value":{"target":{"type":"Class","value":"com.wix.detox.espresso.DetoxMatcher"},"method":"matcherForTestId","args":["login-email-input",{"type":"boolean","value":false}]}}]}},{"type":"Invocation","value":{"target":{"type":"Class","value":"com.wix.detox.espresso.DetoxMatcher"},"method":"matcherForSufficientlyVisible","args":[{"type":"Integer","value":75}]}},{"type":"Double","value":15}]},"messageId":3}
17:09:15.166 detox[53477] i send message
  data: {"type":"invoke","params":{"target":{"type":"Class","value":"com.wix.detox.espresso.DetoxAssertion"},"method":"waitForAssertMatcher","args":[{"type":"Invocation","value":{"target":{"type":"Class","value":"androidx.test.espresso.Espresso"},"method":"onView","args":[{"type":"Invocation","value":{"target":{"type":"Class","value":"com.wix.detox.espresso.DetoxMatcher"},"method":"matcherForTestId","args":["login-email-input",{"type":"boolean","value":false}]}}]}},{"type":"Invocation","value":{"target":{"type":"Class","value":"com.wix.detox.espresso.DetoxMatcher"},"method":"matcherForSufficientlyVisible","args":[{"type":"Integer","value":75}]}},{"type":"Double","value":15}]},"messageId":3}
17:09:15.167 detox[53476] i send
  data: {
    "type": "invoke",
    "params": {
      "target": {
        "type": "Class",
        "value": "com.wix.detox.espresso.DetoxAssertion"
      },
      "method": "waitForAssertMatcher",
      "args": [
        {
          "type": "Invocation",
          "value": {
            "target": {
              "type": "Class",
              "value": "androidx.test.espresso.Espresso"
            },
            "method": "onView",
            "args": [
              {
                "type": "Invocation",
                "value": {
                  "target": {
                    "type": "Class",
                    "value": "com.wix.detox.espresso.DetoxMatcher"
                  },
                  "method": "matcherForTestId",
                  "args": [
                    "login-email-input",
                    {
                      "type": "boolean",
                      "value": false
                    }
                  ]
                }
              }
            ]
          }
        },
        {
          "type": "Invocation",
          "value": {
            "target": {
              "type": "Class",
              "value": "com.wix.detox.espresso.DetoxMatcher"
            },
            "method": "matcherForSufficientlyVisible",
            "args": [
              {
                "type": "Integer",
                "value": 75
              }
            ]
          }
        },
        {
          "type": "Double",
          "value": 15
        }
      ]
    },
    "messageId": 3
  }
17:09:15.167 detox[53477] B undefined with timeout (15000 ms)
  data: {
    "target": {
      "type": "Class",
      "value": "com.wix.detox.espresso.DetoxAssertion"
    },
    "method": "waitForAssertMatcher",
    "args": [
      {
        "type": "Invocation",
        "value": {
          "target": {
            "type": "Class",
            "value": "androidx.test.espresso.Espresso"
          },
          "method": "onView",
          "args": [
            {
              "type": "Invocation",
              "value": {
                "target": {
                  "type": "Class",
                  "value": "com.wix.detox.espresso.DetoxMatcher"
                },
                "method": "matcherForTestId",
                "args": [
                  "login-email-input",
                  {
                    "type": "boolean",
                    "value": false
                  }
                ]
              }
            }
          ]
        }
      },
      {
        "type": "Invocation",
        "value": {
          "target": {
            "type": "Class",
            "value": "com.wix.detox.espresso.DetoxMatcher"
          },
          "method": "matcherForSufficientlyVisible",
          "args": [
            {
              "type": "Integer",
              "value": 75
            }
          ]
        }
      },
      {
        "type": "Double",
        "value": 15
      }
    ]
  }
17:09:15.183 detox[53476] i get
  data: {"messageId":3,"type":"invokeResult","params":{"result":null}}
17:09:15.184 detox[53476] i send
  data: {
    "messageId": 3,
    "type": "invokeResult",
    "params": {
      "result": null
    }
  }
17:09:15.184 detox[53477] i get message
  data: {"messageId":3,"type":"invokeResult","params":{"result":null}}
   
17:09:15.184 detox[53477] E undefined with timeout (15000 ms)
17:09:15.184 detox[53477] i send message
  data: {"type":"invoke","params":{"target":{"type":"Class","value":"com.wix.detox.espresso.EspressoDetox"},"method":"perform","args":[{"type":"Invocation","value":{"target":{"type":"Class","value":"com.wix.detox.espresso.DetoxMatcher"},"method":"matcherForTestId","args":["login-email-input",{"type":"boolean","value":false}]}},{"type":"Invocation","value":{"target":{"type":"Class","value":"androidx.test.espresso.action.ViewActions"},"method":"replaceText","args":["notesbrain-e2e@example.com"]}}]},"messageId":4}
17:09:15.185 detox[53476] i get
  data: {"type":"invoke","params":{"target":{"type":"Class","value":"com.wix.detox.espresso.EspressoDetox"},"method":"perform","args":[{"type":"Invocation","value":{"target":{"type":"Class","value":"com.wix.detox.espresso.DetoxMatcher"},"method":"matcherForTestId","args":["login-email-input",{"type":"boolean","value":false}]}},{"type":"Invocation","value":{"target":{"type":"Class","value":"androidx.test.espresso.action.ViewActions"},"method":"replaceText","args":["notesbrain-e2e@example.com"]}}]},"messageId":4}
17:09:15.185 detox[53476] i send
  data: {
    "type": "invoke",
    "params": {
      "target": {
        "type": "Class",
        "value": "com.wix.detox.espresso.EspressoDetox"
      },
      "method": "perform",
      "args": [
        {
          "type": "Invocation",
          "value": {
            "target": {
              "type": "Class",
              "value": "com.wix.detox.espresso.DetoxMatcher"
            },
            "method": "matcherForTestId",
            "args": [
              "login-email-input",
              {
                "type": "boolean",
                "value": false
              }
            ]
          }
        },
        {
          "type": "Invocation",
          "value": {
            "target": {
              "type": "Class",
              "value": "androidx.test.espresso.action.ViewActions"
            },
            "method": "replaceText",
            "args": [
              "notesbrain-e2e@example.com"
            ]
          }
        }
      ]
    },
    "messageId": 4
  }
17:09:15.185 detox[53477] B replace input text: "notesbrain-e2e@example.com"
  data: {
    "target": {
      "type": "Class",
      "value": "com.wix.detox.espresso.EspressoDetox"
    },
    "method": "perform",
    "args": [
      {
        "type": "Invocation",
        "value": {
          "target": {
            "type": "Class",
            "value": "com.wix.detox.espresso.DetoxMatcher"
          },
          "method": "matcherForTestId",
          "args": [
            "login-email-input",
            {
              "type": "boolean",
              "value": false
            }
          ]
        }
      },
      {
        "type": "Invocation",
        "value": {
          "target": {
            "type": "Class",
            "value": "androidx.test.espresso.action.ViewActions"
          },
          "method": "replaceText",
          "args": [
            "notesbrain-e2e@example.com"
          ]
        }
      }
    ]
  }
17:09:15.196 detox[53476] i get
  data: {"messageId":4,"type":"invokeResult","params":{"result":null}}
17:09:15.196 detox[53476] i send
  data: {
    "messageId": 4,
    "type": "invokeResult",
    "params": {
      "result": null
    }
  }
17:09:15.196 detox[53477] i get message
  data: {"messageId":4,"type":"invokeResult","params":{"result":null}}
   
17:09:15.196 detox[53477] E replace input text: "notesbrain-e2e@example.com"
17:09:15.197 detox[53476] i get
  data: {"type":"invoke","params":{"target":{"type":"Class","value":"com.wix.detox.espresso.EspressoDetox"},"method":"perform","args":[{"type":"Invocation","value":{"target":{"type":"Class","value":"com.wix.detox.espresso.DetoxMatcher"},"method":"matcherForTestId","args":["login-password-input",{"type":"boolean","value":false}]}},{"type":"Invocation","value":{"target":{"type":"Class","value":"androidx.test.espresso.action.ViewActions"},"method":"replaceText","args":["NotesBrainE2EPassword123"]}}]},"messageId":5}
17:09:15.197 detox[53476] i send
  data: {
    "type": "invoke",
    "params": {
      "target": {
        "type": "Class",
        "value": "com.wix.detox.espresso.EspressoDetox"
      },
      "method": "perform",
      "args": [
        {
          "type": "Invocation",
          "value": {
            "target": {
              "type": "Class",
              "value": "com.wix.detox.espresso.DetoxMatcher"
            },
            "method": "matcherForTestId",
            "args": [
              "login-password-input",
              {
                "type": "boolean",
                "value": false
              }
            ]
          }
        },
        {
          "type": "Invocation",
          "value": {
            "target": {
              "type": "Class",
              "value": "androidx.test.espresso.action.ViewActions"
            },
            "method": "replaceText",
            "args": [
              "NotesBrainE2EPassword123"
            ]
          }
        }
      ]
    },
    "messageId": 5
  }
17:09:15.197 detox[53477] i send message
  data: {"type":"invoke","params":{"target":{"type":"Class","value":"com.wix.detox.espresso.EspressoDetox"},"method":"perform","args":[{"type":"Invocation","value":{"target":{"type":"Class","value":"com.wix.detox.espresso.DetoxMatcher"},"method":"matcherForTestId","args":["login-password-input",{"type":"boolean","value":false}]}},{"type":"Invocation","value":{"target":{"type":"Class","value":"androidx.test.espresso.action.ViewActions"},"method":"replaceText","args":["NotesBrainE2EPassword123"]}}]},"messageId":5}
17:09:15.197 detox[53477] B replace input text: "NotesBrainE2EPassword123"
  data: {
    "target": {
      "type": "Class",
      "value": "com.wix.detox.espresso.EspressoDetox"
    },
    "method": "perform",
    "args": [
      {
        "type": "Invocation",
        "value": {
          "target": {
            "type": "Class",
            "value": "com.wix.detox.espresso.DetoxMatcher"
          },
          "method": "matcherForTestId",
          "args": [
            "login-password-input",
            {
              "type": "boolean",
              "value": false
            }
          ]
        }
      },
      {
        "type": "Invocation",
        "value": {
          "target": {
            "type": "Class",
            "value": "androidx.test.espresso.action.ViewActions"
          },
          "method": "replaceText",
          "args": [
            "NotesBrainE2EPassword123"
          ]
        }
      }
    ]
  }
17:09:15.228 detox[53476] i get
  data: {"messageId":5,"type":"invokeResult","params":{"result":null}}
17:09:15.228 detox[53476] i send
  data: {
    "messageId": 5,
    "type": "invokeResult",
    "params": {
      "result": null
    }
  }
17:09:15.228 detox[53477] i get message
  data: {"messageId":5,"type":"invokeResult","params":{"result":null}}
   
17:09:15.228 detox[53477] E replace input text: "NotesBrainE2EPassword123"
17:09:15.229 detox[53476] i get
  data: {"type":"invoke","params":{"target":{"type":"Class","value":"com.wix.detox.espresso.EspressoDetox"},"method":"perform","args":[{"type":"Invocation","value":{"target":{"type":"Class","value":"com.wix.detox.espresso.DetoxMatcher"},"method":"matcherForTestId","args":["login-submit-button",{"type":"boolean","value":false}]}},{"type":"Invocation","value":{"target":{"type":"Class","value":"com.wix.detox.espresso.DetoxViewActions"},"method":"click","args":[]}}]},"messageId":6}
17:09:15.229 detox[53476] i send
  data: {
    "type": "invoke",
    "params": {
      "target": {
        "type": "Class",
        "value": "com.wix.detox.espresso.EspressoDetox"
      },
      "method": "perform",
      "args": [
        {
          "type": "Invocation",
          "value": {
            "target": {
              "type": "Class",
              "value": "com.wix.detox.espresso.DetoxMatcher"
            },
            "method": "matcherForTestId",
            "args": [
              "login-submit-button",
              {
                "type": "boolean",
                "value": false
              }
            ]
          }
        },
        {
          "type": "Invocation",
          "value": {
            "target": {
              "type": "Class",
              "value": "com.wix.detox.espresso.DetoxViewActions"
            },
            "method": "click",
            "args": []
          }
        }
      ]
    },
    "messageId": 6
  }
17:09:15.229 detox[53477] i send message
  data: {"type":"invoke","params":{"target":{"type":"Class","value":"com.wix.detox.espresso.EspressoDetox"},"method":"perform","args":[{"type":"Invocation","value":{"target":{"type":"Class","value":"com.wix.detox.espresso.DetoxMatcher"},"method":"matcherForTestId","args":["login-submit-button",{"type":"boolean","value":false}]}},{"type":"Invocation","value":{"target":{"type":"Class","value":"com.wix.detox.espresso.DetoxViewActions"},"method":"click","args":[]}}]},"messageId":6}
17:09:15.229 detox[53477] B tap
  data: {
    "target": {
      "type": "Class",
      "value": "com.wix.detox.espresso.EspressoDetox"
    },
    "method": "perform",
    "args": [
      {
        "type": "Invocation",
        "value": {
          "target": {
            "type": "Class",
            "value": "com.wix.detox.espresso.DetoxMatcher"
          },
          "method": "matcherForTestId",
          "args": [
            "login-submit-button",
            {
              "type": "boolean",
              "value": false
            }
          ]
        }
      },
      {
        "type": "Invocation",
        "value": {
          "target": {
            "type": "Class",
            "value": "com.wix.detox.espresso.DetoxViewActions"
          },
          "method": "click",
          "args": []
        }
      }
    ]
  }
17:09:15.464 detox[53477] i "/Users/coding/Library/Android/sdk/platform-tools/adb" -s emulator-18696 shell du /sdcard/1792268_0.log
17:09:15.489 detox[53477] i 21208	/sdcard/1792268_0.log

17:09:16.255 detox[53476] i get
  data: {"messageId":6,"type":"invokeResult","params":{"result":null}}
17:09:16.255 detox[53476] i send
  data: {
    "messageId": 6,
    "type": "invokeResult",
    "params": {
      "result": null
    }
  }
17:09:16.255 detox[53477] i get message
  data: {"messageId":6,"type":"invokeResult","params":{"result":null}}
   
17:09:16.255 detox[53477] E tap
17:09:16.255 detox[53477] i send message
  data: {"type":"invoke","params":{"target":{"type":"Class","value":"com.wix.detox.espresso.DetoxAssertion"},"method":"waitForAssertMatcher","args":[{"type":"Invocation","value":{"target":{"type":"Class","value":"androidx.test.espresso.Espresso"},"method":"onView","args":[{"type":"Invocation","value":{"target":{"type":"Class","value":"com.wix.detox.espresso.DetoxMatcher"},"method":"matcherForTestId","args":["capture-screen",{"type":"boolean","value":false}]}}]}},{"type":"Invocation","value":{"target":{"type":"Class","value":"com.wix.detox.espresso.DetoxMatcher"},"method":"matcherForSufficientlyVisible","args":[{"type":"Integer","value":75}]}},{"type":"Double","value":20}]},"messageId":7}
17:09:16.256 detox[53476] i get
  data: {"type":"invoke","params":{"target":{"type":"Class","value":"com.wix.detox.espresso.DetoxAssertion"},"method":"waitForAssertMatcher","args":[{"type":"Invocation","value":{"target":{"type":"Class","value":"androidx.test.espresso.Espresso"},"method":"onView","args":[{"type":"Invocation","value":{"target":{"type":"Class","value":"com.wix.detox.espresso.DetoxMatcher"},"method":"matcherForTestId","args":["capture-screen",{"type":"boolean","value":false}]}}]}},{"type":"Invocation","value":{"target":{"type":"Class","value":"com.wix.detox.espresso.DetoxMatcher"},"method":"matcherForSufficientlyVisible","args":[{"type":"Integer","value":75}]}},{"type":"Double","value":20}]},"messageId":7}
17:09:16.256 detox[53476] i send
  data: {
    "type": "invoke",
    "params": {
      "target": {
        "type": "Class",
        "value": "com.wix.detox.espresso.DetoxAssertion"
      },
      "method": "waitForAssertMatcher",
      "args": [
        {
          "type": "Invocation",
          "value": {
            "target": {
              "type": "Class",
              "value": "androidx.test.espresso.Espresso"
            },
            "method": "onView",
            "args": [
              {
                "type": "Invocation",
                "value": {
                  "target": {
                    "type": "Class",
                    "value": "com.wix.detox.espresso.DetoxMatcher"
                  },
                  "method": "matcherForTestId",
                  "args": [
                    "capture-screen",
                    {
                      "type": "boolean",
                      "value": false
                    }
                  ]
                }
              }
            ]
          }
        },
        {
          "type": "Invocation",
          "value": {
            "target": {
              "type": "Class",
              "value": "com.wix.detox.espresso.DetoxMatcher"
            },
            "method": "matcherForSufficientlyVisible",
            "args": [
              {
                "type": "Integer",
                "value": 75
              }
            ]
          }
        },
        {
          "type": "Double",
          "value": 20
        }
      ]
    },
    "messageId": 7
  }
17:09:16.256 detox[53477] B undefined with timeout (20000 ms)
  data: {
    "target": {
      "type": "Class",
      "value": "com.wix.detox.espresso.DetoxAssertion"
    },
    "method": "waitForAssertMatcher",
    "args": [
      {
        "type": "Invocation",
        "value": {
          "target": {
            "type": "Class",
            "value": "androidx.test.espresso.Espresso"
          },
          "method": "onView",
          "args": [
            {
              "type": "Invocation",
              "value": {
                "target": {
                  "type": "Class",
                  "value": "com.wix.detox.espresso.DetoxMatcher"
                },
                "method": "matcherForTestId",
                "args": [
                  "capture-screen",
                  {
                    "type": "boolean",
                    "value": false
                  }
                ]
              }
            }
          ]
        }
      },
      {
        "type": "Invocation",
        "value": {
          "target": {
            "type": "Class",
            "value": "com.wix.detox.espresso.DetoxMatcher"
          },
          "method": "matcherForSufficientlyVisible",
          "args": [
            {
              "type": "Integer",
              "value": 75
            }
          ]
        }
      },
      {
        "type": "Double",
        "value": 20
      }
    ]
  }
17:09:16.259 detox[53476] i get
  data: {"messageId":7,"type":"invokeResult","params":{"result":null}}
17:09:16.259 detox[53476] i send
  data: {
    "messageId": 7,
    "type": "invokeResult",
    "params": {
      "result": null
    }
  }
17:09:16.259 detox[53477] i get message
  data: {"messageId":7,"type":"invokeResult","params":{"result":null}}
   
17:09:16.260 detox[53476] i get
  data: {"type":"invoke","params":{"target":{"type":"Class","value":"com.wix.detox.espresso.DetoxAssertion"},"method":"assertMatcher","args":[{"type":"Invocation","value":{"target":{"type":"Class","value":"androidx.test.espresso.Espresso"},"method":"onView","args":[{"type":"Invocation","value":{"target":{"type":"Class","value":"com.wix.detox.espresso.DetoxMatcher"},"method":"matcherForTestId","args":["capture-screen",{"type":"boolean","value":false}]}}]}},{"type":"Invocation","value":{"target":{"type":"Class","value":"com.wix.detox.espresso.DetoxMatcher"},"method":"matcherForSufficientlyVisible","args":[{"type":"Integer","value":75}]}}]},"messageId":8}
17:09:16.260 detox[53476] i send
  data: {
    "type": "invoke",
    "params": {
      "target": {
        "type": "Class",
        "value": "com.wix.detox.espresso.DetoxAssertion"
      },
      "method": "assertMatcher",
      "args": [
        {
          "type": "Invocation",
          "value": {
            "target": {
              "type": "Class",
              "value": "androidx.test.espresso.Espresso"
            },
            "method": "onView",
            "args": [
              {
                "type": "Invocation",
                "value": {
                  "target": {
                    "type": "Class",
                    "value": "com.wix.detox.espresso.DetoxMatcher"
                  },
                  "method": "matcherForTestId",
                  "args": [
                    "capture-screen",
                    {
                      "type": "boolean",
                      "value": false
                    }
                  ]
                }
              }
            ]
          }
        },
        {
          "type": "Invocation",
          "value": {
            "target": {
              "type": "Class",
              "value": "com.wix.detox.espresso.DetoxMatcher"
            },
            "method": "matcherForSufficientlyVisible",
            "args": [
              {
                "type": "Integer",
                "value": 75
              }
            ]
          }
        }
      ]
    },
    "messageId": 8
  }
17:09:16.260 detox[53477] E undefined with timeout (20000 ms)
17:09:16.260 detox[53477] i send message
  data: {"type":"invoke","params":{"target":{"type":"Class","value":"com.wix.detox.espresso.DetoxAssertion"},"method":"assertMatcher","args":[{"type":"Invocation","value":{"target":{"type":"Class","value":"androidx.test.espresso.Espresso"},"method":"onView","args":[{"type":"Invocation","value":{"target":{"type":"Class","value":"com.wix.detox.espresso.DetoxMatcher"},"method":"matcherForTestId","args":["capture-screen",{"type":"boolean","value":false}]}}]}},{"type":"Invocation","value":{"target":{"type":"Class","value":"com.wix.detox.espresso.DetoxMatcher"},"method":"matcherForSufficientlyVisible","args":[{"type":"Integer","value":75}]}}]},"messageId":8}
17:09:16.260 detox[53477] B expect element to be visible
  data: {
    "target": {
      "type": "Class",
      "value": "com.wix.detox.espresso.DetoxAssertion"
    },
    "method": "assertMatcher",
    "args": [
      {
        "type": "Invocation",
        "value": {
          "target": {
            "type": "Class",
            "value": "androidx.test.espresso.Espresso"
          },
          "method": "onView",
          "args": [
            {
              "type": "Invocation",
              "value": {
                "target": {
                  "type": "Class",
                  "value": "com.wix.detox.espresso.DetoxMatcher"
                },
                "method": "matcherForTestId",
                "args": [
                  "capture-screen",
                  {
                    "type": "boolean",
                    "value": false
                  }
                ]
              }
            }
          ]
        }
      },
      {
        "type": "Invocation",
        "value": {
          "target": {
            "type": "Class",
            "value": "com.wix.detox.espresso.DetoxMatcher"
          },
          "method": "matcherForSufficientlyVisible",
          "args": [
            {
              "type": "Integer",
              "value": 75
            }
          ]
        }
      }
    ]
  }
17:09:16.264 detox[53476] i get
  data: {"messageId":8,"type":"invokeResult","params":{"result":null}}
17:09:16.264 detox[53476] i send
  data: {
    "messageId": 8,
    "type": "invokeResult",
    "params": {
      "result": null
    }
  }
17:09:16.264 detox[53477] i get message
  data: {"messageId":8,"type":"invokeResult","params":{"result":null}}
   
17:09:16.264 detox[53477] E expect element to be visible
17:09:16.265 detox[53476] i get
  data: {"type":"invoke","params":{"target":{"type":"Invocation","value":{"target":{"type":"Class","value":"com.wix.detox.uiautomator.UiAutomator"},"method":"uiDevice","args":[]}},"method":"pressBack","args":[]},"messageId":9}
17:09:16.265 detox[53476] i send
  data: {
    "type": "invoke",
    "params": {
      "target": {
        "type": "Invocation",
        "value": {
          "target": {
            "type": "Class",
            "value": "com.wix.detox.uiautomator.UiAutomator"
          },
          "method": "uiDevice",
          "args": []
        }
      },
      "method": "pressBack",
      "args": []
    },
    "messageId": 9
  }
17:09:16.265 detox[53477] B pressBack
  args: ()
17:09:16.265 detox[53477] i send message
  data: {"type":"invoke","params":{"target":{"type":"Invocation","value":{"target":{"type":"Class","value":"com.wix.detox.uiautomator.UiAutomator"},"method":"uiDevice","args":[]}},"method":"pressBack","args":[]},"messageId":9}
17:09:16.474 detox[53476] i get
  data: {"messageId":9,"type":"invokeResult","params":{"result":true}}
17:09:16.474 detox[53476] i send
  data: {
    "messageId": 9,
    "type": "invokeResult",
    "params": {
      "result": true
    }
  }
17:09:16.474 detox[53477] i get message
  data: {"messageId":9,"type":"invokeResult","params":{"result":true}}
   
17:09:16.475 detox[53476] i get
  data: {"type":"invoke","params":{"target":{"type":"Class","value":"com.wix.detox.espresso.EspressoDetox"},"method":"perform","args":[{"type":"Invocation","value":{"target":{"type":"Class","value":"com.wix.detox.espresso.DetoxMatcher"},"method":"matcherForTestId","args":["tab-notes",{"type":"boolean","value":false}]}},{"type":"Invocation","value":{"target":{"type":"Class","value":"com.wix.detox.espresso.DetoxViewActions"},"method":"click","args":[]}}]},"messageId":10}
17:09:16.475 detox[53476] i send
  data: {
    "type": "invoke",
    "params": {
      "target": {
        "type": "Class",
        "value": "com.wix.detox.espresso.EspressoDetox"
      },
      "method": "perform",
      "args": [
        {
          "type": "Invocation",
          "value": {
            "target": {
              "type": "Class",
              "value": "com.wix.detox.espresso.DetoxMatcher"
            },
            "method": "matcherForTestId",
            "args": [
              "tab-notes",
              {
                "type": "boolean",
                "value": false
              }
            ]
          }
        },
        {
          "type": "Invocation",
          "value": {
            "target": {
              "type": "Class",
              "value": "com.wix.detox.espresso.DetoxViewActions"
            },
            "method": "click",
            "args": []
          }
        }
      ]
    },
    "messageId": 10
  }
17:09:16.475 detox[53477] E pressBack
17:09:16.475 detox[53477] i send message
  data: {"type":"invoke","params":{"target":{"type":"Class","value":"com.wix.detox.espresso.EspressoDetox"},"method":"perform","args":[{"type":"Invocation","value":{"target":{"type":"Class","value":"com.wix.detox.espresso.DetoxMatcher"},"method":"matcherForTestId","args":["tab-notes",{"type":"boolean","value":false}]}},{"type":"Invocation","value":{"target":{"type":"Class","value":"com.wix.detox.espresso.DetoxViewActions"},"method":"click","args":[]}}]},"messageId":10}
17:09:16.475 detox[53477] B tap
  data: {
    "target": {
      "type": "Class",
      "value": "com.wix.detox.espresso.EspressoDetox"
    },
    "method": "perform",
    "args": [
      {
        "type": "Invocation",
        "value": {
          "target": {
            "type": "Class",
            "value": "com.wix.detox.espresso.DetoxMatcher"
          },
          "method": "matcherForTestId",
          "args": [
            "tab-notes",
            {
              "type": "boolean",
              "value": false
            }
          ]
        }
      },
      {
        "type": "Invocation",
        "value": {
          "target": {
            "type": "Class",
            "value": "com.wix.detox.espresso.DetoxViewActions"
          },
          "method": "click",
          "args": []
        }
      }
    ]
  }
17:09:26.476 detox[53477] i send message
  data: {"type":"currentStatus","params":{},"messageId":11}
17:09:26.477 detox[53476] i get
  data: {"type":"currentStatus","params":{},"messageId":11}
17:09:26.477 detox[53476] i send
  data: {
    "type": "currentStatus",
    "params": {},
    "messageId": 11
  }
17:09:26.480 detox[53476] i get
  data: {"messageId":11,"type":"currentStatusResult","params":{"status":{"app_status":"busy","busy_resources":[{"name":"ui","description":{"mount_items":1,"view_command_mount_items":1}}]}}}
17:09:26.480 detox[53476] i send
  data: {
    "messageId": 11,
    "type": "currentStatusResult",
    "params": {
      "status": {
        "app_status": "busy",
        "busy_resources": [
          {
            "name": "ui",
            "description": {
              "mount_items": 1,
              "view_command_mount_items": 1
            }
          }
        ]
      }
    }
  }
17:09:26.481 detox[53477] i get message
  data: {"messageId":11,"type":"currentStatusResult","params":{"status":{"app_status":"busy","busy_resources":[{"name":"ui","description":{"mount_items":1,"view_command_mount_items":1}}]}}}
   
17:09:26.483 detox[53477] i The app is busy with the following tasks:
• UI elements are busy:
  - Mount items pending: 1.
  - View command mount items pending: 1.
17:09:36.485 detox[53477] i send message
  data: {"type":"currentStatus","params":{},"messageId":12}
17:09:36.486 detox[53476] i get
  data: {"type":"currentStatus","params":{},"messageId":12}
17:09:36.486 detox[53476] i send
  data: {
    "type": "currentStatus",
    "params": {},
    "messageId": 12
  }
17:09:36.490 detox[53476] i get
  data: {"messageId":12,"type":"currentStatusResult","params":{"status":{"app_status":"busy","busy_resources":[{"name":"ui","description":{"mount_items":1,"view_command_mount_items":1}}]}}}
17:09:36.490 detox[53476] i send
  data: {
    "messageId": 12,
    "type": "currentStatusResult",
    "params": {
      "status": {
        "app_status": "busy",
        "busy_resources": [
          {
            "name": "ui",
            "description": {
              "mount_items": 1,
              "view_command_mount_items": 1
            }
          }
        ]
      }
    }
  }
17:09:36.490 detox[53477] i get message
  data: {"messageId":12,"type":"currentStatusResult","params":{"status":{"app_status":"busy","busy_resources":[{"name":"ui","description":{"mount_items":1,"view_command_mount_items":1}}]}}}
   
17:09:36.490 detox[53477] i The app is busy with the following tasks:
• UI elements are busy:
  - Mount items pending: 1.
  - View command mount items pending: 1.
17:09:46.493 detox[53476] i get
  data: {"type":"currentStatus","params":{},"messageId":13}
17:09:46.493 detox[53476] i send
  data: {
    "type": "currentStatus",
    "params": {},
    "messageId": 13
  }
17:09:46.493 detox[53477] i send message
  data: {"type":"currentStatus","params":{},"messageId":13}
17:09:46.496 detox[53476] i get
  data: {"messageId":13,"type":"currentStatusResult","params":{"status":{"app_status":"busy","busy_resources":[{"name":"ui","description":{"mount_items":1,"view_command_mount_items":1}}]}}}
17:09:46.496 detox[53476] i send
  data: {
    "messageId": 13,
    "type": "currentStatusResult",
    "params": {
      "status": {
        "app_status": "busy",
        "busy_resources": [
          {
            "name": "ui",
            "description": {
              "mount_items": 1,
              "view_command_mount_items": 1
            }
          }
        ]
      }
    }
  }
17:09:46.496 detox[53477] i get message
  data: {"messageId":13,"type":"currentStatusResult","params":{"status":{"app_status":"busy","busy_resources":[{"name":"ui","description":{"mount_items":1,"view_command_mount_items":1}}]}}}
   
17:09:46.496 detox[53477] i The app is busy with the following tasks:
• UI elements are busy:
  - Mount items pending: 1.
  - View command mount items pending: 1.
17:09:56.498 detox[53477] i send message
  data: {"type":"currentStatus","params":{},"messageId":14}
17:09:56.499 detox[53476] i get
  data: {"type":"currentStatus","params":{},"messageId":14}
17:09:56.499 detox[53476] i send
  data: {
    "type": "currentStatus",
    "params": {},
    "messageId": 14
  }
17:09:56.502 detox[53476] i get
  data: {"messageId":14,"type":"currentStatusResult","params":{"status":{"app_status":"busy","busy_resources":[{"name":"ui","description":{"mount_items":1,"view_command_mount_items":1}}]}}}
17:09:56.503 detox[53476] i send
  data: {
    "messageId": 14,
    "type": "currentStatusResult",
    "params": {
      "status": {
        "app_status": "busy",
        "busy_resources": [
          {
            "name": "ui",
            "description": {
              "mount_items": 1,
              "view_command_mount_items": 1
            }
          }
        ]
      }
    }
  }
17:09:56.503 detox[53477] i get message
  data: {"messageId":14,"type":"currentStatusResult","params":{"status":{"app_status":"busy","busy_resources":[{"name":"ui","description":{"mount_items":1,"view_command_mount_items":1}}]}}}
   
17:09:56.503 detox[53477] i The app is busy with the following tasks:
• UI elements are busy:
  - Mount items pending: 1.
  - View command mount items pending: 1.
17:10:06.506 detox[53477] i send message
  data: {"type":"currentStatus","params":{},"messageId":15}
17:10:06.507 detox[53476] i get
  data: {"type":"currentStatus","params":{},"messageId":15}
17:10:06.507 detox[53476] i send
  data: {
    "type": "currentStatus",
    "params": {},
    "messageId": 15
  }
17:10:06.512 detox[53476] i get
  data: {"messageId":15,"type":"currentStatusResult","params":{"status":{"app_status":"busy","busy_resources":[{"name":"ui","description":{"mount_items":1,"view_command_mount_items":1}}]}}}
17:10:06.512 detox[53476] i send
  data: {
    "messageId": 15,
    "type": "currentStatusResult",
    "params": {
      "status": {
        "app_status": "busy",
        "busy_resources": [
          {
            "name": "ui",
            "description": {
              "mount_items": 1,
              "view_command_mount_items": 1
            }
          }
        ]
      }
    }
  }
17:10:06.512 detox[53477] i get message
  data: {"messageId":15,"type":"currentStatusResult","params":{"status":{"app_status":"busy","busy_resources":[{"name":"ui","description":{"mount_items":1,"view_command_mount_items":1}}]}}}
   
17:10:06.512 detox[53477] i The app is busy with the following tasks:
• UI elements are busy:
  - Mount items pending: 1.
  - View command mount items pending: 1.
17:10:16.515 detox[53476] i get
  data: {"type":"currentStatus","params":{},"messageId":16}
17:10:16.515 detox[53476] i send
  data: {
    "type": "currentStatus",
    "params": {},
    "messageId": 16
  }
17:10:16.515 detox[53477] i send message
  data: {"type":"currentStatus","params":{},"messageId":16}
17:10:16.519 detox[53476] i get
  data: {"messageId":16,"type":"currentStatusResult","params":{"status":{"app_status":"busy","busy_resources":[{"name":"ui","description":{"mount_items":1,"view_command_mount_items":1}}]}}}
17:10:16.519 detox[53476] i send
  data: {
    "messageId": 16,
    "type": "currentStatusResult",
    "params": {
      "status": {
        "app_status": "busy",
        "busy_resources": [
          {
            "name": "ui",
            "description": {
              "mount_items": 1,
              "view_command_mount_items": 1
            }
          }
        ]
      }
    }
  }
17:10:16.519 detox[53477] i get message
  data: {"messageId":16,"type":"currentStatusResult","params":{"status":{"app_status":"busy","busy_resources":[{"name":"ui","description":{"mount_items":1,"view_command_mount_items":1}}]}}}
   
17:10:16.519 detox[53477] i The app is busy with the following tasks:
• UI elements are busy:
  - Mount items pending: 1.
  - View command mount items pending: 1.
17:10:26.522 detox[53477] i send message
  data: {"type":"currentStatus","params":{},"messageId":17}
17:10:26.523 detox[53476] i get
  data: {"type":"currentStatus","params":{},"messageId":17}
17:10:26.523 detox[53476] i send
  data: {
    "type": "currentStatus",
    "params": {},
    "messageId": 17
  }
17:10:26.527 detox[53476] i get
  data: {"messageId":17,"type":"currentStatusResult","params":{"status":{"app_status":"busy","busy_resources":[{"name":"ui","description":{"mount_items":1,"view_command_mount_items":1}}]}}}
17:10:26.527 detox[53476] i send
  data: {
    "messageId": 17,
    "type": "currentStatusResult",
    "params": {
      "status": {
        "app_status": "busy",
        "busy_resources": [
          {
            "name": "ui",
            "description": {
              "mount_items": 1,
              "view_command_mount_items": 1
            }
          }
        ]
      }
    }
  }
17:10:26.528 detox[53477] i get message
  data: {"messageId":17,"type":"currentStatusResult","params":{"status":{"app_status":"busy","busy_resources":[{"name":"ui","description":{"mount_items":1,"view_command_mount_items":1}}]}}}
   
17:10:26.528 detox[53477] i The app is busy with the following tasks:
• UI elements are busy:
  - Mount items pending: 1.
  - View command mount items pending: 1.
17:10:36.530 detox[53476] i get
  data: {"type":"currentStatus","params":{},"messageId":18}
17:10:36.530 detox[53476] i send
  data: {
    "type": "currentStatus",
    "params": {},
    "messageId": 18
  }
17:10:36.530 detox[53477] i send message
  data: {"type":"currentStatus","params":{},"messageId":18}
17:10:36.533 detox[53476] i get
  data: {"messageId":18,"type":"currentStatusResult","params":{"status":{"app_status":"busy","busy_resources":[{"name":"ui","description":{"mount_items":1,"view_command_mount_items":1}}]}}}
17:10:36.534 detox[53476] i send
  data: {
    "messageId": 18,
    "type": "currentStatusResult",
    "params": {
      "status": {
        "app_status": "busy",
        "busy_resources": [
          {
            "name": "ui",
            "description": {
              "mount_items": 1,
              "view_command_mount_items": 1
            }
          }
        ]
      }
    }
  }
17:10:36.534 detox[53477] i get message
  data: {"messageId":18,"type":"currentStatusResult","params":{"status":{"app_status":"busy","busy_resources":[{"name":"ui","description":{"mount_items":1,"view_command_mount_items":1}}]}}}
   
17:10:36.534 detox[53477] i The app is busy with the following tasks:
• UI elements are busy:
  - Mount items pending: 1.
  - View command mount items pending: 1.
17:10:46.538 detox[53477] i send message
  data: {"type":"currentStatus","params":{},"messageId":19}
17:10:46.539 detox[53476] i get
  data: {"type":"currentStatus","params":{},"messageId":19}
17:10:46.539 detox[53476] i send
  data: {
    "type": "currentStatus",
    "params": {},
    "messageId": 19
  }
17:10:46.542 detox[53476] i get
  data: {"messageId":19,"type":"currentStatusResult","params":{"status":{"app_status":"busy","busy_resources":[{"name":"ui","description":{"mount_items":1,"view_command_mount_items":1}}]}}}
17:10:46.542 detox[53476] i send
  data: {
    "messageId": 19,
    "type": "currentStatusResult",
    "params": {
      "status": {
        "app_status": "busy",
        "busy_resources": [
          {
            "name": "ui",
            "description": {
              "mount_items": 1,
              "view_command_mount_items": 1
            }
          }
        ]
      }
    }
  }
17:10:46.542 detox[53477] i get message
  data: {"messageId":19,"type":"currentStatusResult","params":{"status":{"app_status":"busy","busy_resources":[{"name":"ui","description":{"mount_items":1,"view_command_mount_items":1}}]}}}
   
17:10:46.542 detox[53477] i The app is busy with the following tasks:
• UI elements are busy:
  - Mount items pending: 1.
  - View command mount items pending: 1.
17:25:51.917 detox[53477] i send message
  data: {"type":"currentStatus","params":{},"messageId":20}
17:25:51.918 detox[53477] B onTestFnFailure
  args: ({"error":"Exceeded timeout of 180000 ms for a test.\nAdd a timeout value to this test to increase the timeout, if this is a long-running test. See https://jestjs.io/docs/api#testname-fn-timeout."})
17:25:51.935 detox[53476] i get
  data: {"type":"currentStatus","params":{},"messageId":20}
17:25:51.935 detox[53476] i send
  data: {
    "type": "currentStatus",
    "params": {},
    "messageId": 20
  }
17:25:51.935 detox[53477] i starting ADBScreencapRecording
17:25:51.935 detox[53477] i "/Users/coding/Library/Android/sdk/platform-tools/adb" -s emulator-18696 shell "screencap /sdcard/1792268_2.png"
17:25:52.067 detox[53476] i get
  data: {"messageId":20,"type":"currentStatusResult","params":{"status":{"app_status":"busy","busy_resources":[{"name":"ui","description":{"mount_items":1,"view_command_mount_items":1}}]}}}
17:25:52.068 detox[53476] i send
  data: {
    "messageId": 20,
    "type": "currentStatusResult",
    "params": {
      "status": {
        "app_status": "busy",
        "busy_resources": [
          {
            "name": "ui",
            "description": {
              "mount_items": 1,
              "view_command_mount_items": 1
            }
          }
        ]
      }
    }
  }
17:25:52.075 detox[53477] i get message
  data: {"messageId":20,"type":"currentStatusResult","params":{"status":{"app_status":"busy","busy_resources":[{"name":"ui","description":{"mount_items":1,"view_command_mount_items":1}}]}}}
   
17:25:52.075 detox[53477] i The app is busy with the following tasks:
• UI elements are busy:
  - Mount items pending: 1.
  - View command mount items pending: 1.
17:25:56.112 detox[53477] i 
17:25:56.112 detox[53477] i stopping ADBScreencapRecording
17:25:56.112 detox[53477] E onTestFnFailure
17:25:56.112 detox[53477] E test_fn
  error: 'Exceeded timeout of 180000 ms for a test.\n' +
    'Add a timeout value to this test to increase the timeout, if this is a long-running test. See https://jestjs.io/docs/api#testname-fn-timeout.'
17:25:56.113 detox[53477] B onTestDone
  args: ({"title":"signs in with email/password and opens each primary tab","fullName":"mobile e2e: auth and tab navigation signs in with email/password and opens each primary tab","status":"failed","invocations":1,"timedOut":true})
17:25:56.113 detox[53477] i stopping ADBLogcatRecording
17:25:56.113 detox[53477] i starting ADBScreencapRecording
17:25:56.113 detox[53477] i "/Users/coding/Library/Android/sdk/platform-tools/adb" -s emulator-18696 shell "screencap /sdcard/1792268_3.png"
17:25:56.114 detox[53477] i "/Users/coding/Library/Android/sdk/platform-tools/adb" -s emulator-18696 shell "date +\"%m-%d %T.000\""
17:25:56.207 detox[53477] i 03-08 17:25:55.000

17:25:56.208 detox[53477] i sending SIGINT to: /Users/coding/Library/Android/sdk/platform-tools/adb -s emulator-18696 shell logcat -T "03-08 17:09:12.000" --pid=28086 -f /sdcard/1792268_0.log
17:25:56.211 detox[53477] i /Users/coding/Library/Android/sdk/platform-tools/adb -s emulator-18696 shell "logcat -T \"03-08 17:09:12.000\" --pid=28086 -f /sdcard/1792268_0.log" terminated with SIGINT
17:25:56.215 detox[53477] i saving ADBLogcatRecording to: artifacts/android.emu.release.2026-03-09 00-09-01Z/✗ mobile e2e_ auth and tab navigation signs in with email_password and opens each primary tab/device.log
17:25:56.215 detox[53477] i "/Users/coding/Library/Android/sdk/platform-tools/adb" -s emulator-18696 pull "/sdcard/1792268_0.log" "artifacts/android.emu.release.2026-03-09 00-09-01Z/✗ mobile e2e_ auth and tab navigation signs in with email_password and opens each primary tab/device.log"
17:25:56.922 detox[53477] i /sdcard/1792268_0.log: 1 file pulled, 0 skipped. 33.3 MB/s (21749760 bytes in 0.622s)

17:25:56.922 detox[53477] i "/Users/coding/Library/Android/sdk/platform-tools/adb" -s emulator-18696 shell "rm  \"/sdcard/1792268_0.log\""
17:25:57.189 detox[53477] i 
17:25:57.876 detox[53477] i 
17:25:57.876 detox[53477] i stopping ADBScreencapRecording
17:25:57.876 detox[53477] E onTestDone
17:25:57.876 detox[53477] i The app has not responded to the network requests below:
  (id = 10) invoke: {"target":{"type":"Class","value":"com.wix.detox.espresso.EspressoDetox"},"method":"perform","args":[{"type":"Invocation","value":{"target":{"type":"Class","value":"com.wix.detox.espresso.DetoxMatcher"},"method":"matcherForTestId","args":["tab-notes",{"type":"boolean","value":false}]}},{"type":"Invocation","value":{"target":{"type":"Class","value":"com.wix.detox.espresso.DetoxViewActions"},"method":"click","args":[]}}]}

That might be the reason why the test "mobile e2e: auth and tab navigation signs in with email/password and opens each primary tab" has timed out.

17:25:57.877 detox[53477] E signs in with email/password and opens each primary tab
17:25:57.877 detox[53477] i mobile e2e: auth and tab navigation: signs in with email/password and opens each primary tab [FAIL]
17:25:57.881 detox[53477] B afterAll
17:25:57.884 detox[53477] i saving ADBScreencapRecording to: artifacts/android.emu.release.2026-03-09 00-09-01Z/✗ mobile e2e_ auth and tab navigation signs in with email_password and opens each primary tab/testStart.png
17:25:57.884 detox[53477] i "/Users/coding/Library/Android/sdk/platform-tools/adb" -s emulator-18696 pull "/sdcard/1792268_1.png" "artifacts/android.emu.release.2026-03-09 00-09-01Z/✗ mobile e2e_ auth and tab navigation signs in with email_password and opens each primary tab/testStart.png"
17:25:57.919 detox[53477] E afterAll
17:25:57.919 detox[53477] B onRunDescribeFinish
  args: ({"name":"mobile e2e: auth and tab navigation"})
17:25:57.920 detox[53477] E onRunDescribeFinish
17:25:57.920 detox[53477] E mobile e2e: auth and tab navigation
17:25:57.920 detox[53477] B onRunDescribeFinish
  args: ({"name":"ROOT_DESCRIBE_BLOCK"})
17:25:57.920 detox[53477] E onRunDescribeFinish
17:25:57.920 detox[53477] E run the tests
17:25:57.932 detox[53477] B tear down environment
17:25:57.932 detox[53477] B onBeforeCleanup
  args: ()
17:25:57.968 detox[53477] i /sdcard/1792268_1.png: 1 file pulled, 0 skipped. 26.4 MB/s (1375693 bytes in 0.050s)

17:25:57.968 detox[53477] i "/Users/coding/Library/Android/sdk/platform-tools/adb" -s emulator-18696 shell "rm  \"/sdcard/1792268_1.png\""
17:25:58.021 detox[53477] i 
17:25:58.023 detox[53477] i saving ADBScreencapRecording to: artifacts/android.emu.release.2026-03-09 00-09-01Z/✗ mobile e2e_ auth and tab navigation signs in with email_password and opens each primary tab/testFnFailure.png
17:25:58.023 detox[53477] i "/Users/coding/Library/Android/sdk/platform-tools/adb" -s emulator-18696 pull "/sdcard/1792268_2.png" "artifacts/android.emu.release.2026-03-09 00-09-01Z/✗ mobile e2e_ auth and tab navigation signs in with email_password and opens each primary tab/testFnFailure.png"
17:25:58.105 detox[53477] i /sdcard/1792268_2.png: 1 file pulled, 0 skipped. 52.3 MB/s (1375487 bytes in 0.025s)

17:25:58.105 detox[53477] i "/Users/coding/Library/Android/sdk/platform-tools/adb" -s emulator-18696 shell "rm  \"/sdcard/1792268_2.png\""
17:25:58.172 detox[53477] i 
17:25:58.179 detox[53477] i saving ADBScreencapRecording to: artifacts/android.emu.release.2026-03-09 00-09-01Z/✗ mobile e2e_ auth and tab navigation signs in with email_password and opens each primary tab/testDone.png
17:25:58.179 detox[53477] i "/Users/coding/Library/Android/sdk/platform-tools/adb" -s emulator-18696 pull "/sdcard/1792268_3.png" "artifacts/android.emu.release.2026-03-09 00-09-01Z/✗ mobile e2e_ auth and tab navigation signs in with email_password and opens each primary tab/testDone.png"
17:25:58.277 detox[53477] i /sdcard/1792268_3.png: 1 file pulled, 0 skipped. 53.7 MB/s (1375487 bytes in 0.024s)

17:25:58.277 detox[53477] i "/Users/coding/Library/Android/sdk/platform-tools/adb" -s emulator-18696 shell "rm  \"/sdcard/1792268_3.png\""
17:25:58.384 detox[53477] i 
17:25:58.387 detox[53477] i saving FileArtifact to: artifacts/android.emu.release.2026-03-09 00-09-01Z/detox_pid_53477.json.log { append: true }
17:25:58.387 detox[53477] i saving FileArtifact to: artifacts/android.emu.release.2026-03-09 00-09-01Z/detox_pid_53477.log { append: true }
17:25:58.387 detox[53477] E onBeforeCleanup
17:25:58.387 detox[53477] i send message
  data: {"type":"cleanup","params":{"stopRunner":true},"messageId":-49642}
17:25:58.389 detox[53476] i get
  data: {"type":"cleanup","params":{"stopRunner":true},"messageId":-49642}
17:25:58.389 detox[53476] i send
  data: {
    "type": "cleanup",
    "params": {
      "stopRunner": true
    },
    "messageId": -49642
  }
17:26:03.384 detox[53477] i The pending request #-49642 ("cleanup") has been rejected due to the following error:

The tester has not received a response within 5000ms timeout to the message:

Cleanup {
  type: 'cleanup',
  params: [Object],
  messageId: -49642
}
17:26:03.386 detox[53476] i tester exited session 8eb5871b-311b-f2ff-230a-c3d62693310e
17:26:03.386 detox[53476] i send
  data: {
    "type": "testerDisconnected",
    "messageId": -1
  }
17:26:03.386 detox[53476] E connection :64469<->:64475
17:26:03.387 detox[53477] i sending SIGINT to: /Users/coding/Library/Android/sdk/platform-tools/adb -s emulator-18696 shell am instrument -w -r -e detoxServer ws://localhost:64469 -e detoxSessionId 8eb5871b-311b-f2ff-230a-c3d62693310e -e debug false com.notesbrain.echo.test/androidx.test.runner.AndroidJUnitRunner
17:26:03.389 detox[53477] i /Users/coding/Library/Android/sdk/platform-tools/adb -s emulator-18696 shell am instrument -w -r -e detoxServer ws://localhost:64469 -e detoxSessionId 8eb5871b-311b-f2ff-230a-c3d62693310e -e debug false com.notesbrain.echo.test/androidx.test.runner.AndroidJUnitRunner terminated with SIGINT
17:26:03.389 detox[53477] i "/Users/coding/Library/Android/sdk/platform-tools/adb" -s emulator-18696 reverse --remove tcp:64469
17:26:03.389 detox[53477] i dispatching event to  primary-53476 /tmp/detox.primary-53476  :  deallocateDevice , {
  deviceCookie: {
    id: 'emulator-18696',
    adbName: 'emulator-18696',
    name: 'emulator-18696 (Pixel_9)'
  }
}
17:26:03.390 detox[53476] i received event of :  deallocateDevice {
  deviceCookie: {
    id: 'emulator-18696',
    adbName: 'emulator-18696',
    name: 'emulator-18696 (Pixel_9)'
  }
}
17:26:03.390 detox[53476] B free: emulator-18696
  data: {}
17:26:03.391 detox[53476] E free: emulator-18696
17:26:03.391 detox[53476] i dispatching event to socket  :  deallocateDeviceDone {}
17:26:03.391 detox[53477] i ## received events ##
17:26:03.391 detox[53477] i detected event deallocateDeviceDone {}
17:26:03.392 detox[53477] E tear down environment
17:26:03.392 detox[53477] E tests/e2e/mobile/specs/auth-and-tabs.e2e.js
17:26:03.395 detox[53477] i dispatching event to  primary-53476 /tmp/detox.primary-53476  :  reportTestResults , {
  testResults: [
    {
      success: false,
      testFilePath: '/Users/coding/Projects/notes_brain/tests/e2e/mobile/specs/auth-and-tabs.e2e.js',
      testExecError: undefined,
      isPermanentFailure: false
    }
  ]
}
17:26:03.396 detox[53476] i received event of :  reportTestResults {
  testResults: [
    {
      success: false,
      testFilePath: '/Users/coding/Projects/notes_brain/tests/e2e/mobile/specs/auth-and-tabs.e2e.js',
      isPermanentFailure: false
    }
  ]
}
17:26:03.396 detox[53476] i dispatching event to socket  :  reportTestResultsDone {
  testResults: [
    {
      success: false,
      testFilePath: '/Users/coding/Projects/notes_brain/tests/e2e/mobile/specs/auth-and-tabs.e2e.js',
      isPermanentFailure: false
    }
  ]
}
17:26:03.396 detox[53476] i broadcasting event to all known sockets listening to  /tmp/detox.primary-53476  :   sessionStateUpdate {
  testResults: [
    {
      success: false,
      testFilePath: '/Users/coding/Projects/notes_brain/tests/e2e/mobile/specs/auth-and-tabs.e2e.js',
      isPermanentFailure: false
    }
  ]
}
17:26:03.396 detox[53477] i ## received events ##
17:26:03.396 detox[53477] i detected event reportTestResultsDone {
  testResults: [
    {
      success: false,
      testFilePath: '/Users/coding/Projects/notes_brain/tests/e2e/mobile/specs/auth-and-tabs.e2e.js',
      isPermanentFailure: false
    }
  ]
}
17:26:03.397 detox[53477] i detected event sessionStateUpdate {
  testResults: [
    {
      success: false,
      testFilePath: '/Users/coding/Projects/notes_brain/tests/e2e/mobile/specs/auth-and-tabs.e2e.js',
      isPermanentFailure: false
    }
  ]
}
17:26:03.398 detox[53476] i socket disconnected secondary-53477
17:26:03.398 detox[53477] i connection closed primary-53476 /tmp/detox.primary-53476 0 tries remaining of 0
17:26:03.398 detox[53477] i secondary-53477 exceeded connection rety amount of  or stopRetrying flag set.
17:26:03.412 detox[53477] i 
17:26:03.501 detox[53476] E Command failed with exit code = 1:
DETOX_AVD_NAME="Pixel_9" jest --config tests/e2e/mobile/jest.config.cjs tests/e2e/mobile/specs/auth-and-tabs.e2e.js
17:26:03.501 detox[53476] B cleanup
  args: ()
17:26:03.502 detox[53476] E cleanup
17:26:03.502 detox[53476] i Detox server has been closed gracefully
17:26:03.502 detox[53476] i app exited session 8eb5871b-311b-f2ff-230a-c3d62693310e
17:26:03.502 detox[53476] E connection :64469<->:64600
17:26:03.503 detox[53476] E node_modules/.bin/detox test --config-path ./tests/e2e/mobile/detox.config.cjs --configuration android.emu.release tests/e2e/mobile/specs/auth-and-tabs.e2e.js --record-logs failing --take-screenshots failing
