--------- beginning of main
03-09 01:37:48.051 18487 18522 D DetoxWSClient: Received action 'currentStatus' (ID #14, params={})
03-09 01:37:48.051 18487 18519 I DetoxDispatcher: Handling action 'currentStatus' (ID #14)...
03-09 01:37:48.052 18487 18519 I DetoxWSClient: Sending out action 'currentStatusResult' (ID #14)
03-09 01:37:48.052 18487 18519 I DetoxDispatcher: Done with action 'currentStatus'
03-09 01:37:48.721 18487 18518 I DetoxActionHandlers: Test exception
03-09 01:37:48.721 18487 18518 I DetoxActionHandlers: java.lang.reflect.InvocationTargetException
03-09 01:37:48.721 18487 18518 I DetoxActionHandlers: 	at java.lang.reflect.Method.invoke(Native Method)
03-09 01:37:48.721 18487 18518 I DetoxActionHandlers: 	at org.apache.commons.lang3.reflect.MethodUtils.invokeStaticMethod(MethodUtils.java:443)
03-09 01:37:48.721 18487 18518 I DetoxActionHandlers: 	at org.apache.commons.lang3.reflect.MethodUtils.invokeStaticMethod(MethodUtils.java:405)
03-09 01:37:48.721 18487 18518 I DetoxActionHandlers: 	at com.wix.invoke.types.ClassTarget.execute(ClassTarget.java:23)
03-09 01:37:48.721 18487 18518 I DetoxActionHandlers: 	at com.wix.invoke.types.Target.invoke(Target.java:59)
03-09 01:37:48.721 18487 18518 I DetoxActionHandlers: 	at com.wix.invoke.MethodInvocation.invoke(MethodInvocation.java:35)
03-09 01:37:48.721 18487 18518 I DetoxActionHandlers: 	at com.wix.invoke.MethodInvocation.invoke(MethodInvocation.java:26)
03-09 01:37:48.721 18487 18518 I DetoxActionHandlers: 	at com.wix.invoke.MethodInvocation.invoke(MethodInvocation.java:20)
03-09 01:37:48.721 18487 18518 I DetoxActionHandlers: 	at com.wix.detox.adapters.server.InvokeActionHandler.handle(DetoxActionHandlers.kt:54)
03-09 01:37:48.721 18487 18518 I DetoxActionHandlers: 	at com.wix.detox.adapters.server.ActionsExecutor.executeAction$lambda$2$lambda$1(DetoxActionsDispatcher.kt:76)
03-09 01:37:48.721 18487 18518 I DetoxActionHandlers: 	at com.wix.detox.adapters.server.ActionsExecutor.$r8$lambda$GVbB7LHtBHxNHGbgYnHJ6YrwCqs(Unknown Source:0)
03-09 01:37:48.721 18487 18518 I DetoxActionHandlers: 	at com.wix.detox.adapters.server.ActionsExecutor$$ExternalSyntheticLambda0.run(D8$$SyntheticClass:0)
03-09 01:37:48.721 18487 18518 I DetoxActionHandlers: 	at android.os.Handler.handleCallback(Handler.java:995)
03-09 01:37:48.721 18487 18518 I DetoxActionHandlers: 	at android.os.Handler.dispatchMessage(Handler.java:103)
03-09 01:37:48.721 18487 18518 I DetoxActionHandlers: 	at android.os.Looper.loopOnce(Looper.java:248)
03-09 01:37:48.721 18487 18518 I DetoxActionHandlers: 	at android.os.Looper.loop(Looper.java:338)
03-09 01:37:48.721 18487 18518 I DetoxActionHandlers: 	at com.wix.detox.adapters.server.ActionsExecutor._init_$lambda$0(DetoxActionsDispatcher.kt:62)
03-09 01:37:48.721 18487 18518 I DetoxActionHandlers: 	at com.wix.detox.adapters.server.ActionsExecutor.$r8$lambda$xlgL0CQim6vNM0wWEqM8JIDgZUE(Unknown Source:0)
03-09 01:37:48.721 18487 18518 I DetoxActionHandlers: 	at com.wix.detox.adapters.server.ActionsExecutor$$ExternalSyntheticLambda1.run(D8$$SyntheticClass:0)
03-09 01:37:48.721 18487 18518 I DetoxActionHandlers: 	at java.lang.Thread.run(Thread.java:1119)
03-09 01:37:48.721 18487 18518 I DetoxActionHandlers: Caused by: androidx.test.espresso.base.RootViewPicker$RootViewWithoutFocusException: Waited for the root of the view hierarchy to have window focus and not request layout for 10 seconds. If you specified a non default root matcher, it may be picking a root that never takes focus. Root:
03-09 01:37:48.721 18487 18518 I DetoxActionHandlers: Root{application-window-token=android.view.ViewRootImpl$W@c63877, window-token=android.view.ViewRootImpl$W@c63877, has-window-focus=false, layout-params-type=1, layout-params-string={(0,0)(fillxfill) sim={adjust=resize forwardNavigation} layoutInDisplayCutoutMode=always ty=BASE_APPLICATION wanim=0x103030e
03-09 01:37:48.721 18487 18518 I DetoxActionHandlers:   fl=LAYOUT_IN_SCREEN LAYOUT_INSET_DECOR SPLIT_TOUCH HARDWARE_ACCELERATED DRAWS_SYSTEM_BAR_BACKGROUNDS
03-09 01:37:48.721 18487 18518 I DetoxActionHandlers:   pfl=NO_MOVE_ANIMATION EDGE_TO_EDGE_ENFORCED FORCE_DRAW_STATUS_BAR_BACKGROUND FIT_INSETS_CONTROLLED
03-09 01:37:48.721 18487 18518 I DetoxActionHandlers:   bhv=DEFAULT
03-09 01:37:48.721 18487 18518 I DetoxActionHandlers:   fitSides=
03-09 01:37:48.721 18487 18518 I DetoxActionHandlers:   frameRateBoostOnTouch=true
03-09 01:37:48.721 18487 18518 I DetoxActionHandlers:   dvrrWindowFrameRateHint=true}, decor-view-string=DecorView{id=-1, visibility=VISIBLE, width=1080, height=2424, has-focus=false, has-focusable=true, has-window-focus=false, is-clickable=false, is-enabled=true, is-focused=false, is-focusable=false, is-layout-requested=false, is-selected=false, layout-params={(0,0)(fillxfill) sim={adjust=resize forwardNavigation} layoutInDisplayCutoutMode=always ty=BASE_APPLICATION wanim=0x103030e
03-09 01:37:48.721 18487 18518 I DetoxActionHandlers:   fl=LAYOUT_IN_SCREEN LAYOUT_INSET_DECOR SPLIT_TOUCH HARDWARE_ACCELERATED DRAWS_SYSTEM_BAR_BACKGROUNDS
03-09 01:37:48.721 18487 18518 I DetoxActionHandlers:   pfl=NO_MOVE_ANIMATION EDGE_TO_EDGE_ENFORCED FORCE_DRAW_STATUS_BAR_BACKGROUND FIT_INSETS_CONTROLLED
03-09 01:37:48.721 18487 18518 I DetoxActionHandlers:   bhv=DEFAULT
03-09 01:37:48.721 18487 18518 I DetoxActionHandlers:   fitSides=
03-09 01:37:48.721 18487 18518 I DetoxActionHandlers:   frameRateBoostOnTouch=true
03-09 01:37:48.721 18487 18518 I DetoxActionHandlers:   dvrrWindowFrameRateHint=true}, tag=null, root-is-layout-requested=false, has-input-connection=false, x=0.0, y=0.0, child-count=1}}
03-09 01:37:48.721 18487 18518 I DetoxActionHandlers: 	at androidx.test.espresso.base.RootViewPicker.waitForRootToBeReady(RootViewPicker.java:121)
03-09 01:37:48.721 18487 18518 I DetoxActionHandlers: 	at androidx.test.espresso.base.RootViewPicker.pickRootView(RootViewPicker.java:159)
03-09 01:37:48.721 18487 18518 I DetoxActionHandlers: 	at androidx.test.espresso.base.RootViewPicker.get(RootViewPicker.java:101)
03-09 01:37:48.721 18487 18518 I DetoxActionHandlers: 	at androidx.test.espresso.ViewInteractionModule.provideRootView(ViewInteractionModule.java:83)
03-09 01:37:48.721 18487 18518 I DetoxActionHandlers: 	at androidx.test.espresso.ViewInteractionModule_ProvideRootViewFactory.provideRootView(ViewInteractionModule_ProvideRootViewFactory.java:49)
03-09 01:37:48.721 18487 18518 I DetoxActionHandlers: 	at androidx.test.espresso.ViewInteractionModule_ProvideRootViewFactory.get(ViewInteractionModule_ProvideRootViewFactory.java:39)
03-09 01:37:48.721 18487 18518 I DetoxActionHandlers: 	at androidx.test.espresso.ViewInteractionModule_ProvideRootViewFactory.get(ViewInteractionModule_ProvideRootViewFactory.java:13)
03-09 01:37:48.721 18487 18518 I DetoxActionHandlers: 	at androidx.test.espresso.base.ViewFinderImpl.getView(ViewFinderImpl.java:58)
03-09 01:37:48.721 18487 18518 I DetoxActionHandlers: 	at androidx.test.espresso.ViewInteraction$2.call(ViewInteraction.java:334)
03-09 01:37:48.721 18487 18518 I DetoxActionHandlers: 	at androidx.test.espresso.ViewInteraction$2.call(ViewInteraction.java:319)
03-09 01:37:48.721 18487 18518 I DetoxActionHandlers: 	at java.util.concurrent.FutureTask.run(FutureTask.java:317)
03-09 01:37:48.721 18487 18518 I DetoxActionHandlers: 	at android.os.Handler.handleCallback(Handler.java:995)
03-09 01:37:48.721 18487 18518 I DetoxActionHandlers: 	at android.os.Handler.dispatchMessage(Handler.java:103)
03-09 01:37:48.721 18487 18518 I DetoxActionHandlers: 	at android.os.Looper.loopOnce(Looper.java:248)
03-09 01:37:48.721 18487 18518 I DetoxActionHandlers: 	at android.os.Looper.loop(Looper.java:338)
03-09 01:37:48.721 18487 18518 I DetoxActionHandlers: 	at android.app.ActivityThread.main(ActivityThread.java:9067)
03-09 01:37:48.721 18487 18518 I DetoxActionHandlers: 	at java.lang.reflect.Method.invoke(Native Method)
03-09 01:37:48.721 18487 18518 I DetoxActionHandlers: 	at com.android.internal.os.RuntimeInit$MethodAndArgsCaller.run(RuntimeInit.java:593)
03-09 01:37:48.721 18487 18518 I DetoxActionHandlers: 	at com.android.internal.os.ZygoteInit.main(ZygoteInit.java:932)
03-09 01:37:48.721 18487 18518 I DetoxWSClient:--------- beginning of main
03-09 01:37:53.005 19040 19064 I InstrConnection: Could not send broadcast or register receiver (isolatedProcess?)
03-09 01:37:53.005 19040 19064 D TestRequestBuilder: Using class path scanning to discover tests
03-09 01:37:53.005 19040 19064 I TestRequestBuilder: Scanning classpath to find tests in paths [/data/app/~~xiTg5hs3jCLxb8g-gWYF-Q==/com.notesbrain.echo.test-wlNP-1W_YL1Yb3A14gB6FQ==/base.apk]
03-09 01:37:53.005 19040 19064 W notesbrain.echo: Opening an oat file without a class loader. Are you using the deprecated DexFile APIs?
03-09 01:37:53.075 19040 19064 I TestRunner: run started: 1 tests
03-09 01:37:53.075 19040 19064 I TestRunner: started: runDetoxTests(com.notesbrain.echo.DetoxTest)
03-09 01:37:53.076 19040 19064 I Detox   : Detox server connection details: url=ws://localhost:49394, sessionId=826b9408-ae87-83c6-afd5-7246a67d92b3
03-09 01:37:53.078 19040 19064 I Tracing : Tracer added: class androidx.test.platform.tracing.AndroidXTracer
03-09 01:37:53.079 19040 19064 I Detox   : Connecting to server...
03-09 01:37:53.079 19040 19064 I DetoxWSClient: At connectToServer
03-09 01:37:53.089 19040 19082 D DetoxWSClient: At onOpen
03-09 01:37:53.089 19040 19082 I DetoxWSClient: Sending out action 'login' (ID #0)
03-09 01:37:53.089 19040 19082 I Detox   : Connected to server!
03-09 01:37:53.093 19040 19082 D DetoxWSClient: Received action 'loginSuccess' (ID #0, params={"testerConnected":true,"appConnected":true})
03-09 01:37:53.094 19040 19078 I DetoxDispatcher: Handling action 'loginSuccess' (ID #0)...
03-09 01:37:53.094 19040 19078 I DetoxDispatcher: Done with action 'loginSuccess'
03-09 01:37:53.094 19040 19064 I Detox   : Launching the tested activity!
--------- beginning of system
03-09 01:37:53.132 19040 19094 I DisplayManager: Choreographer implicitly registered for the refresh rate.
03-09 01:37:53.135 19040 19082 D DetoxWSClient: Received action 'isReady' (ID #-1000, params={})
03-09 01:37:53.135 19040 19078 I DetoxDispatcher: Handling action 'isReady' (ID #-1000)...
03-09 01:37:53.157 19040 19040 I notesbrain.echo: AssetManager2(0xb400007662c3e358) locale list changing from [] to [en-US]
03-09 01:37:53.162 19040 19040 D AppCompatDelegate: Checking for metadata for AppLocalesMetadataHolderService : Service not found
03-09 01:37:53.163 19040 19040 I notesbrain.echo: AssetManager2(0xb400007662c46378) locale list changing from [] to [en-US]
03-09 01:37:53.180 19040 19040 E ashmem  : Pinning is deprecated since Android Q. Please use trim or other methods.
03-09 01:37:53.183 19040 19040 D LifecycleMonitor: Lifecycle status change: com.notesbrain.echo.MainActivity@91e02b8 in: PRE_ON_CREATE
03-09 01:37:53.199 19040 19040 W unknown:BridgelessReact: ReactHost{0}.startSurface(surfaceId = 0): Schedule
03-09 01:37:53.199 19040 19040 W unknown:BridgelessReact: ReactHost{0}.attachSurface(surfaceId = 0)
03-09 01:37:53.200 19040 19098 W unknown:BridgelessReact: ReactHost{0}.getOrCreateReactInstanceTask()
03-09 01:37:53.200 19040 19098 W unknown:BridgelessReact: ReactHost{0}.getOrCreateReactInstanceTask(): Start
03-09 01:37:53.200 19040 19098 D Detox.RNMarker: REACT_BRIDGELESS_LOADING_START (null)
03-09 01:37:53.200 19040 19098 W unknown:BridgelessReact: ReactHost{0}.getJSBundleLoader()
03-09 01:37:53.200 19040 19098 W unknown:BridgelessReact: ReactHost{0}.getOrCreateReactContext(): Creating BridgelessReactContext
03-09 01:37:53.200 19040 19098 W unknown:BridgelessReact: ReactHost{0}.getOrCreateReactInstanceTask(): Creating ReactInstance
03-09 01:37:53.202 19040 19040 D CompatChangeReporter: Compat change id reported: 377864165; UID 10226; state: ENABLED
03-09 01:37:53.202 19040 19040 D DesktopModeFlags: Toggle override initialized to: OVERRIDE_UNSET
03-09 01:37:53.203 19040 19094 I EGL_emulation: Opening libGLESv1_CM_emulation.so
03-09 01:37:53.203 19040 19094 I EGL_emulation: Opening libGLESv2_emulation.so
03-09 01:37:53.206 19040 19094 W HWUI    : Failed to choose config with EGL_SWAP_BEHAVIOR_PRESERVED, retrying without...
03-09 01:37:53.207 19040 19094 W HWUI    : Failed to initialize 101010-2 format, error = EGL_SUCCESS
03-09 01:37:53.208 19040 19040 D LifecycleMonitor: Lifecycle status change: com.notesbrain.echo.MainActivity@91e02b8 in: CREATED
03-09 01:37:53.209 19040 19040 D LifecycleMonitor: Lifecycle status change: com.notesbrain.echo.MainActivity@91e02b8 in: STARTED
03-09 01:37:53.209 19040 19040 W WindowOnBackDispatcher: OnBackInvokedCallback is not enabled for the application.
03-09 01:37:53.209 19040 19040 W WindowOnBackDispatcher: Set 'android:enableOnBackInvokedCallback="true"' in the application manifest.
03-09 01:37:53.211 19040 19040 W unknown:BridgelessReact: ReactHost{0}.onHostResume(activity)
03-09 01:37:53.211 19040 19040 W unknown:BridgelessReact: ReactContext.onHostResume()
03-09 01:37:53.211 19040 19040 D LifecycleMonitor: Lifecycle status change: com.notesbrain.echo.MainActivity@91e02b8 in: RESUMED
03-09 01:37:53.217 19040 19098 D nativeloader: Load /data/app/~~G4WkLMCTy_gONrfYdT0gjg==/com.notesbrain.echo-YY9p3W9DuQ41vH06d-QrWw==/base.apk!/lib/arm64-v8a/libhermes.so using class loader ns clns-9 (caller=/data/app/~~G4WkLMCTy_gONrfYdT0gjg==/com.notesbrain.echo-YY9p3W9DuQ41vH06d-QrWw==/base.apk!classes3.dex): ok
03-09 01:37:53.220 19040 19040 W HWUI    : Unknown dataspace 0
03-09 01:37:53.221 19040 19098 D nativeloader: Load /data/app/~~G4WkLMCTy_gONrfYdT0gjg==/com.notesbrain.echo-YY9p3W9DuQ41vH06d-QrWw==/base.apk!/lib/arm64-v8a/libhermestooling.so using class loader ns clns-9 (caller=/data/app/~~G4WkLMCTy_gONrfYdT0gjg==/com.notesbrain.echo-YY9p3W9DuQ41vH06d-QrWw==/base.apk!classes3.dex): ok
03-09 01:37:53.221 19040 19098 D jni_lib_merge: Entering merged library JNI_OnLoad.
03-09 01:37:53.221 19040 19098 D jni_lib_merge: Preparing 4 pre-merged libs (including stub)
03-09 01:37:53.221 19040 19098 D jni_lib_merge: Preparing to register libhermes_executor_so.  onload_func: 0x74d29ed4b0
03-09 01:37:53.221 19040 19098 D jni_lib_merge: Preparing to register libhermesinstancejni_so.  onload_func: 0x74d29f4900
03-09 01:37:53.221 19040 19098 D jni_lib_merge: Preparing to register libjsijniprofiler_so.  onload_func: 0x74d29f50ec
03-09 01:37:53.221 19040 19098 D jni_lib_merge: About to register 3 actual methods.
03-09 01:37:53.246 19040 19098 I ExpoModulesCore: ✅ AppContext was initialized
03-09 01:37:53.257 19040 19098 W unknown:BridgelessReact: ReactHost{0}.getOrCreateReactInstanceTask(): Loading JS Bundle
03-09 01:37:53.257 19040 19098 W unknown:BridgelessReact: ReactHost{0}.getOrCreateReactInstanceTask(): Calling DevSupportManagerBase.onNewReactContextCreated(reactContext)
03-09 01:37:53.257 19040 19098 W unknown:BridgelessReact: ReactHost{0}.startSurface(surfaceId = 0): Execute
03-09 01:37:53.257 19040 19099 D Detox.RNMarker: RUN_JS_BUNDLE_START (index.android.bundle)
03-09 01:37:53.267 19040 19040 W unknown:BridgelessReact: ReactContext.onHostResume()
03-09 01:37:53.267 19040 19040 W unknown:BridgelessReact: ReactHost{0}.getOrCreateReactInstanceTask(): Executing ReactInstanceEventListeners
03-09 01:37:53.275 19040 19099 D nativeloader: Load /data/app/~~G4WkLMCTy_gONrfYdT0gjg==/com.notesbrain.echo-YY9p3W9DuQ41vH06d-QrWw==/base.apk!/lib/arm64-v8a/libexpo-modules-core.so using class loader ns clns-9 (caller=/data/app/~~G4WkLMCTy_gONrfYdT0gjg==/com.notesbrain.echo-YY9p3W9DuQ41vH06d-QrWw==/base.apk!classes3.dex): ok
03-09 01:37:53.285 19040 19099 W unknown:ViewManagerPropertyUpdater: Could not find generated setter for class com.th3rdwave.safeareacontext.SafeAreaProviderManager
03-09 01:37:53.286 19040 19099 W unknown:ViewManagerPropertyUpdater: Could not find generated setter for class com.facebook.react.uimanager.LayoutShadowNode
03-09 01:37:53.287 19040 19099 W unknown:ViewManagerPropertyUpdater: Could not find generated setter for class com.swmansion.rnscreens.SearchBarManager
03-09 01:37:53.287 19040 19099 W unknown:ViewManagerPropertyUpdater: Could not find generated setter for class com.swmansion.rnscreens.ScreenFooterManager
03-09 01:37:53.288 19040 19099 W unknown:ViewManagerPropertyUpdater: Could not find generated setter for class com.swmansion.rnscreens.gamma.tabs.TabScreenViewManager
03-09 01:37:53.288 19040 19099 W unknown:ViewManagerPropertyUpdater: Could not find generated setter for class com.swmansion.rnscreens.ScreenContainerViewManager
03-09 01:37:53.288 19040 19099 W unknown:ViewManagerPropertyUpdater: Could not find generated setter for class com.swmansion.rnscreens.gamma.tabs.TabsHostViewManager
03-09 01:37:53.288 19040 19099 W unknown:ViewManagerPropertyUpdater: Could not find generated setter for class com.swmansion.rnscreens.ModalScreenViewManager
03-09 01:37:53.289 19040 19099 W unknown:ViewManagerPropertyUpdater: Could not find generated setter for class com.swmansion.rnscreens.ScreenStackHeaderConfigViewManager
03-09 01:37:53.289 19040 19099 W unknown:ViewManagerPropertyUpdater: Could not find generated setter for class com.swmansion.rnscreens.ScreenContentWrapperManager
03-09 01:37:53.289 19040 19099 W unknown:ViewManagerPropertyUpdater: Could not find generated setter for class com.th3rdwave.safeareacontext.SafeAreaViewManager
03-09 01:37:53.289 19040 19099 W unknown:ViewManagerPropertyUpdater: Could not find generated setter for class com.th3rdwave.safeareacontext.SafeAreaViewShadowNode
03-09 01:37:53.289 19040 19099 W unknown:ViewManagerPropertyUpdater: Could not find generated setter for class com.swmansion.rnscreens.ScreenViewManager
03-09 01:37:53.290 19040 19099 W unknown:ViewManagerPropertyUpdater: Could not find generated setter for class com.swmansion.rnscreens.ScreenStackHeaderSubviewManager
03-09 01:37:53.290 19040 19099 W unknown:ViewManagerPropertyUpdater: Could not find generated setter for class com.reactnativecommunity.picker.ReactDialogPickerManager
03-09 01:37:53.290 19040 19099 W unknown:ViewManagerPropertyUpdater: Could not find generated setter for class com.reactnativecommunity.picker.ReactPickerShadowNode
03-09 01:37:53.290 19040 19099 W unknown:ViewManagerPropertyUpdater: Could not find generated setter for class com.swmansion.rnscreens.ScreenStackViewManager
03-09 01:37:53.290 19040 19099 W unknown:ViewManagerPropertyUpdater: Could not find generated setter for class com.reactnativecommunity.picker.ReactDropdownPickerManager
03-09 01:37:53.295 19040 19099 W unknown:ViewManagerPropertyUpdater: Could not find generated setter for class com.facebook.react.views.safeareaview.ReactSafeAreaViewManager
03-09 01:37:53.295 19040 19099 W unknown:ViewManagerPropertyUpdater: Could not find generated setter for class com.facebook.react.views.safeareaview.ReactSafeAreaViewShadowNode
03-09 01:37:53.295 19040 19099 W unknown:ViewManagerPropertyUpdater: Could not find generated setter for class com.facebook.react.views.modal.ReactModalHostManager
03-09 01:37:53.296 19040 19099 W unknown:ViewManagerPropertyUpdater: Could not find generated setter for class com.facebook.react.views.text.frescosupport.FrescoBasedReactTextInlineImageViewManager
03-09 01:37:53.296 19040 19099 W unknown:ViewManagerPropertyUpdater: Could not find generated setter for class com.facebook.react.views.text.frescosupport.FrescoBasedReactTextInlineImageShadowNode
03-09 01:37:53.297 19040 19099 W unknown:ViewManagerPropertyUpdater: Could not find generated setter for class com.facebook.react.views.progressbar.ReactProgressBarViewManager
03-09 01:37:53.297 19040 19099 W unknown:ViewManagerPropertyUpdater: Could not find generated setter for class com.facebook.react.views.progressbar.ProgressBarShadowNode
03-09 01:37:53.298 19040 19099 W unknown:ViewManagerPropertyUpdater: Could not find generated setter for class com.facebook.react.views.scroll.ReactHorizontalScrollViewManager
03-09 01:37:53.299 19040 19099 W unknown:ViewManagerPropertyUpdater: Could not find generated setter for class com.facebook.react.views.image.ReactImageManager
03-09 01:37:53.300 19040 19099 W unknown:ViewManagerPropertyUpdater: Could not find generated setter for class com.facebook.react.views.text.ReactTextViewManager
03-09 01:37:53.301 19040 19099 W unknown:ViewManagerPropertyUpdater: Could not find generated setter for class com.facebook.react.views.text.ReactTextShadowNode
03-09 01:37:53.301 19040 19099 W unknown:ViewManagerPropertyUpdater: Could not find generated setter for class com.facebook.react.views.scroll.ReactHorizontalScrollContainerViewManager
03-09 01:37:53.302 19040 19099 W unknown:ViewManagerPropertyUpdater: Could not find generated setter for class com.facebook.react.views.unimplementedview.ReactUnimplementedViewManager
03-09 01:37:53.302 19040 19099 W unknown:ViewManagerPropertyUpdater: Could not find generated setter for class com.facebook.react.views.scroll.ReactScrollViewManager
03-09 01:37:53.303 19040 19099 W unknown:ViewManagerPropertyUpdater: Could not find generated setter for class com.facebook.react.views.view.ReactViewManager
03-09 01:37:53.304 19040 19099 W unknown:ViewManagerPropertyUpdater: Could not find generated setter for class com.facebook.react.views.drawer.ReactDrawerLayoutManager
03-09 01:37:53.304 19040 19099 W unknown:ViewManagerPropertyUpdater: Could not find generated setter for class com.facebook.react.views.switchview.ReactSwitchManager
03-09 01:37:53.305 19040 19099 W unknown:ViewManagerPropertyUpdater: Could not find generated setter for class com.facebook.react.views.switchview.ReactSwitchShadowNode
03-09 01:37:53.305 19040 19099 W unknown:ViewManagerPropertyUpdater: Could not find generated setter for class com.facebook.react.views.text.ReactVirtualTextViewManager
03-09 01:37:53.305 19040 19099 W unknown:ViewManagerPropertyUpdater: Could not find generated setter for class com.facebook.react.views.text.ReactVirtualTextShadowNode
03-09 01:37:53.305 19040 19099 W unknown:ViewManagerPropertyUpdater: Could not find generated setter for class com.facebook.react.views.swiperefresh.SwipeRefreshLayoutManager
03-09 01:37:53.306 19040 19099 W unknown:ViewManagerPropertyUpdater: Could not find generated setter for class com.facebook.react.views.text.ReactRawTextManager
03-09 01:37:53.306 19040 19099 W unknown:ViewManagerPropertyUpdater: Could not find generated setter for class com.facebook.react.views.text.ReactRawTextShadowNode
03-09 01:37:53.306 19040 19099 W unknown:ViewManagerPropertyUpdater: Could not find generated setter for class com.facebook.react.views.textinput.ReactTextInputManager
03-09 01:37:53.306 19040 19099 W unknown:ViewManagerPropertyUpdater: Could not find generated setter for class com.facebook.react.views.textinput.ReactTextInputShadowNode
03-09 01:37:53.309 19040 19099 W BridgelessReactContext: [WARNING] Bridgeless doesn't support CatalystInstance. Accessing an API that's not part of the new architecture is not encouraged usage.
03-09 01:37:53.312 19040 19099 I ExpoModulesCore: ✅ JSI interop was installed
03-09 01:37:53.313 19040 19099 I ExpoModulesCore: ✅ Constants were exported
03-09 01:37:53.326 19040 19099 D nativeloader: Load /data/app/~~G4WkLMCTy_gONrfYdT0gjg==/com.notesbrain.echo-YY9p3W9DuQ41vH06d-QrWw==/base.apk!/lib/arm64-v8a/librnscreens.so using class loader ns clns-9 (caller=/data/app/~~G4WkLMCTy_gONrfYdT0gjg==/com.notesbrain.echo-YY9p3W9DuQ41vH06d-QrWw==/base.apk!classes4.dex): ok
03-09 01:37:53.328 19040 19099 D Detox.RNMarker: RUN_JS_BUNDLE_END (index.android.bundle)
03-09 01:37:53.329 19040 19099 I ReactNativeJS: Running "main"
03-09 01:37:53.337 19040 19099 V AsyncStorageExpoMigration: No scoped database found
03-09 01:37:53.338 19040 19040 D DetoxRNLoading: Got new RN-context directly and immediately
03-09 01:37:53.338 19040 19064 I DetoxRNIdleRes: Setting up Espresso Idling Resources for React Native
03-09 01:37:53.344 19040 19064 D IdlingRegistry: Registering idling resources: [com.wix.detox.reactnative.idlingresources.uimodule.fabric.FabricUIManagerIdlingResources@22ee763]
03-09 01:37:53.344 19040 19064 D IdlingRegistry: Registering idling resources: [com.wix.detox.reactnative.idlingresources.animations.AnimatedModuleIdlingResource@20adf60]
03-09 01:37:53.344 19040 19064 D IdlingRegistry: Registering idling resources: [com.wix.detox.reactnative.idlingresources.timers.FabricTimersIdlingResource@2f08c19]
03-09 01:37:53.344 19040 19064 D IdlingRegistry: Registering idling resources: [com.wix.detox.reactnative.idlingresources.network.NetworkIdlingResource@f7174de]
03-09 01:37:53.344 19040 19064 D IdlingRegistry: Registering idling resources: [com.wix.detox.reactnative.idlingresources.StabilizedIdlingResource@69e96bf]
03-09 01:37:53.394 19040 19099 D Detox.RNMarker: REACT_BRIDGELESS_LOADING_END (null)
03-09 01:37:53.397 19040 19040 D Detox.RNMarker: CONTENT_APPEARED (main)
03-09 01:37:53.426 19040 19100 W unknown:ReactNative: StatusBarModule: Ignored status bar change, current activity is edge-to-edge.
03-09 01:37:53.426 19040 19100 W unknown:ReactNative: StatusBarModule: Ignored status bar change, current activity is edge-to-edge.
03-09 01:37:53.431 19040 19040 W [RNScreens]: backTitleVisible prop is not available on Android
03-09 01:37:53.431 19040 19040 W [RNScreens]: backTitleFontFamily prop is not available on Android
03-09 01:37:53.431 19040 19040 W [RNScreens]: disableBackButtonMenu prop is not available on Android
03-09 01:37:53.431 19040 19040 W [RNScreens]: largeTitleFontFamily prop is not available on Android
03-09 01:37:53.431 19040 19040 W [RNScreens]: largeTitleFontWeight prop is not available on Android
03-09 01:37:53.431 19040 19040 W [RNScreens]: largeTitleHideShadow prop is not available on Android
03-09 01:37:53.442 19040 19099 I ReactNativeJS: 'Auth state changed:', 'INITIAL_SESSION', undefined
03-09 01:37:53.451 19040 19099 W HWUI    : Image decoding logging dropped!
03-09 01:37:53.451 19040 19099 W HWUI    : Image decoding logging dropped!
03-09 01:37:53.470 19040 19040 W [RNScreens]: backTitle prop is not available on Android
03-09 01:37:53.470 19040 19040 W [RNScreens]: backTitleFontFamily prop is not available on Android
03-09 01:37:53.470 19040 19040 W [RNScreens]: disableBackButtonMenu prop is not available on Android
03-09 01:37:53.470 19040 19040 W [RNScreens]: backTitleVisible prop is not available on Android
03-09 01:37:53.470 19040 19040 W [RNScreens]: largeTitleHideShadow prop is not available on Android
03-09 01:37:53.470 19040 19040 W [RNScreens]: largeTitleFontWeight prop is not available on Android
03-09 01:37:53.470 19040 19040 W [RNScreens]: largeTitleFontFamily prop is not available on Android
03-09 01:37:53.470 19040 19040 W [RNScreens]: backTitleVisible prop is not available on Android
03-09 01:37:53.470 19040 19040 W [RNScreens]: backTitleFontFamily prop is not available on Android
03-09 01:37:53.470 19040 19040 W [RNScreens]: disableBackButtonMenu prop is not available on Android
03-09 01:37:53.470 19040 19040 W [RNScreens]: largeTitleFontFamily prop is not available on Android
03-09 01:37:53.470 19040 19040 W [RNScreens]: largeTitleFontWeight prop is not available on Android
03-09 01:37:53.470 19040 19040 W [RNScreens]: largeTitleHideShadow prop is not available on Android
03-09 01:37:56.703 19040 19040 W UiControllerImpl: Waiting for: DYNAMIC_TASKS_HAVE_IDLED for 600 iterations.
03-09 01:37:58.184 19040 19040 W UiControllerImpl: Waiting for: DYNAMIC_TASKS_HAVE_IDLED for 700 iterations.
03-09 01:37:58.394 19040 19040 I Detox   : Wait is over: App is now idle!
03-09 01:37:58.394 19040 19078 I DetoxWSClient: Sending out action 'ready' (ID #-1000)
03-09 01:37:58.394 19040 19078 I DetoxDispatcher: Done with action 'isReady'
03-09 01:37:58.527 19040 19082 D DetoxWSClient: Received action 'invoke' (ID #15, params={"target":{"type":"Class","value":"com.wix.detox.espresso.DetoxAssertion"},"method":"waitForAssertMatcher","args":[{"type":"Invocation","value":{"target":{"type":"Class","value":"androidx.test.espresso.Espresso"},"method":"onView","args":[{"type":"Invocation","value":{"target":{"type":"Class","value":"com.wix.detox.espresso.DetoxMatcher"},"method":"matcherForText","args":["Close app",{"type":"boolean","value":false}]}}]}},{"type":"Invocation","value":{"target":{"type":"Class","value":"com.wix.detox.espresso.DetoxMatcher"},"method":"matcherForSufficientlyVisible","args":[{"type":"Integer","value":75}]}},{"type":"Double","value":1}]})
03-09 01:37:58.527 19040 19078 I DetoxDispatcher: Handling action 'invoke' (ID #15)...
03-09 01:37:58.528 19040 19078 D Detox   : class com.wix.detox.espresso.DetoxMatcher, matcherForText, [Close app, false]
03-09 01:37:58.528 19040 19078 D Detox   : class androidx.test.espresso.Espresso, onView, [(an instance of android.widget.TextView and view.getText() with or without transformation to match: is "Close app" and view has effective visibility <VISIBLE>)]
03-09 01:37:58.528 19040 19078 D Detox   : class com.wix.detox.espresso.DetoxMatcher, matcherForSufficientlyVisible, [75]
03-09 01:37:58.528 19040 19078 D Detox   : class com.wix.detox.espresso.DetoxAssertion, waitForAssertMatcher, [androidx.test.espresso.ViewInteraction@3f0847c, (view has effective visibility <VISIBLE> and view.getGlobalVisibleRect() covers at least <75> percent of the view's area), 1.0]
03-09 01:37:58.530 19040 19040 D RootViewPicker: Root not ready - waiting: 10ms for one to appear.
03-09 01:37:58.543 19040 19040 D RootViewPicker: Root not ready - waiting: 25ms for one to appear.
03-09 01:37:58.570 19040 19040 D RootViewPicker: Root not ready - waiting: 50ms for one to appear.
03-09 01:37:58.640 19040 19040 D RootViewPicker: Root not ready - waiting: 100ms for one to appear.
03-09 01:37:58.640 19040 19127 D ProfileInstaller: Installing profile for com.notesbrain.echo
03-09 01:37:58.742 19040 19040 D RootViewPicker: Root not ready - waiting: 200ms for one to appear.
03-09 01:37:58.948 19040 19040 D RootViewPicker: Root not ready - waiting: 400ms for one to appear.
03-09 01:37:59.349 19040 19040 D RootViewPicker: Root not ready - waiting: 800ms for one to appear.
03-09 01:38:00.151 19040 19040 D RootViewPicker: Root not ready - waiting: 1000ms for one to appear.
03-09 01:38:01.156 19040 19040 D RootViewPicker: Root not ready - waiting: 1000ms for one to appear.
03-09 01:38:02.159 19040 19040 D RootViewPicker: Root not ready - waiting: 1000ms for one to appear.
03-09 01:38:03.165 19040 19040 D RootViewPicker: Root not ready - waiting: 1000ms for one to appear.
03-09 01:38:03.181 19040 19044 W notesbrain.echo: Cleared Reference was only reachable from finalizer (only reported once)
03-09 01:38:04.169 19040 19040 D RootViewPicker: Root not ready - waiting: 1000ms for one to appear.
03-09 01:38:05.171 19040 19040 D RootViewPicker: Root not ready - waiting: 1000ms for one to appear.
03-09 01:38:06.174 19040 19040 D RootViewPicker: Root not ready - waiting: 1000ms for one to appear.
03-09 01:38:07.178 19040 19040 D RootViewPicker: Root not ready - waiting: 1000ms for one to appear.
03-09 01:38:08.185 19040 19040 D RootViewPicker: Root not ready - waiting: 1000ms for one to appear.
03-09 01:38:08.533 19040 19082 D DetoxWSClient: Received action 'currentStatus' (ID #16, params={})
03-09 01:38:08.534 19040 19079 I DetoxDispatcher: Handling action 'currentStatus' (ID #16)...
03-09 01:38:08.536 19040 19079 I DetoxWSClient: Sending out action 'currentStatusResult' (ID #16)
03-09 01:38:08.536 19040 19079 I DetoxDispatcher: Done with action 'currentStatus'
03-09 01:38:09.197 19040 19078 I DetoxActionHandlers: Test exception
03-09 01:38:09.197 19040 19078 I DetoxActionHandlers: java.lang.reflect.InvocationTargetException
03-09 01:38:09.197 19040 19078 I DetoxActionHandlers: 	at java.lang.reflect.Method.invoke(Native Method)
03-09 01:38:09.197 19040 19078 I DetoxActionHandlers: 	at org.apache.commons.lang3.reflect.MethodUtils.invokeStaticMethod(MethodUtils.java:443)
03-09 01:38:09.197 19040 19078 I DetoxActionHandlers: 	at org.apache.commons.lang3.reflect.MethodUtils.invokeStaticMethod(MethodUtils.java:405)
03-09 01:38:09.197 19040 19078 I DetoxActionHandlers: 	at com.wix.invoke.types.ClassTarget.execute(ClassTarget.java:23)
03-09 01:38:09.197 19040 19078 I DetoxActionHandlers: 	at com.wix.invoke.types.Target.invoke(Target.java:59)
03-09 01:38:09.197 19040 19078 I DetoxActionHandlers: 	at com.wix.invoke.MethodInvocation.invoke(MethodInvocation.java:35)
03-09 01:38:09.197 19040 19078 I DetoxActionHandlers: 	at com.wix.invoke.MethodInvocation.invoke(MethodInvocation.java:26)
03-09 01:38:09.197 19040 19078 I DetoxActionHandlers: 	at com.wix.invoke.MethodInvocation.invoke(MethodInvocation.java:20)
03-09 01:38:09.197 19040 19078 I DetoxActionHandlers: 	at com.wix.detox.adapters.server.InvokeActionHandler.handle(DetoxActionHandlers.kt:54)
03-09 01:38:09.197 19040 19078 I DetoxActionHandlers: 	at com.wix.detox.adapters.server.ActionsExecutor.executeAction$lambda$2$lambda$1(DetoxActionsDispatcher.kt:76)
03-09 01:38:09.197 19040 19078 I DetoxActionHandlers: 	at com.wix.detox.adapters.server.ActionsExecutor.$r8$lambda$GVbB7LHtBHxNHGbgYnHJ6YrwCqs(Unknown Source:0)
03-09 01:38:09.197 19040 19078 I DetoxActionHandlers: 	at com.wix.detox.adapters.server.ActionsExecutor$$ExternalSyntheticLambda0.run(D8$$SyntheticClass:0)
03-09 01:38:09.197 19040 19078 I DetoxActionHandlers: 	at android.os.Handler.handleCallback(Handler.java:995)
03-09 01:38:09.197 19040 19078 I DetoxActionHandlers: 	at android.os.Handler.dispatchMessage(Handler.java:103)
03-09 01:38:09.197 19040 19078 I DetoxActionHandlers: 	at android.os.Looper.loopOnce(Looper.java:248)
03-09 01:38:09.197 19040 19078 I DetoxActionHandlers: 	at android.os.Looper.loop(Looper.java:338)
03-09 01:38:09.197 19040 19078 I DetoxActionHandlers: 	at com.wix.detox.adapters.server.ActionsExecutor._init_$lambda$0(DetoxActionsDispatcher.kt:62)
03-09 01:38:09.197 19040 19078 I DetoxActionHandlers: 	at com.wix.detox.adapters.server.ActionsExecutor.$r8$lambda$xlgL0CQim6vNM0wWEqM8JIDgZUE(Unknown Source:0)
03-09 01:38:09.197 19040 19078 I DetoxActionHandlers: 	at com.wix.detox.adapters.server.ActionsExecutor$$ExternalSyntheticLambda1.run(D8$$SyntheticClass:0)
03-09 01:38:09.197 19040 19078 I DetoxActionHandlers: 	at java.lang.Thread.run(Thread.java:1119)
03-09 01:38:09.197 19040 19078 I DetoxActionHandlers: Caused by: androidx.test.espresso.base.RootViewPicker$RootViewWithoutFocusException: Waited for the root of the view hierarchy to have window focus and not request layout for 10 seconds. If you specified a non default root matcher, it may be picking a root that never takes focus. Root:
03-09 01:38:09.197 19040 19078 I DetoxActionHandlers: Root{application-window-token=android.view.ViewRootImpl$W@8416080, window-token=android.view.ViewRootImpl$W@8416080, has-window-focus=false, layout-params-type=1, layout-params-string={(0,0)(fillxfill) sim={adjust=resize forwardNavigation} layoutInDisplayCutoutMode=always ty=BASE_APPLICATION wanim=0x103030e
03-09 01:38:09.197 19040 19078 I DetoxActionHandlers:   fl=LAYOUT_IN_SCREEN LAYOUT_INSET_DECOR SPLIT_TOUCH HARDWARE_ACCELERATED DRAWS_SYSTEM_BAR_BACKGROUNDS
03-09 01:38:09.197 19040 19078 I DetoxActionHandlers:   pfl=NO_MOVE_ANIMATION EDGE_TO_EDGE_ENFORCED FORCE_DRAW_STATUS_BAR_BACKGROUND FIT_INSETS_CONTROLLED
03-09 01:38:09.197 19040 19078 I DetoxActionHandlers:   bhv=DEFAULT
03-09 01:38:09.197 19040 19078 I DetoxActionHandlers:   fitSides=
03-09 01:38:09.197 19040 19078 I DetoxActionHandlers:   frameRateBoostOnTouch=true
03-09 01:38:09.197 19040 19078 I DetoxActionHandlers:   dvrrWindowFrameRateHint=true}, decor-view-string=DecorView{id=-1, visibility=VISIBLE, width=1080, height=2424, has-focus=true, has-focusable=true, has-window-focus=false, is-clickable=false, is-enabled=true, is-focused=false, is-focusable=false, is-layout-requested=false, is-selected=false, layout-params={(0,0)(fillxfill) sim={adjust=resize forwardNavigation} layoutInDisplayCutoutMode=always ty=BASE_APPLICATION wanim=0x103030e
03-09 01:38:09.197 19040 19078 I DetoxActionHandlers:   fl=LAYOUT_IN_SCREEN LAYOUT_INSET_DECOR SPLIT_TOUCH HARDWARE_ACCELERATED DRAWS_SYSTEM_BAR_BACKGROUNDS
03-09 01:38:09.197 19040 19078 I DetoxActionHandlers:   pfl=NO_MOVE_ANIMATION EDGE_TO_EDGE_ENFORCED FORCE_DRAW_STATUS_BAR_BACKGROUND FIT_INSETS_CONTROLLED
03-09 01:38:09.197 19040 19078 I DetoxActionHandlers:   bhv=DEFAULT
03-09 01:38:09.197 19040 19078 I DetoxActionHandlers:   fitSides=
03-09 01:38:09.197 19040 19078 I DetoxActionHandlers:   frameRateBoostOnTouch=true
03-09 01:38:09.197 19040 19078 I DetoxActionHandlers:   dvrrWindowFrameRateHint=true}, tag=null, root-is-layout-requested=false, has-input-connection=false, x=0.0, y=0.0, child-count=1}}
03-09 01:38:09.197 19040 19078 I DetoxActionHandlers: 	at androidx.test.espresso.base.RootViewPicker.waitForRootToBeReady(RootViewPicker.java:121)
03-09 01:38:09.197 19040 19078 I DetoxActionHandlers: 	at androidx.test.espresso.base.RootViewPicker.pickRootView(RootViewPicker.java:159)
03-09 01:38:09.197 19040 19078 I DetoxActionHandlers: 	at androidx.test.espresso.base.RootViewPicker.get(RootViewPicker.java:101)
03-09 01:38:09.197 19040 19078 I DetoxActionHandlers: 	at androidx.test.espresso.ViewInteractionModule.provideRootView(ViewInteractionModule.java:83)
03-09 01:38:09.197 19040 19078 I DetoxActionHandlers: 	at androidx.test.espresso.ViewInteractionModule_ProvideRootViewFactory.provideRootView(ViewInteractionModule_ProvideRootViewFactory.java:49)
03-09 01:38:09.197 19040 19078 I DetoxActionHandlers: 	at androidx.test.espresso.ViewInteractionModule_ProvideRootViewFactory.get(ViewInteractionModule_ProvideRootViewFactory.java:39)
03-09 01:38:09.197 19040 19078 I DetoxActionHandlers: 	at androidx.test.espresso.ViewInteractionModule_ProvideRootViewFactory.get(ViewInteractionModule_ProvideRootViewFactory.java:13)
03-09 01:38:09.197 19040 19078 I DetoxActionHandlers: 	at androidx.test.espresso.base.ViewFinderImpl.getView(ViewFinderImpl.java:58)
03-09 01:38:09.197 19040 19078 I DetoxActionHandlers: 	at androidx.test.espresso.ViewInteraction$2.call(ViewInteraction.java:334)
03-09 01:38:09.197 19040 19078 I DetoxActionHandlers: 	at androidx.test.espresso.ViewInteraction$2.call(ViewInteraction.java:319)
03-09 01:38:09.197 19040 19078 I DetoxActionHandlers: 	at java.util.concurrent.FutureTask.run(FutureTask.java:317)
03-09 01:38:09.197 19040 19078 I DetoxActionHandlers: 	at android.os.Handler.handleCallback(Handler.java:995)
03-09 01:38:09.197 19040 19078 I DetoxActionHandlers: 	at android.os.Handler.dispatchMessage(Handler.java:103)
03-09 01:38:09.197 19040 19078 I DetoxActionHandlers: 	at android.os.Looper.loopOnce(Looper.java:248)
03-09 01:38:09.197 19040 19078 I DetoxActionHandlers: 	at android.os.Looper.loop(Looper.java:338)
03-09 01:38:09.197 19040 19078 I DetoxActionHandlers: 	at android.app.ActivityThread.main(ActivityThread.java:9067)
03-09 01:38:09.197 19040 19078 I DetoxActionHandlers: 	at java.lang.reflect.Method.invoke(Native Method)
03-09 01:38:09.197 19040 19078 I DetoxActionHandlers: 	at com.android.internal.os.RuntimeInit$MethodAndArgsCaller.run(RuntimeInit.java:593)
03-09 01:38:09.197 19040 19078 I DetoxActionHandlers: 	at com.android.internal.os.ZygoteInit.main(ZygoteInit.java:932)
03-09 01:38:09.197 19040 19078 I DetoxWSClient: Sending out action 'testFailed' (ID #15)
03-09 01:38:09.198 19040 19078 I DetoxDispatcher: Done with action 'invoke'
03-09 01:38:09.201 19040 19082 D DetoxWSClient: Received action 'invoke' (ID #17, params={"target":{"type":"Class","value":"com.wix.detox.espresso.DetoxAssertion"},"method":"waitForAssertMatcher","args":[{"type":"Invocation","value":{"target":{"type":"Class","value":"androidx.test.espresso.Espresso"},"method":"onView","args":[{"type":"Invocation","value":{"target":{"type":"Class","value":"com.wix.detox.espresso.DetoxMatcher"},"method":"matcherForTestId","args":["login-email-input",{"type":"boolean","value":false}]}}]}},{"type":"Invocation","value":{"target":{"type":"Class","value":"com.wix.detox.espresso.DetoxMatcher"},"method":"matcherForSufficientlyVisible","args":[{"type":"Integer","value":75}]}},{"type":"Double","value":6}]})
03-09 01:38:09.201 19040 19078 I DetoxDispatcher: Handling action 'invoke' (ID #17)...
03-09 01:38:09.201 19040 19078 D Detox   : class com.wix.detox.espresso.DetoxMatcher, matcherForTestId, [login-email-input, false]
03-09 01:38:09.201 19040 19078 D Detox   : class androidx.test.espresso.Espresso, onView, [(view.getTag() is "login-email-input" and view has effective visibility <VISIBLE>)]
03-09 01:38:09.202 19040 19078 D Detox   : class com.wix.detox.espresso.DetoxMatcher, matcherForSufficientlyVisible, [75]
03-09 01:38:09.202 19040 19078 D Detox   : class com.wix.detox.espresso.DetoxAssertion, waitForAssertMatcher, [androidx.test.espresso.ViewInteraction@c5413f1, (view has effective visibility <VISIBLE> and view.getGlobalVisibleRect() covers at least <75> percent of the view's area), 6.0]
03-09 01:38:09.202 19040 19040 D RootViewPicker: Root not ready - waiting: 10ms for one to appear.
03-09 01:38:09.213 19040 19040 D RootViewPicker: Root not ready - waiting: 25ms for one to appear.
03-09 01:38:09.240 19040 19040 D RootViewPicker: Root not ready - waiting: 50ms for one to appear.
03-09 01:38:09.299 19040 19040 D RootViewPicker: Root not ready - waiting: 100ms for one to appear.
03-09 01:38:09.401 19040 19040 D RootViewPicker: Root not ready - waiting: 200ms for one to appear.
03-09 01:38:09.604 19040 19040 D RootViewPicker: Root not ready - waiting: 400ms for one to appear.
03-09 01:38:10.011 19040 19040 D RootViewPicker: Root not ready - waiting: 800ms for one to appear.
03-09 01:38:10.817 19040 19040 D RootViewPicker: Root not ready - waiting: 1000ms for one to appear.
03-09 01:38:11.820 19040 19040 D RootViewPicker: Root not ready - waiting: 1000ms for one to appear.
03-09 01:38:12.824 19040 19040 D RootViewPicker: Root not ready - waiting: 1000ms for one to appear.
03-09 01:38:13.829 19040 19040 D RootViewPicker: Root not ready - waiting: 1000ms for one to appear.
03-09 01:38:14.833 19040 19040 D RootViewPicker: Root not ready - waiting: 1000ms for one to appear.
03-09 01:38:15.838 19040 19040 D RootViewPicker: Root not ready - waiting: 1000ms for one to appear.
03-09 01:38:16.844 19040 19040 D RootViewPicker: Root not ready - waiting: 1000ms for one to appear.
03-09 01:38:17.852 19040 19040 D RootViewPicker: Root not ready - waiting: 1000ms for one to appear.
03-09 01:38:18.855 19040 19040 D RootViewPicker: Root not ready - waiting: 1000ms for one to appear.
03-09 01:38:19.202 19040 19082 D DetoxWSClient: Received action 'currentStatus' (ID #18, params={})
03-09 01:38:19.203 19040 19079 I DetoxDispatcher: Handling action 'currentStatus' (ID #18)...
03-09 01:38:19.205 19040 19079 I DetoxWSClient: Sending out action 'currentStatusResult' (ID #18)
03-09 01:38:19.205 19040 19079 I DetoxDispatcher: Done with action 'currentStatus'
03-09 01:38:19.863 19040 19078 I DetoxActionHandlers: Test exception
03-09 01:38:19.863 19040 19078 I DetoxActionHandlers: java.lang.reflect.InvocationTargetException
03-09 01:38:19.863 19040 19078 I DetoxActionHandlers: 	at java.lang.reflect.Method.invoke(Native Method)
03-09 01:38:19.863 19040 19078 I DetoxActionHandlers: 	at org.apache.commons.lang3.reflect.MethodUtils.invokeStaticMethod(MethodUtils.java:443)
03-09 01:38:19.863 19040 19078 I DetoxActionHandlers: 	at org.apache.commons.lang3.reflect.MethodUtils.invokeStaticMethod(MethodUtils.java:405)
03-09 01:38:19.863 19040 19078 I DetoxActionHandlers: 	at com.wix.invoke.types.ClassTarget.execute(ClassTarget.java:23)
03-09 01:38:19.863 19040 19078 I DetoxActionHandlers: 	at com.wix.invoke.types.Target.invoke(Target.java:59)
03-09 01:38:19.863 19040 19078 I DetoxActionHandlers: 	at com.wix.invoke.MethodInvocation.invoke(MethodInvocation.java:35)
03-09 01:38:19.863 19040 19078 I DetoxActionHandlers: 	at com.wix.invoke.MethodInvocation.invoke(MethodInvocation.java:26)
03-09 01:38:19.863 19040 19078 I DetoxActionHandlers: 	at com.wix.invoke.MethodInvocation.invoke(MethodInvocation.java:20)
03-09 01:38:19.863 19040 19078 I DetoxActionHandlers: 	at com.wix.detox.adapters.server.InvokeActionHandler.handle(DetoxActionHandlers.kt:54)
03-09 01:38:19.863 19040 19078 I DetoxActionHandlers: 	at com.wix.detox.adapters.server.ActionsExecutor.executeAction$lambda$2$lambda$1(DetoxActionsDispatcher.kt:76)
03-09 01:38:19.863 19040 19078 I DetoxActionHandlers: 	at com.wix.detox.adapters.server.ActionsExecutor.$r8$lambda$GVbB7LHtBHxNHGbgYnHJ6YrwCqs(Unknown Source:0)
03-09 01:38:19.863 19040 19078 I DetoxActionHandlers: 	at com.wix.detox.adapters.server.ActionsExecutor$$ExternalSyntheticLambda0.run(D8$$SyntheticClass:0)
03-09 01:38:19.863 19040 19078 I DetoxActionHandlers: 	at android.os.Handler.handleCallback(Handler.java:995)
03-09 01:38:19.863 19040 19078 I DetoxActionHandlers: 	at android.os.Handler.dispatchMessage(Handler.java:103)
03-09 01:38:19.863 19040 19078 I DetoxActionHandlers: 	at android.os.Looper.loopOnce(Looper.java:248)
03-09 01:38:19.863 19040 19078 I DetoxActionHandlers: 	at android.os.Looper.loop(Looper.java:338)
03-09 01:38:19.863 19040 19078 I DetoxActionHandlers: 	at com.wix.detox.adapters.server.ActionsExecutor._init_$lambda$0(DetoxActionsDispatcher.kt:62)
03-09 01:38:19.863 19040 19078 I DetoxActionHandlers: 	at com.wix.detox.adapters.server.ActionsExecutor.$r8$lambda$xlgL0CQim6vNM0wWEqM8JIDgZUE(Unknown Source:0)
03-09 01:38:19.863 19040 19078 I DetoxActionHandlers: 	at com.wix.detox.adapters.server.ActionsExecutor$$ExternalSyntheticLambda1.run(D8$$SyntheticClass:0)
03-09 01:38:19.863 19040 19078 I DetoxActionHandlers: 	at java.lang.Thread.run(Thread.java:1119)
03-09 01:38:19.863 19040 19078 I DetoxActionHandlers: Caused by: androidx.test.espresso.base.RootViewPicker$RootViewWithoutFocusException: Waited for the root of the view hierarchy to have window focus and not request layout for 10 seconds. If you specified a non default root matcher, it may be picking a root that never takes focus. Root:
03-09 01:38:19.863 19040 19078 I DetoxActionHandlers: Root{application-window-token=android.view.ViewRootImpl$W@8416080, window-token=android.view.ViewRootImpl$W@8416080, has-window-focus=false, layout-params-type=1, layout-params-string={(0,0)(fillxfill) sim={adjust=resize forwardNavigation} layoutInDisplayCutoutMode=always ty=BASE_APPLICATION wanim=0x103030e
03-09 01:38:19.863 19040 19078 I DetoxActionHandlers:   fl=LAYOUT_IN_SCREEN LAYOUT_INSET_DECOR SPLIT_TOUCH HARDWARE_ACCELERATED DRAWS_SYSTEM_BAR_BACKGROUNDS
03-09 01:38:19.863 19040 19078 I DetoxActionHandlers:   pfl=NO_MOVE_ANIMATION EDGE_TO_EDGE_ENFORCED FORCE_DRAW_STATUS_BAR_BACKGROUND FIT_INSETS_CONTROLLED
03-09 01:38:19.863 19040 19078 I DetoxActionHandlers:   bhv=DEFAULT
03-09 01:38:19.863 19040 19078 I DetoxActionHandlers:   fitSides=
03-09 01:38:19.863 19040 19078 I DetoxActionHandlers:   frameRateBoostOnTouch=true
03-09 01:38:19.863 19040 19078 I DetoxActionHandlers:   dvrrWindowFrameRateHint=true}, decor-view-string=DecorView{id=-1, visibility=VISIBLE, width=1080, height=2424, has-focus=true, has-focusable=true, has-window-focus=false, is-clickable=false, is-enabled=true, is-focused=false, is-focusable=false, is-layout-requested=false, is-selected=false, layout-params={(0,0)(fillxfill) sim={adjust=resize forwardNavigation} layoutInDisplayCutoutMode=always ty=BASE_APPLICATION wanim=0x103030e
03-09 01:38:19.863 19040 19078 I DetoxActionHandlers:   fl=LAYOUT_IN_SCREEN LAYOUT_INSET_DECOR SPLIT_TOUCH HARDWARE_ACCELERATED DRAWS_SYSTEM_BAR_BACKGROUNDS
03-09 01:38:19.863 19040 19078 I DetoxActionHandlers:   pfl=NO_MOVE_ANIMATION EDGE_TO_EDGE_ENFORCED FORCE_DRAW_STATUS_BAR_BACKGROUND FIT_INSETS_CONTROLLED
03-09 01:38:19.863 19040 19078 I DetoxActionHandlers:   bhv=DEFAULT
03-09 01:38:19.863 19040 19078 I DetoxActionHandlers:   fitSides=
03-09 01:38:19.863 19040 19078 I DetoxActionHandlers:   frameRateBoostOnTouch=true
03-09 01:38:19.863 19040 19078 I DetoxActionHandlers:   dvrrWindowFrameRateHint=true}, tag=null, root-is-layout-requested=false, has-input-connection=false, x=0.0, y=0.0, child-count=1}}
03-09 01:38:19.863 19040 19078 I DetoxActionHandlers: 	at androidx.test.espresso.base.RootViewPicker.waitForRootToBeReady(RootViewPicker.java:121)
03-09 01:38:19.863 19040 19078 I DetoxActionHandlers: 	at androidx.test.espresso.base.RootViewPicker.pickRootView(RootViewPicker.java:159)
03-09 01:38:19.863 19040 19078 I DetoxActionHandlers: 	at androidx.test.espresso.base.RootViewPicker.get(RootViewPicker.java:101)
03-09 01:38:19.863 19040 19078 I DetoxActionHandlers: 	at androidx.test.espresso.ViewInteractionModule.provideRootView(ViewInteractionModule.java:83)
03-09 01:38:19.863 19040 19078 I DetoxActionHandlers: 	at androidx.test.espresso.ViewInteractionModule_ProvideRootViewFactory.provideRootView(ViewInteractionModule_ProvideRootViewFactory.java:49)
03-09 01:38:19.863 19040 19078 I DetoxActionHandlers: 	at androidx.test.espresso.ViewInteractionModule_ProvideRootViewFactory.get(ViewInteractionModule_ProvideRootViewFactory.java:39)
03-09 01:38:19.863 19040 19078 I--------- beginning of main
03-09 01:38:19.202 19040 19082 D DetoxWSClient: Received action 'currentStatus' (ID #18, params={})
03-09 01:38:19.203 19040 19079 I DetoxDispatcher: Handling action 'currentStatus' (ID #18)...
03-09 01:38:19.205 19040 19079 I DetoxWSClient: Sending out action 'currentStatusResult' (ID #18)
03-09 01:38:19.205 19040 19079 I DetoxDispatcher: Done with action 'currentStatus'
03-09 01:38:19.863 19040 19078 I DetoxActionHandlers: Test exception
03-09 01:38:19.863 19040 19078 I DetoxActionHandlers: java.lang.reflect.InvocationTargetException
03-09 01:38:19.863 19040 19078 I DetoxActionHandlers: 	at java.lang.reflect.Method.invoke(Native Method)
03-09 01:38:19.863 19040 19078 I DetoxActionHandlers: 	at org.apache.commons.lang3.reflect.MethodUtils.invokeStaticMethod(MethodUtils.java:443)
03-09 01:38:19.863 19040 19078 I DetoxActionHandlers: 	at org.apache.commons.lang3.reflect.MethodUtils.invokeStaticMethod(MethodUtils.java:405)
03-09 01:38:19.863 19040 19078 I DetoxActionHandlers: 	at com.wix.invoke.types.ClassTarget.execute(ClassTarget.java:23)
03-09 01:38:19.863 19040 19078 I DetoxActionHandlers: 	at com.wix.invoke.types.Target.invoke(Target.java:59)
03-09 01:38:19.863 19040 19078 I DetoxActionHandlers: 	at com.wix.invoke.MethodInvocation.invoke(MethodInvocation.java:35)
03-09 01:38:19.863 19040 19078 I DetoxActionHandlers: 	at com.wix.invoke.MethodInvocation.invoke(MethodInvocation.java:26)
03-09 01:38:19.863 19040 19078 I DetoxActionHandlers: 	at com.wix.invoke.MethodInvocation.invoke(MethodInvocation.java:20)
03-09 01:38:19.863 19040 19078 I DetoxActionHandlers: 	at com.wix.detox.adapters.server.InvokeActionHandler.handle(DetoxActionHandlers.kt:54)
03-09 01:38:19.863 19040 19078 I DetoxActionHandlers: 	at com.wix.detox.adapters.server.ActionsExecutor.executeAction$lambda$2$lambda$1(DetoxActionsDispatcher.kt:76)
03-09 01:38:19.863 19040 19078 I DetoxActionHandlers: 	at com.wix.detox.adapters.server.ActionsExecutor.$r8$lambda$GVbB7LHtBHxNHGbgYnHJ6YrwCqs(Unknown Source:0)
03-09 01:38:19.863 19040 19078 I DetoxActionHandlers: 	at com.wix.detox.adapters.server.ActionsExecutor$$ExternalSyntheticLambda0.run(D8$$SyntheticClass:0)
03-09 01:38:19.863 19040 19078 I DetoxActionHandlers: 	at android.os.Handler.handleCallback(Handler.java:995)
03-09 01:38:19.863 19040 19078 I DetoxActionHandlers: 	at android.os.Handler.dispatchMessage(Handler.java:103)
03-09 01:38:19.863 19040 19078 I DetoxActionHandlers: 	at android.os.Looper.loopOnce(Looper.java:248)
03-09 01:38:19.863 19040 19078 I DetoxActionHandlers: 	at android.os.Looper.loop(Looper.java:338)
03-09 01:38:19.863 19040 19078 I DetoxActionHandlers: 	at com.wix.detox.adapters.server.ActionsExecutor._init_$lambda$0(DetoxActionsDispatcher.kt:62)
03-09 01:38:19.863 19040 19078 I DetoxActionHandlers: 	at com.wix.detox.adapters.server.ActionsExecutor.$r8$lambda$xlgL0CQim6vNM0wWEqM8JIDgZUE(Unknown Source:0)
03-09 01:38:19.863 19040 19078 I DetoxActionHandlers: 	at com.wix.detox.adapters.server.ActionsExecutor$$ExternalSyntheticLambda1.run(D8$$SyntheticClass:0)
03-09 01:38:19.863 19040 19078 I DetoxActionHandlers: 	at java.lang.Thread.run(Thread.java:1119)
03-09 01:38:19.863 19040 19078 I DetoxActionHandlers: Caused by: androidx.test.espresso.base.RootViewPicker$RootViewWithoutFocusException: Waited for the root of the view hierarchy to have window focus and not request layout for 10 seconds. If you specified a non default root matcher, it may be picking a root that never takes focus. Root:
03-09 01:38:19.863 19040 19078 I DetoxActionHandlers: Root{application-window-token=android.view.ViewRootImpl$W@8416080, window-token=android.view.ViewRootImpl$W@8416080, has-window-focus=false, layout-params-type=1, layout-params-string={(0,0)(fillxfill) sim={adjust=resize forwardNavigation} layoutInDisplayCutoutMode=always ty=BASE_APPLICATION wanim=0x103030e
03-09 01:38:19.863 19040 19078 I DetoxActionHandlers:   fl=LAYOUT_IN_SCREEN LAYOUT_INSET_DECOR SPLIT_TOUCH HARDWARE_ACCELERATED DRAWS_SYSTEM_BAR_BACKGROUNDS
03-09 01:38:19.863 19040 19078 I DetoxActionHandlers:   pfl=NO_MOVE_ANIMATION EDGE_TO_EDGE_ENFORCED FORCE_DRAW_STATUS_BAR_BACKGROUND FIT_INSETS_CONTROLLED
03-09 01:38:19.863 19040 19078 I DetoxActionHandlers:   bhv=DEFAULT
03-09 01:38:19.863 19040 19078 I DetoxActionHandlers:   fitSides=
03-09 01:38:19.863 19040 19078 I DetoxActionHandlers:   frameRateBoostOnTouch=true
03-09 01:38:19.863 19040 19078 I DetoxActionHandlers:   dvrrWindowFrameRateHint=true}, decor-view-string=DecorView{id=-1, visibility=VISIBLE, width=1080, height=2424, has-focus=true, has-focusable=true, has-window-focus=false, is-clickable=false, is-enabled=true, is-focused=false, is-focusable=false, is-layout-requested=false, is-selected=false, layout-params={(0,0)(fillxfill) sim={adjust=resize forwardNavigation} layoutInDisplayCutoutMode=always ty=BASE_APPLICATION wanim=0x103030e
03-09 01:38:19.863 19040 19078 I DetoxActionHandlers:   fl=LAYOUT_IN_SCREEN LAYOUT_INSET_DECOR SPLIT_TOUCH HARDWARE_ACCELERATED DRAWS_SYSTEM_BAR_BACKGROUNDS
03-09 01:38:19.863 19040 19078 I DetoxActionHandlers:   pfl=NO_MOVE_ANIMATION EDGE_TO_EDGE_ENFORCED FORCE_DRAW_STATUS_BAR_BACKGROUND FIT_INSETS_CONTROLLED
03-09 01:38:19.863 19040 19078 I DetoxActionHandlers:   bhv=DEFAULT
03-09 01:38:19.863 19040 19078 I DetoxActionHandlers:   fitSides=
03-09 01:38:19.863 19040 19078 I DetoxActionHandlers:   frameRateBoostOnTouch=true
03-09 01:38:19.863 19040 19078 I DetoxActionHandlers:   dvrrWindowFrameRateHint=true}, tag=null, root-is-layout-requested=false, has-input-connection=false, x=0.0, y=0.0, child-count=1}}
03-09 01:38:19.863 19040 19078 I DetoxActionHandlers: 	at androidx.test.espresso.base.RootViewPicker.waitForRootToBeReady(RootViewPicker.java:121)
03-09 01:38:19.863 19040 19078 I DetoxActionHandlers: 	at androidx.test.espresso.base.RootViewPicker.pickRootView(RootViewPicker.java:159)
03-09 01:38:19.863 19040 19078 I DetoxActionHandlers: 	at androidx.test.espresso.base.RootViewPicker.get(RootViewPicker.java:101)
03-09 01:38:19.863 19040 19078 I DetoxActionHandlers: 	at androidx.test.espresso.ViewInteractionModule.provideRootView(ViewInteractionModule.java:83)
03-09 01:38:19.863 19040 19078 I DetoxActionHandlers: 	at androidx.test.espresso.ViewInteractionModule_ProvideRootViewFactory.provideRootView(ViewInteractionModule_ProvideRootViewFactory.java:49)
03-09 01:38:19.863 19040 19078 I DetoxActionHandlers: 	at androidx.test.espresso.ViewInteractionModule_ProvideRootViewFactory.get(ViewInteractionModule_ProvideRootViewFactory.java:39)
03-09 01:38:19.863 19040 19078 I DetoxActionHandlers: 	at androidx.test.espresso.ViewInteractionModule_ProvideRootViewFactory.get(ViewInteractionModule_ProvideRootViewFactory.java:13)
03-09 01:38:19.863 19040 19078 I DetoxActionHandlers: 	at androidx.test.espresso.base.ViewFinderImpl.getView(ViewFinderImpl.java:58)
03-09 01:38:19.863 19040 19078 I DetoxActionHandlers: 	at androidx.test.espresso.ViewInteraction$2.call(ViewInteraction.java:334)
03-09 01:38:19.863 19040 19078 I DetoxActionHandlers: 	at androidx.test.espresso.ViewInteraction$2.call(ViewInteraction.java:319)
03-09 01:38:19.863 19040 19078 I DetoxActionHandlers: 	at java.util.concurrent.FutureTask.run(FutureTask.java:317)
03-09 01:38:19.863 19040 19078 I DetoxActionHandlers: 	at android.os.Handler.handleCallback(Handler.java:995)
03-09 01:38:19.863 19040 19078 I DetoxActionHandlers: 	at android.os.Handler.dispatchMessage(Handler.java:103)
03-09 01:38:19.863 19040 19078 I DetoxActionHandlers: 	at android.os.Looper.loopOnce(Looper.java:248)
03-09 01:38:19.863 19040 19078 I DetoxActionHandlers: 	at android.os.Looper.loop(Looper.java:338)
03-09 01:38:19.863 19040 19078 I DetoxActionHandlers: 	at android.app.ActivityThread.main(ActivityThread.java:9067)
03-09 01:38:19.863 19040 19078 I DetoxActionHandlers: 	at java.lang.reflect.Method.invoke(Native Method)
03-09 01:38:19.863 19040 19078 I DetoxActionHandlers: 	at com.android.internal.os.RuntimeInit$MethodAndArgsCaller.run(RuntimeInit.java:593)
03-09 01:38:19.863 19040 19078 I DetoxActionHandlers: 	at com.android.internal.os.ZygoteInit.main(ZygoteInit.java:932)
03-09 01:38:19.863 19040 19078 I DetoxWSClient: Sending out action 'testFailed' (ID #17)
03-09 01:38:19.863 19040 19078 I DetoxDispatcher: Done with action 'invoke'
03-09 01:38:19.907 19040 19082 D DetoxWSClient: Received action 'invoke' (ID #19, params={"target":{"type":"Class","value":"com.wix.detox.Detox"},"method":"launchMainActivity","args":[]})
03-09 01:38:19.907 19040 19078 I DetoxDispatcher: Handling action 'invoke' (ID #19)...
03-09 01:38:19.908 19040 19078 D Detox   : class com.wix.detox.Detox, launchMainActivity, []
03-09 01:38:19.912 19040 19040 W unknown:BridgelessReact: ReactHost{0}.onHostPause(activity)
03-09 01:38:19.912 19040 19040 W unknown:BridgelessReact: ReactContext.onHostPause()
03-09 01:38:19.913 19040 19040 D LifecycleMonitor: Lifecycle status change: com.notesbrain.echo.MainActivity@91e02b8 in: PAUSED
03-09 01:38:19.913 19040 19040 W unknown:BridgelessReact: ReactHost{0}.onHostResume(activity)
03-09 01:38:19.913 19040 19040 W unknown:BridgelessReact: ReactContext.onHostResume()
03-09 01:38:19.914 19040 19040 D LifecycleMonitor: Lifecycle status change: com.notesbrain.echo.MainActivity@91e02b8 in: RESUMED
03-09 01:38:19.914 19040 19078 I DetoxWSClient: Sending out action 'invokeResult' (ID #19)
03-09 01:38:19.914 19040 19078 I DetoxDispatcher: Done with action 'invoke'
03-09 01:38:19.973 19040 19082 D DetoxWSClient: Received action 'invoke' (ID #20, params={"target":{"type":"Class","value":"com.wix.detox.espresso.DetoxAssertion"},"method":"waitForAssertMatcher","args":[{"type":"Invocation","value":{"target":{"type":"Class","value":"androidx.test.espresso.Espresso"},"method":"onView","args":[{"type":"Invocation","value":{"target":{"type":"Class","value":"com.wix.detox.espresso.DetoxMatcher"},"method":"matcherForText","args":["Close app",{"type":"boolean","value":false}]}}]}},{"type":"Invocation","value":{"target":{"type":"Class","value":"com.wix.detox.espresso.DetoxMatcher"},"method":"matcherForSufficientlyVisible","args":[{"type":"Integer","value":75}]}},{"type":"Double","value":1}]})
03-09 01:38:19.974 19040 19078 I DetoxDispatcher: Handling action 'invoke' (ID #20)...
03-09 01:38:19.974 19040 19078 D Detox   : class com.wix.detox.espresso.DetoxMatcher, matcherForText, [Close app, false]
03-09 01:38:19.974 19040 19078 D Detox   : class androidx.test.espresso.Espresso, onView, [(an instance of android.widget.TextView and view.getText() with or without transformation to match: is "Close app" and view has effective visibility <VISIBLE>)]
03-09 01:38:19.974 19040 19078 D Detox   : class com.wix.detox.espresso.DetoxMatcher, matcherForSufficientlyVisible, [75]
03-09 01:38:19.974 19040 19078 D Detox   : class com.wix.detox.espresso.DetoxAssertion, waitForAssertMatcher, [androidx.test.espresso.ViewInteraction@2fb2686, (view has effective visibility <VISIBLE> and view.getGlobalVisibleRect() covers at least <75> percent of the view's area), 1.0]
03-09 01:38:19.975 19040 19040 D RootViewPicker: Root not ready - waiting: 10ms for one to appear.
03-09 01:38:19.986 19040 19040 D RootViewPicker: Root not ready - waiting: 25ms for one to appear.
03-09 01:38:20.012 19040 19040 D RootViewPicker: Root not ready - waiting: 50ms for one to appear.
03-09 01:38:20.065 19040 19040 D RootViewPicker: Root not ready - waiting: 100ms for one to appear.
03-09 01:38:20.167 19040 19040 D RootViewPicker: Root not ready - waiting: 200ms for one to appear.
03-09 01:38:20.371 19040 19040 D RootViewPicker: Root not ready - waiting: 400ms for one to appear.
03-09 01:38:20.777 19040 19040 D RootViewPicker: Root not ready - waiting: 800ms for one to appear.
03-09 01:38:21.580 19040 19040 D RootViewPicker: Root not ready - waiting: 1000ms for one to appear.
03-09 01:38:22.583 19040 19040 D RootViewPicker: Root not ready - waiting: 1000ms for one to appear.
03-09 01:38:23.586 19040 19040 D RootViewPicker: Root not ready - waiting: 1000ms for one to appear.
03-09 01:38:24.587 19040 19040 D RootViewPicker: Root not ready - waiting: 1000ms for one to appear.
03-09 01:38:25.591 19040 19040 D RootViewPicker: Root not ready - waiting: 1000ms for one to appear.
03-09 01:38:26.598 19040 19040 D RootViewPicker: Root not ready - waiting: 1000ms for one to appear.
03-09 01:38:27.606 19040 19040 D RootViewPicker: Root not ready - waiting: 1000ms for one to appear.
03-09 01:38:28.609 19040 19040 D RootViewPicker: Root not ready - waiting: 1000ms for one to appear.
03-09 01:38:29.611 19040 19040 D RootViewPicker: Root not ready - waiting: 1000ms for one to appear.
03-09 01:38:29.976 19040 19082 D DetoxWSClient: Received action 'currentStatus' (ID #21, params={})
03-09 01:38:29.976 19040 19079 I DetoxDispatcher: Handling action 'currentStatus' (ID #21)...
03-09 01:38:29.977 19040 19079 I DetoxWSClient: Sending out action 'currentStatusResult' (ID #21)
03-09 01:38:29.977 19040 19079 I DetoxDispatcher: Done with action 'currentStatus'
03-09 01:38:30.625 19040 19078 I DetoxActionHandlers: Test exception
03-09 01:38:30.625 19040 19078 I DetoxActionHandlers: java.lang.reflect.InvocationTargetException
03-09 01:38:30.625 19040 19078 I DetoxActionHandlers: 	at java.lang.reflect.Method.invoke(Native Method)
03-09 01:38:30.625 19040 19078 I DetoxActionHandlers: 	at org.apache.commons.lang3.reflect.MethodUtils.invokeStaticMethod(MethodUtils.java:443)
03-09 01:38:30.625 19040 19078 I DetoxActionHandlers: 	at org.apache.commons.lang3.reflect.MethodUtils.invokeStaticMethod(MethodUtils.java:405)
03-09 01:38:30.625 19040 19078 I DetoxActionHandlers: 	at com.wix.invoke.types.ClassTarget.execute(ClassTarget.java:23)
03-09 01:38:30.625 19040 19078 I DetoxActionHandlers: 	at com.wix.invoke.types.Target.invoke(Target.java:59)
03-09 01:38:30.625 19040 19078 I DetoxActionHandlers: 	at com.wix.invoke.MethodInvocation.invoke(MethodInvocation.java:35)
03-09 01:38:30.625 19040 19078 I DetoxActionHandlers: 	at com.wix.invoke.MethodInvocation.invoke(MethodInvocation.java:26)
03-09 01:38:30.625 19040 19078 I DetoxActionHandlers: 	at com.wix.invoke.MethodInvocation.invoke(MethodInvocation.java:20)
03-09 01:38:30.625 19040 19078 I DetoxActionHandlers: 	at com.wix.detox.adapters.server.InvokeActionHandler.handle(DetoxActionHandlers.kt:54)
03-09 01:38:30.625 19040 19078 I DetoxActionHandlers: 	at com.wix.detox.adapters.server.ActionsExecutor.executeAction$lambda$2$lambda$1(DetoxActionsDispatcher.kt:76)
03-09 01:38:30.625 19040 19078 I DetoxActionHandlers: 	at com.wix.detox.adapters.server.ActionsExecutor.$r8$lambda$GVbB7LHtBHxNHGbgYnHJ6YrwCqs(Unknown Source:0)
03-09 01:38:30.625 19040 19078 I DetoxActionHandlers: 	at com.wix.detox.adapters.server.ActionsExecutor$$ExternalSyntheticLambda0.run(D8$$SyntheticClass:0)
03-09 01:38:30.625 19040 19078 I DetoxActionHandlers: 	at android.os.Handler.handleCallback(Handler.java:995)
03-09 01:38:30.625 19040 19078 I DetoxActionHandlers: 	at android.os.Handler.dispatchMessage(Handler.java:103)
03-09 01:38:30.625 19040 19078 I DetoxActionHandlers: 	at android.os.Looper.loopOnce(Looper.java:248)
03-09 01:38:30.625 19040 19078 I DetoxActionHandlers: 	at android.os.Looper.loop(Looper.java:338)
03-09 01:38:30.625 19040 19078 I DetoxActionHandlers: 	at com.wix.detox.adapters.server.ActionsExecutor._init_$lambda$0(DetoxActionsDispatcher.kt:62)
03-09 01:38:30.625 19040 19078 I DetoxActionHandlers: 	at com.wix.detox.adapters.server.ActionsExecutor.$r8$lambda$xlgL0CQim6vNM0wWEqM8JIDgZUE(Unknown Source:0)
03-09 01:38:30.625 19040 19078 I DetoxActionHandlers: 	at com.wix.detox.adapters.server.ActionsExecutor$$ExternalSyntheticLambda1.run(D8$$SyntheticClass:0)
03-09 01:38:30.625 19040 19078 I DetoxActionHandlers: 	at java.lang.Thread.run(Thread.java:1119)
03-09 01:38:30.625 19040 19078 I DetoxActionHandlers: Caused by: androidx.test.espresso.base.RootViewPicker$RootViewWithoutFocusException: Waited for the root of the view hierarchy to have window focus and not request layout for 10 seconds. If you specified a non default root matcher, it may be picking a root that never takes focus. Root:
03-09 01:38:30.625 19040 19078 I DetoxActionHandlers: Root{application-window-token=android.view.ViewRootImpl$W@8416080, window-token=android.view.ViewRootImpl$W@8416080, has-window-focus=false, layout-params-type=1, layout-params-string={(0,0)(fillxfill) sim={adjust=resize forwardNavigation} layoutInDisplayCutoutMode=always ty=BASE_APPLICATION wanim=0x103030e
03-09 01:38:30.625 19040 19078 I DetoxActionHandlers:   fl=LAYOUT_IN_SCREEN LAYOUT_INSET_DECOR SPLIT_TOUCH HARDWARE_ACCELERATED DRAWS_SYSTEM_BAR_BACKGROUNDS
03-09 01:38:30.625 19040 19078 I DetoxActionHandlers:   pfl=NO_MOVE_ANIMATION EDGE_TO_EDGE_ENFORCED FORCE_DRAW_STATUS_BAR_BACKGROUND FIT_INSETS_CONTROLLED
03-09 01:38:30.625 19040 19078 I DetoxActionHandlers:   bhv=DEFAULT
03-09 01:38:30.625 19040 19078 I DetoxActionHandlers:   fitSides=
03-09 01:38:30.625 19040 19078 I DetoxActionHandlers:   frameRateBoostOnTouch=true
03-09 01:38:30.625 19040 19078 I DetoxActionHandlers:   dvrrWindowFrameRateHint=true}, decor-view-string=DecorView{id=-1, visibility=VISIBLE, width=1080, height=2424, has-focus=true, has-focusable=true, has-window-focus=false, is-clickable=false, is-enabled=true, is-focused=false, is-focusable=false, is-layout-requested=false, is-selected=false, layout-params={(0,0)(fillxfill) sim={adjust=resize forwardNavigation} layoutInDisplayCutoutMode=always ty=BASE_APPLICATION wanim=0x103030e
03-09 01:38:30.625 19040 19078 I DetoxActionHandlers:   fl=LAYOUT_IN_SCREEN LAYOUT_INSET_DECOR SPLIT_TOUCH HARDWARE_ACCELERATED DRAWS_SYSTEM_BAR_BACKGROUNDS
03-09 01:38:30.625 19040 19078 I DetoxActionHandlers:   pfl=NO_MOVE_ANIMATION EDGE_TO_EDGE_ENFORCED FORCE_DRAW_STATUS_BAR_BACKGROUND FIT_INSETS_CONTROLLED
03-09 01:38:30.625 19040 19078 I DetoxActionHandlers:   bhv=DEFAULT
03-09 01:38:30.625 19040 19078 I DetoxActionHandlers:   fitSides=
03-09 01:38:30.625 19040 19078 I DetoxActionHandlers:   frameRateBoostOnTouch=true
03-09 01:38:30.625 19040 19078 I DetoxActionHandlers:   dvrrWindowFrameRateHint=true}, tag=null, root-is-layout-requested=false, has-input-connection=false, x=0.0, y=0.0, child-count=1}}
03-09 01:38:30.625 19040 19078 I DetoxActionHandlers: 	at androidx.test.espresso.base.RootViewPicker.waitForRootToBeReady(RootViewPicker.java:121)
03-09 01:38:30.625 19040 19078 I DetoxActionHandlers: 	at androidx.test.espresso.base.RootViewPicker.pickRootView(RootViewPicker.java:159)
03-09 01:38:30.625 19040 19078 I DetoxActionHandlers: 	at androidx.test.espresso.base.RootViewPicker.get(RootViewPicker.java:101)
03-09 01:38:30.625 19040 19078 I DetoxActionHandlers: 	at androidx.test.espresso.ViewInteractionModule.provideRootView(ViewInteractionModule.java:83)
03-09 01:38:30.625 19040 19078 I DetoxActionHandlers: 	at androidx.test.espresso.ViewInteractionModule_ProvideRootViewFactory.provideRootView(ViewInteractionModule_ProvideRootViewFactory.java:49)
03-09 01:38:30.625 19040 19078 I DetoxActionHandlers: 	at androidx.test.espresso.ViewInteractionModule_ProvideRootViewFactory.get(ViewInteractionModule_ProvideRootViewFactory.java:39)
03-09 01:38:30.625 19040 19078 I DetoxActionHandlers: 	at androidx.test.espresso.ViewInteractionModule_ProvideRootViewFactory.get(ViewInteractionModule_ProvideRootViewFactory.java:13)
03-09 01:38:30.625 19040 19078 I DetoxActionHandlers: 	at androidx.test.espresso.base.ViewFinderImpl.getView(ViewFinderImpl.java:58)
03-09 01:38:30.625 19040 19078 I DetoxActionHandlers: 	at androidx.test.espresso.ViewInteraction$2.call(ViewInteraction.java:334)
03-09 01:38:30.625 19040 19078 I DetoxActionHandlers: 	at androidx.test.espresso.ViewInteraction$2.call(ViewInteraction.java:319)
03-09 01:38:30.625 19040 19078 I DetoxActionHandlers: 	at java.util.concurrent.FutureTask.run(FutureTask.java:317)
03-09 01:38:30.625 19040 19078 I DetoxActionHandlers: 	at android.os.Handler.handleCallback(Handler.java:995)
03-09 01:38:30.625 19040 19078 I DetoxActionHandlers: 	at android.os.Handler.dispatchMessage(Handler.java:103)
03-09 01:38:30.625 19040 19078 I DetoxActionHandlers: 	at android.os.Looper.loopOnce(Looper.java:248)
03-09 01:38:30.625 19040 19078 I DetoxActionHandlers: 	at android.os.Looper.loop(Looper.java:338)
03-09 01:38:30.625 19040 19078 I DetoxActionHandlers: 	at android.app.ActivityThread.main(ActivityThread.java:9067)
03-09 01:38:30.625 19040 19078 I DetoxActionHandlers: 	at java.lang.reflect.Method.invoke(Native Method)
03-09 01:38:30.625 19040 19078 I DetoxActionHandlers: 	at com.android.internal.os.RuntimeInit$MethodAndArgsCaller.run(RuntimeInit.java:593)
03-09 01:38:30.625 19040 19078 I DetoxActionHandlers: 	at com.android.internal.os.ZygoteInit.main(ZygoteInit.java:932)
03-09 01:38:30.625 19040 19078 I DetoxWSClient: Sending out action 'testFailed' (ID #20)
03-09 01:38:30.625 19040 19078 I DetoxDispatcher: Done with action 'invoke'
03-09 01:38:30.631 19040 19082 D DetoxWSClient: Received action 'invoke' (ID #22, params={"target":{"type":"Class","value":"com.wix.detox.espresso.DetoxAssertion"},"method":"waitForAssertMatcher","args":[{"type":"Invocation","value":{"target":{"type":"Class","value":"androidx.test.espresso.Espresso"},"method":"onView","args":[{"type":"Invocation","value":{"target":{"type":"Class","value":"com.wix.detox.espresso.DetoxMatcher"},"method":"matcherForTestId","args":["login-email-input",{"type":"boolean","value":false}]}}]}},{"type":"Invocation","value":{"target":{"type":"Class","value":"com.wix.detox.espresso.DetoxMatcher"},"method":"matcherForSufficientlyVisible","args":[{"type":"Integer","value":75}]}},{"type":"Double","value":6}]})
03-09 01:38:30.632 19040 19078 I DetoxDispatcher: Handling action 'invoke' (ID #22)...
03-09 01:38:30.632 19040 19078 D Detox   : class com.wix.detox.espresso.DetoxMatcher, matcherForTestId, [login-email-input, false]
03-09 01:38:30.632 19040 19078 D Detox   : class androidx.test.espresso.Espresso, onView, [(view.getTag() is "login-email-input" and view has effective visibility <VISIBLE>)]
03-09 01:38:30.633 19040 19078 D Detox   : class com.wix.detox.espresso.DetoxMatcher, matcherForSufficientlyVisible, [75]
03-09 01:38:30.633 19040 19078 D Detox   : class com.wix.detox.espresso.DetoxAssertion, waitForAssertMatcher, [androidx.test.espresso.ViewInteraction@c532512, (view has effective visibility <VISIBLE> and view.getGlobalVisibleRect() covers at least <75> percent of the view's area), 6.0]
03-09 01:38:30.634 19040 19040 D RootViewPicker: Root not ready - waiting: 10ms for one to appear.
03-09 01:38:30.665 19040 19040 D RootViewPicker: Root not ready - waiting: 25ms for one to appear.
03-09 01:38:30.692 19040 19040 D RootViewPicker: Root not ready - waiting: 50ms for one to appear.
03-09 01:38:30.746 19040 19040 D RootViewPicker: Root not ready - waiting: 100ms for one to appear.
03-09 01:38:30.853 19040 19040 D RootViewPicker: Root not ready - waiting: 200ms for one to appear.
03-09 01:38:31.058 19040 19040 D RootViewPicker: Root not ready - waiting: 400ms for one to appear.
03-09 01:38:31.469 19040 19040 D RootViewPicker: Root not ready - waiting: 800ms for one to appear.
03-09 01:38:32.274 19040 19040 D RootViewPicker: Root not ready - waiting: 1000ms for one to appear.
03-09 01:38:33.277 19040 19040 D RootViewPicker: Root not ready - waiting: 1000ms for one to appear.
03-09 01:38:34.281 19040 19040 D RootViewPicker: Root not ready - waiting: 1000ms for one to appear.
03-09 01:38:35.282 19040 19040 D RootViewPicker: Root not ready - waiting: 1000ms for one to appear.
03-09 01:38:36.285 19040 19040 D RootViewPicker: Root not ready - waiting: 1000ms for one to appear.
03-09 01:38:37.288 19040 19040 D RootViewPicker: Root not ready - waiting: 1000ms for one to appear.
03-09 01:38:38.290 19040 19040 D RootViewPicker: Root not ready - waiting: 1000ms for one to appear.
03-09 01:38:39.292 19040 19040 D RootViewPicker: Root not ready - waiting: 1000ms for one to appear.
03-09 01:38:40.293 19040 19040 D RootViewPicker: Root not ready - waiting: 1000ms for one to appear.
03-09 01:38:40.637 19040 19082 D DetoxWSClient: Received action 'currentStatus' (ID #23, params={})
03-09 01:38:40.638 19040 19079 I DetoxDispatcher: Handling action 'currentStatus' (ID #23)...
03-09 01:38:40.640 19040 19079 I DetoxWSClient: Sending out action 'currentStatusResult' (ID #23)
03-09 01:38:40.640 19040 19079 I DetoxDispatcher: Done with action 'currentStatus'
03-09 01:38:41.299 19040 19078 I DetoxActionHandlers: Test exception
03-09 01:38:41.299 19040 19078 I DetoxActionHandlers: java.lang.reflect.InvocationTargetException
03-09 01:38:41.299 19040 19078 I DetoxActionHandlers: 	at java.lang.reflect.Method.invoke(Native Method)
03-09 01:38:41.299 19040 19078 I DetoxActionHandlers: 	at org.apache.commons.lang3.reflect.MethodUtils.invokeStaticMethod(MethodUtils.java:443)
03-09 01:38:41.299 19040 19078 I DetoxActionHandlers: 	at org.apache.commons.lang3.reflect.MethodUtils.invokeStaticMethod(MethodUtils.java:405)
03-09 01:38:41.299 19040 19078 I DetoxActionHandlers: 	at com.wix.invoke.types.ClassTarget.execute(ClassTarget.java:23)
03-09 01:38:41.299 19040 19078 I DetoxActionHandlers: 	at com.wix.invoke.types.Target.invoke(Target.java:59)
03-09 01:38:41.299 19040 19078 I DetoxActionHandlers: 	at com.wix.invoke.MethodInvocation.invoke(MethodInvocation.java:35)
03-09 01:38:41.299 19040 19078 I DetoxActionHandlers: 	at com.wix.invoke.MethodInvocation.invoke(MethodInvocation.java:26)
03-09 01:38:41.299 19040 19078 I DetoxActionHandlers: 	at com.wix.invoke.MethodInvocation.invoke(MethodInvocation.java:20)
03-09 01:38:41.299 19040 19078 I DetoxActionHandlers: 	at com.wix.detox.adapters.server.InvokeActionHandler.handle(DetoxActionHandlers.kt:54)
03-09 01:38:41.299 19040 19078 I DetoxActionHandlers: 	at com.wix.detox.adapters.server.ActionsExecutor.executeAction$lambda$2$lambda$1(DetoxActionsDispatcher.kt:76)
03-09 01:38:41.299 19040 19078 I DetoxActionHandlers: 	at com.wix.detox.adapters.server.ActionsExecutor.$r8$lambda$GVbB7LHtBHxNHGbgYnHJ6YrwCqs(Unknown Source:0)
03-09 01:38:41.299 19040 19078 I DetoxActionHandlers: 	at com.wix.detox.adapters.server.ActionsExecutor$$ExternalSyntheticLambda0.run(D8$$SyntheticClass:0)
03-09 01:38:41.299 19040 19078 I DetoxActionHandlers: 	at android.os.Handler.handleCallback(Handler.java:995)
03-09 01:38:41.299 19040 19078 I DetoxActionHandlers: 	at android.os.Handler.dispatchMessage(Handler.java:103)
03-09 01:38:41.299 19040 19078 I DetoxActionHandlers: 	at android.os.Looper.loopOnce(Looper.java:248)
03-09 01:38:41.299 19040 19078 I DetoxActionHandlers: 	at android.os.Looper.loop(Looper.java:338)
03-09 01:38:41.299 19040 19078 I DetoxActionHandlers: 	at com.wix.detox.adapters.server.ActionsExecutor._init_$lambda$0(DetoxActionsDispatcher.kt:62)
03-09 01:38:41.299 19040 19078 I DetoxActionHandlers: 	at com.wix.detox.adapters.server.ActionsExecutor.$r8$lambda$xlgL0CQim6vNM0wWEqM8JIDgZUE(Unknown Source:0)
03-09 01:38:41.299 19040 19078 I DetoxActionHandlers: 	at com.wix.detox.adapters.server.ActionsExecutor$$ExternalSyntheticLambda1.run(D8$$SyntheticClass:0)
03-09 01:38:41.299 19040 19078 I DetoxActionHandlers: 	at java.lang.Thread.run(Thread.java:1119)
03-09 01:38:41.299 19040 19078 I DetoxActionHandlers: Caused by: androidx.test.espresso.base.RootViewPicker$RootViewWithoutFocusException: Waited for the root of the view hierarchy to have window focus and not request layout for 10 seconds. If you specified a non default root matcher, it may be picking a root that never takes focus. Root:
03-09 01:38:41.299 19040 19078 I DetoxActionHandlers: Root{application-window-token=android.view.ViewRootImpl$W@8416080, window-token=android.view.ViewRootImpl$W@8416080, has-window-focus=false, layout-params-type=1, layout-params-string={(0,0)(fillxfill) sim={adjust=resize forwardNavigation} layoutInDisplayCutoutMode=always ty=BASE_APPLICATION wanim=0x103030e
03-09 01:38:41.299 19040 19078 I DetoxActionHandlers:   fl=LAYOUT_IN_SCREEN LAYOUT_INSET_DECOR SPLIT_TOUCH HARDWARE_ACCELERATED DRAWS_SYSTEM_BAR_BACKGROUNDS
03-09 01:38:41.299 19040 19078 I DetoxActionHandlers:   pfl=NO_MOVE_ANIMATION EDGE_TO_EDGE_ENFORCED FORCE_DRAW_STATUS_BAR_BACKGROUND FIT_INSETS_CONTROLLED
03-09 01:38:41.299 19040 19078 I DetoxActionHandlers:   bhv=DEFAULT
03-09 01:38:41.299 19040 19078 I DetoxActionHandlers:   fitSides=
03-09 01:38:41.299 19040 19078 I DetoxActionHandlers:   frameRateBoostOnTouch=true
03-09 01:38:41.299 19040 19078 I DetoxActionHandlers:   dvrrWindowFrameRateHint=true}, decor-view-string=DecorView{id=-1, visibility=VISIBLE, width=1080, height=2424, has-focus=true, has-focusable=true, has-window-focus=false, is-clickable=false, is-enabled=true, is-focused=false, is-focusable=false, is-layout-requested=false, is-selected=false, layout-params={(0,0)(fillxfill) sim={adjust=resize forwardNavigation} layoutInDisplayCutoutMode=always ty=BASE_APPLICATION wanim=0x103030e
03-09 01:38:41.299 19040 19078 I DetoxActionHandlers:   fl=LAYOUT_IN_SCREEN LAYOUT_INSET_DECOR SPLIT_TOUCH HARDWARE_ACCELERATED DRAWS_SYSTEM_BAR_BACKGROUNDS
03-09 01:38:41.299 19040 19078 I DetoxActionHandlers:   pfl=NO_MOVE_ANIMATION EDGE_TO_EDGE_ENFORCED FORCE_DRAW_STATUS_BAR_BACKGROUND FIT_INSETS_CONTROLLED
03-09 01:38:41.299 19040 19078 I DetoxActionHandlers:   bhv=DEFAULT
03-09 01:38:41.299 19040 19078 I DetoxActionHandlers:   fitSides=
03-09 01:38:41.299 19040 19078 I DetoxActionHandlers:   frameRateBoostOnTouch=true
03-09 01:38:41.299 19040 19078 I DetoxActionHandlers:   dvrrWindowFrameRateHint=true}, tag=null, root-is-layout-requested=false, has-input-connection=false, x=0.0, y=0.0, child-count=1}}
03-09 01:38:41.299 19040 19078 I DetoxActionHandlers: 	at androidx.test.espresso.base.RootViewPicker.waitForRootToBeReady(RootViewPicker.java:121)
03-09 01:38:41.299 19040 19078 I DetoxActionHandlers: 	at androidx.test.espresso.base.RootViewPicker.pickRootView(RootViewPicker.java:159)
03-09 01:38:41.299 19040 19078 I DetoxActionHandlers: 	at androidx.test.espresso.base.RootViewPicker.get(RootViewPicker.java:101)
03-09 01:38:41.299 19040 19078 I DetoxActionHandlers: 	at androidx.test.espresso.ViewInteractionModule.provideRootView(ViewInteractionModule.java:83)
03-09 01:38:41.299 19040 19078 I DetoxActionHandlers: 	at androidx.test.espresso.ViewInteractionModule_ProvideRootViewFactory.provideRootView(ViewInteractionModule_ProvideRootViewFactory.java:49)
03-09 01:38:41.299 19040 19078 I DetoxActionHandlers: 	at androidx.test.espresso.ViewInteractionModule_ProvideRootViewFactory.get(ViewInteractionModule_ProvideRootViewFactory.java:39)
03-09 01:38:41.299 19040 19078 I DetoxActionHandlers: 	at androidx.test.espresso.ViewInteractionModule_ProvideRootViewFactory.get(ViewInteractionModule_ProvideRootViewFactory.java:13)
03-09 01:38:41.299 19040 19078 I DetoxActionHandlers: 	at androidx.test.espresso.base.ViewFinderImpl.getView(ViewFinderImpl.java:58)
03-09 01:38:41.299 19040 19078 I DetoxActionHandlers: 	at androidx.test.espresso.ViewInteraction$2.call(ViewInteraction.java:334)
03-09 01:38:41.299 19040 19078 I DetoxActionHandlers: 	at androidx.test.espresso.ViewInteraction$2.call(ViewInteraction.java:319)
03-09 01:38:41.299 19040 19078 I DetoxActionHandlers: 	at java.util.concurrent.FutureTask.run(FutureTask.java:317)
03-09 01:38:41.299 19040 19078 I DetoxActionHandlers: 	at android.os.Handler.handleCallback(Handler.java:995)
03-09 01:38:41.299 19040 19078 I DetoxActionHandlers: 	at android.os.Handler.dispatchMessage(Handler.java:103)
03-09 01:38:41.299 19040 19078 I DetoxActionHandlers: 	at android.os.Looper.loopOnce(Looper.java:248)
03-09 01:38:41.299 19040 19078 I DetoxActionHandlers: 	at android.os.Looper.loop(Looper.java:338)
03-09 01:38:41.299 19040 19078 I DetoxActionHandlers: 	at android.app.ActivityThread.main(ActivityThread.java:9067)
03-09 01:38:41.299 19040 19078 I DetoxActionHandlers: 	at java.lang.reflect.Method.invoke(Native Method)
03-09 01:38:41.299 19040 19078 I DetoxActionHandlers: 	at com.android.internal.os.RuntimeInit$MethodAndArgsCaller.run(RuntimeInit.java:593)
03-09 01:38:41.299 19040 19078 I DetoxActionHandlers: 	at com.android.internal.os.ZygoteInit.main(ZygoteInit.java:932)
03-09 01:38:41.299 19040 19078 I DetoxWSClient: Sending out action 'testFailed' (ID #22)
03-09 01:38:41.299 19040 19078 I DetoxDispatcher: Done with action 'invoke'
03-09 01:38:41.343 19040 19082 D DetoxWSClient: Received action 'invoke' (ID #24, params={"target":{"type":"Class","value":"com.wix.detox.Detox"},"method":"launchMainActivity","args":[]})
03-09 01:38:41.343 19040 19078 I DetoxDispatcher: Handling action 'invoke' (ID #24)...
03-09 01:38:41.344 19040 19078 D Detox   : class com.wix.detox.Detox, launchMainActivity, []
03-09 01:38:41.346 1--------- beginning of main
03-09 01:38:41.299 19040 19078 I DetoxActionHandlers: Test exception
03-09 01:38:41.299 19040 19078 I DetoxActionHandlers: java.lang.reflect.InvocationTargetException
03-09 01:38:41.299 19040 19078 I DetoxActionHandlers: 	at java.lang.reflect.Method.invoke(Native Method)
03-09 01:38:41.299 19040 19078 I DetoxActionHandlers: 	at org.apache.commons.lang3.reflect.MethodUtils.invokeStaticMethod(MethodUtils.java:443)
03-09 01:38:41.299 19040 19078 I DetoxActionHandlers: 	at org.apache.commons.lang3.reflect.MethodUtils.invokeStaticMethod(MethodUtils.java:405)
03-09 01:38:41.299 19040 19078 I DetoxActionHandlers: 	at com.wix.invoke.types.ClassTarget.execute(ClassTarget.java:23)
03-09 01:38:41.299 19040 19078 I DetoxActionHandlers: 	at com.wix.invoke.types.Target.invoke(Target.java:59)
03-09 01:38:41.299 19040 19078 I DetoxActionHandlers: 	at com.wix.invoke.MethodInvocation.invoke(MethodInvocation.java:35)
03-09 01:38:41.299 19040 19078 I DetoxActionHandlers: 	at com.wix.invoke.MethodInvocation.invoke(MethodInvocation.java:26)
03-09 01:38:41.299 19040 19078 I DetoxActionHandlers: 	at com.wix.invoke.MethodInvocation.invoke(MethodInvocation.java:20)
03-09 01:38:41.299 19040 19078 I DetoxActionHandlers: 	at com.wix.detox.adapters.server.InvokeActionHandler.handle(DetoxActionHandlers.kt:54)
03-09 01:38:41.299 19040 19078 I DetoxActionHandlers: 	at com.wix.detox.adapters.server.ActionsExecutor.executeAction$lambda$2$lambda$1(DetoxActionsDispatcher.kt:76)
03-09 01:38:41.299 19040 19078 I DetoxActionHandlers: 	at com.wix.detox.adapters.server.ActionsExecutor.$r8$lambda$GVbB7LHtBHxNHGbgYnHJ6YrwCqs(Unknown Source:0)
03-09 01:38:41.299 19040 19078 I DetoxActionHandlers: 	at com.wix.detox.adapters.server.ActionsExecutor$$ExternalSyntheticLambda0.run(D8$$SyntheticClass:0)
03-09 01:38:41.299 19040 19078 I DetoxActionHandlers: 	at android.os.Handler.handleCallback(Handler.java:995)
03-09 01:38:41.299 19040 19078 I DetoxActionHandlers: 	at android.os.Handler.dispatchMessage(Handler.java:103)
03-09 01:38:41.299 19040 19078 I DetoxActionHandlers: 	at android.os.Looper.loopOnce(Looper.java:248)
03-09 01:38:41.299 19040 19078 I DetoxActionHandlers: 	at android.os.Looper.loop(Looper.java:338)
03-09 01:38:41.299 19040 19078 I DetoxActionHandlers: 	at com.wix.detox.adapters.server.ActionsExecutor._init_$lambda$0(DetoxActionsDispatcher.kt:62)
03-09 01:38:41.299 19040 19078 I DetoxActionHandlers: 	at com.wix.detox.adapters.server.ActionsExecutor.$r8$lambda$xlgL0CQim6vNM0wWEqM8JIDgZUE(Unknown Source:0)
03-09 01:38:41.299 19040 19078 I DetoxActionHandlers: 	at com.wix.detox.adapters.server.ActionsExecutor$$ExternalSyntheticLambda1.run(D8$$SyntheticClass:0)
03-09 01:38:41.299 19040 19078 I DetoxActionHandlers: 	at java.lang.Thread.run(Thread.java:1119)
03-09 01:38:41.299 19040 19078 I DetoxActionHandlers: Caused by: androidx.test.espresso.base.RootViewPicker$RootViewWithoutFocusException: Waited for the root of the view hierarchy to have window focus and not request layout for 10 seconds. If you specified a non default root matcher, it may be picking a root that never takes focus. Root:
03-09 01:38:41.299 19040 19078 I DetoxActionHandlers: Root{application-window-token=android.view.ViewRootImpl$W@8416080, window-token=android.view.ViewRootImpl$W@8416080, has-window-focus=false, layout-params-type=1, layout-params-string={(0,0)(fillxfill) sim={adjust=resize forwardNavigation} layoutInDisplayCutoutMode=always ty=BASE_APPLICATION wanim=0x103030e
03-09 01:38:41.299 19040 19078 I DetoxActionHandlers:   fl=LAYOUT_IN_SCREEN LAYOUT_INSET_DECOR SPLIT_TOUCH HARDWARE_ACCELERATED DRAWS_SYSTEM_BAR_BACKGROUNDS
03-09 01:38:41.299 19040 19078 I DetoxActionHandlers:   pfl=NO_MOVE_ANIMATION EDGE_TO_EDGE_ENFORCED FORCE_DRAW_STATUS_BAR_BACKGROUND FIT_INSETS_CONTROLLED
03-09 01:38:41.299 19040 19078 I DetoxActionHandlers:   bhv=DEFAULT
03-09 01:38:41.299 19040 19078 I DetoxActionHandlers:   fitSides=
03-09 01:38:41.299 19040 19078 I DetoxActionHandlers:   frameRateBoostOnTouch=true
03-09 01:38:41.299 19040 19078 I DetoxActionHandlers:   dvrrWindowFrameRateHint=true}, decor-view-string=DecorView{id=-1, visibility=VISIBLE, width=1080, height=2424, has-focus=true, has-focusable=true, has-window-focus=false, is-clickable=false, is-enabled=true, is-focused=false, is-focusable=false, is-layout-requested=false, is-selected=false, layout-params={(0,0)(fillxfill) sim={adjust=resize forwardNavigation} layoutInDisplayCutoutMode=always ty=BASE_APPLICATION wanim=0x103030e
03-09 01:38:41.299 19040 19078 I DetoxActionHandlers:   fl=LAYOUT_IN_SCREEN LAYOUT_INSET_DECOR SPLIT_TOUCH HARDWARE_ACCELERATED DRAWS_SYSTEM_BAR_BACKGROUNDS
03-09 01:38:41.299 19040 19078 I DetoxActionHandlers:   pfl=NO_MOVE_ANIMATION EDGE_TO_EDGE_ENFORCED FORCE_DRAW_STATUS_BAR_BACKGROUND FIT_INSETS_CONTROLLED
03-09 01:38:41.299 19040 19078 I DetoxActionHandlers:   bhv=DEFAULT
03-09 01:38:41.299 19040 19078 I DetoxActionHandlers:   fitSides=
03-09 01:38:41.299 19040 19078 I DetoxActionHandlers:   frameRateBoostOnTouch=true
03-09 01:38:41.299 19040 19078 I DetoxActionHandlers:   dvrrWindowFrameRateHint=true}, tag=null, root-is-layout-requested=false, has-input-connection=false, x=0.0, y=0.0, child-count=1}}
03-09 01:38:41.299 19040 19078 I DetoxActionHandlers: 	at androidx.test.espresso.base.RootViewPicker.waitForRootToBeReady(RootViewPicker.java:121)
03-09 01:38:41.299 19040 19078 I DetoxActionHandlers: 	at androidx.test.espresso.base.RootViewPicker.pickRootView(RootViewPicker.java:159)
03-09 01:38:41.299 19040 19078 I DetoxActionHandlers: 	at androidx.test.espresso.base.RootViewPicker.get(RootViewPicker.java:101)
03-09 01:38:41.299 19040 19078 I DetoxActionHandlers: 	at androidx.test.espresso.ViewInteractionModule.provideRootView(ViewInteractionModule.java:83)
03-09 01:38:41.299 19040 19078 I DetoxActionHandlers: 	at androidx.test.espresso.ViewInteractionModule_ProvideRootViewFactory.provideRootView(ViewInteractionModule_ProvideRootViewFactory.java:49)
03-09 01:38:41.299 19040 19078 I DetoxActionHandlers: 	at androidx.test.espresso.ViewInteractionModule_ProvideRootViewFactory.get(ViewInteractionModule_ProvideRootViewFactory.java:39)
03-09 01:38:41.299 19040 19078 I DetoxActionHandlers: 	at androidx.test.espresso.ViewInteractionModule_ProvideRootViewFactory.get(ViewInteractionModule_ProvideRootViewFactory.java:13)
03-09 01:38:41.299 19040 19078 I DetoxActionHandlers: 	at androidx.test.espresso.base.ViewFinderImpl.getView(ViewFinderImpl.java:58)
03-09 01:38:41.299 19040 19078 I DetoxActionHandlers: 	at androidx.test.espresso.ViewInteraction$2.call(ViewInteraction.java:334)
03-09 01:38:41.299 19040 19078 I DetoxActionHandlers: 	at androidx.test.espresso.ViewInteraction$2.call(ViewInteraction.java:319)
03-09 01:38:41.299 19040 19078 I DetoxActionHandlers: 	at java.util.concurrent.FutureTask.run(FutureTask.java:317)
03-09 01:38:41.299 19040 19078 I DetoxActionHandlers: 	at android.os.Handler.handleCallback(Handler.java:995)
03-09 01:38:41.299 19040 19078 I DetoxActionHandlers: 	at android.os.Handler.dispatchMessage(Handler.java:103)
03-09 01:38:41.299 19040 19078 I DetoxActionHandlers: 	at android.os.Looper.loopOnce(Looper.java:248)
03-09 01:38:41.299 19040 19078 I DetoxActionHandlers: 	at android.os.Looper.loop(Looper.java:338)
03-09 01:38:41.299 19040 19078 I DetoxActionHandlers: 	at android.app.ActivityThread.main(ActivityThread.java:9067)
03-09 01:38:41.299 19040 19078 I DetoxActionHandlers: 	at java.lang.reflect.Method.invoke(Native Method)
03-09 01:38:41.299 19040 19078 I DetoxActionHandlers: 	at com.android.internal.os.RuntimeInit$MethodAndArgsCaller.run(RuntimeInit.java:593)
03-09 01:38:41.299 19040 19078 I DetoxActionHandlers: 	at com.android.internal.os.ZygoteInit.main(ZygoteInit.java:932)
03-09 01:38:41.299 19040 19078 I DetoxWSClient: Sending out action 'testFailed' (ID #22)
03-09 01:38:41.299 19040 19078 I DetoxDispatcher: Done with action 'invoke'
03-09 01:38:41.343 19040 19082 D DetoxWSClient: Received action 'invoke' (ID #24, params={"target":{"type":"Class","value":"com.wix.detox.Detox"},"method":"launchMainActivity","args":[]})
03-09 01:38:41.343 19040 19078 I DetoxDispatcher: Handling action 'invoke' (ID #24)...
03-09 01:38:41.344 19040 19078 D Detox   : class com.wix.detox.Detox, launchMainActivity, []
03-09 01:38:41.346 19040 19040 W unknown:BridgelessReact: ReactHost{0}.onHostPause(activity)
03-09 01:38:41.346 19040 19040 W unknown:BridgelessReact: ReactContext.onHostPause()
03-09 01:38:41.347 19040 19040 D LifecycleMonitor: Lifecycle status change: com.notesbrain.echo.MainActivity@91e02b8 in: PAUSED
03-09 01:38:41.347 19040 19040 W unknown:BridgelessReact: ReactHost{0}.onHostResume(activity)
03-09 01:38:41.347 19040 19040 W unknown:BridgelessReact: ReactContext.onHostResume()
03-09 01:38:41.348 19040 19040 D LifecycleMonitor: Lifecycle status change: com.notesbrain.echo.MainActivity@91e02b8 in: RESUMED
03-09 01:38:41.348 19040 19078 I DetoxWSClient: Sending out action 'invokeResult' (ID #24)
03-09 01:38:41.348 19040 19078 I DetoxDispatcher: Done with action 'invoke'
03-09 01:38:41.407 19040 19082 D DetoxWSClient: Received action 'invoke' (ID #25, params={"target":{"type":"Class","value":"com.wix.detox.espresso.DetoxAssertion"},"method":"waitForAssertMatcher","args":[{"type":"Invocation","value":{"target":{"type":"Class","value":"androidx.test.espresso.Espresso"},"method":"onView","args":[{"type":"Invocation","value":{"target":{"type":"Class","value":"com.wix.detox.espresso.DetoxMatcher"},"method":"matcherForText","args":["Close app",{"type":"boolean","value":false}]}}]}},{"type":"Invocation","value":{"target":{"type":"Class","value":"com.wix.detox.espresso.DetoxMatcher"},"method":"matcherForSufficientlyVisible","args":[{"type":"Integer","value":75}]}},{"type":"Double","value":1}]})
03-09 01:38:41.407 19040 19078 I DetoxDispatcher: Handling action 'invoke' (ID #25)...
03-09 01:38:41.407 19040 19078 D Detox   : class com.wix.detox.espresso.DetoxMatcher, matcherForText, [Close app, false]
03-09 01:38:41.408 19040 19078 D Detox   : class androidx.test.espresso.Espresso, onView, [(an instance of android.widget.TextView and view.getText() with or without transformation to match: is "Close app" and view has effective visibility <VISIBLE>)]
03-09 01:38:41.408 19040 19078 D Detox   : class com.wix.detox.espresso.DetoxMatcher, matcherForSufficientlyVisible, [75]
03-09 01:38:41.408 19040 19078 D Detox   : class com.wix.detox.espresso.DetoxAssertion, waitForAssertMatcher, [androidx.test.espresso.ViewInteraction@a865cd3, (view has effective visibility <VISIBLE> and view.getGlobalVisibleRect() covers at least <75> percent of the view's area), 1.0]
03-09 01:38:41.408 19040 19040 D RootViewPicker: Root not ready - waiting: 10ms for one to appear.
03-09 01:38:41.420 19040 19040 D RootViewPicker: Root not ready - waiting: 25ms for one to appear.
03-09 01:38:41.446 19040 19040 D RootViewPicker: Root not ready - waiting: 50ms for one to appear.
03-09 01:38:41.497 19040 19040 D RootViewPicker: Root not ready - waiting: 100ms for one to appear.
03-09 01:38:41.598 19040 19040 D RootViewPicker: Root not ready - waiting: 200ms for one to appear.
03-09 01:38:41.800 19040 19040 D RootViewPicker: Root not ready - waiting: 400ms for one to appear.
03-09 01:38:42.216 19040 19040 D RootViewPicker: Root not ready - waiting: 800ms for one to appear.
03-09 01:38:43.018 19040 19040 D RootViewPicker: Root not ready - waiting: 1000ms for one to appear.
03-09 01:38:44.022 19040 19040 D RootViewPicker: Root not ready - waiting: 1000ms for one to appear.
03-09 01:38:45.024 19040 19040 D RootViewPicker: Root not ready - waiting: 1000ms for one to appear.
03-09 01:38:46.030 19040 19040 D RootViewPicker: Root not ready - waiting: 1000ms for one to appear.
03-09 01:38:47.035 19040 19040 D RootViewPicker: Root not ready - waiting: 1000ms for one to appear.
03-09 01:38:48.040 19040 19040 D RootViewPicker: Root not ready - waiting: 1000ms for one to appear.
03-09 01:38:49.044 19040 19040 D RootViewPicker: Root not ready - waiting: 1000ms for one to appear.
03-09 01:38:50.054 19040 19040 D RootViewPicker: Root not ready - waiting: 1000ms for one to appear.
03-09 01:38:51.056 19040 19040 D RootViewPicker: Root not ready - waiting: 1000ms for one to appear.
03-09 01:38:51.412 19040 19082 D DetoxWSClient: Received action 'currentStatus' (ID #26, params={})
03-09 01:38:51.412 19040 19079 I DetoxDispatcher: Handling action 'currentStatus' (ID #26)...
03-09 01:38:51.415 19040 19079 I DetoxWSClient: Sending out action 'currentStatusResult' (ID #26)
03-09 01:38:51.415 19040 19079 I DetoxDispatcher: Done with action 'currentStatus'
03-09 01:38:52.066 19040 19078 I DetoxActionHandlers: Test exception
03-09 01:38:52.066 19040 19078 I DetoxActionHandlers: java.lang.reflect.InvocationTargetException
03-09 01:38:52.066 19040 19078 I DetoxActionHandlers: 	at java.lang.reflect.Method.invoke(Native Method)
03-09 01:38:52.066 19040 19078 I DetoxActionHandlers: 	at org.apache.commons.lang3.reflect.MethodUtils.invokeStaticMethod(MethodUtils.java:443)
03-09 01:38:52.066 19040 19078 I DetoxActionHandlers: 	at org.apache.commons.lang3.reflect.MethodUtils.invokeStaticMethod(MethodUtils.java:405)
03-09 01:38:52.066 19040 19078 I DetoxActionHandlers: 	at com.wix.invoke.types.ClassTarget.execute(ClassTarget.java:23)
03-09 01:38:52.066 19040 19078 I DetoxActionHandlers: 	at com.wix.invoke.types.Target.invoke(Target.java:59)
03-09 01:38:52.066 19040 19078 I DetoxActionHandlers: 	at com.wix.invoke.MethodInvocation.invoke(MethodInvocation.java:35)
03-09 01:38:52.066 19040 19078 I DetoxActionHandlers: 	at com.wix.invoke.MethodInvocation.invoke(MethodInvocation.java:26)
03-09 01:38:52.066 19040 19078 I DetoxActionHandlers: 	at com.wix.invoke.MethodInvocation.invoke(MethodInvocation.java:20)
03-09 01:38:52.066 19040 19078 I DetoxActionHandlers: 	at com.wix.detox.adapters.server.InvokeActionHandler.handle(DetoxActionHandlers.kt:54)
03-09 01:38:52.066 19040 19078 I DetoxActionHandlers: 	at com.wix.detox.adapters.server.ActionsExecutor.executeAction$lambda$2$lambda$1(DetoxActionsDispatcher.kt:76)
03-09 01:38:52.066 19040 19078 I DetoxActionHandlers: 	at com.wix.detox.adapters.server.ActionsExecutor.$r8$lambda$GVbB7LHtBHxNHGbgYnHJ6YrwCqs(Unknown Source:0)
03-09 01:38:52.066 19040 19078 I DetoxActionHandlers: 	at com.wix.detox.adapters.server.ActionsExecutor$$ExternalSyntheticLambda0.run(D8$$SyntheticClass:0)
03-09 01:38:52.066 19040 19078 I DetoxActionHandlers: 	at android.os.Handler.handleCallback(Handler.java:995)
03-09 01:38:52.066 19040 19078 I DetoxActionHandlers: 	at android.os.Handler.dispatchMessage(Handler.java:103)
03-09 01:38:52.066 19040 19078 I DetoxActionHandlers: 	at android.os.Looper.loopOnce(Looper.java:248)
03-09 01:38:52.066 19040 19078 I DetoxActionHandlers: 	at android.os.Looper.loop(Looper.java:338)
03-09 01:38:52.066 19040 19078 I DetoxActionHandlers: 	at com.wix.detox.adapters.server.ActionsExecutor._init_$lambda$0(DetoxActionsDispatcher.kt:62)
03-09 01:38:52.066 19040 19078 I DetoxActionHandlers: 	at com.wix.detox.adapters.server.ActionsExecutor.$r8$lambda$xlgL0CQim6vNM0wWEqM8JIDgZUE(Unknown Source:0)
03-09 01:38:52.066 19040 19078 I DetoxActionHandlers: 	at com.wix.detox.adapters.server.ActionsExecutor$$ExternalSyntheticLambda1.run(D8$$SyntheticClass:0)
03-09 01:38:52.066 19040 19078 I DetoxActionHandlers: 	at java.lang.Thread.run(Thread.java:1119)
03-09 01:38:52.066 19040 19078 I DetoxActionHandlers: Caused by: androidx.test.espresso.base.RootViewPicker$RootViewWithoutFocusException: Waited for the root of the view hierarchy to have window focus and not request layout for 10 seconds. If you specified a non default root matcher, it may be picking a root that never takes focus. Root:
03-09 01:38:52.066 19040 19078 I DetoxActionHandlers: Root{application-window-token=android.view.ViewRootImpl$W@8416080, window-token=android.view.ViewRootImpl$W@8416080, has-window-focus=false, layout-params-type=1, layout-params-string={(0,0)(fillxfill) sim={adjust=resize forwardNavigation} layoutInDisplayCutoutMode=always ty=BASE_APPLICATION wanim=0x103030e
03-09 01:38:52.066 19040 19078 I DetoxActionHandlers:   fl=LAYOUT_IN_SCREEN LAYOUT_INSET_DECOR SPLIT_TOUCH HARDWARE_ACCELERATED DRAWS_SYSTEM_BAR_BACKGROUNDS
03-09 01:38:52.066 19040 19078 I DetoxActionHandlers:   pfl=NO_MOVE_ANIMATION EDGE_TO_EDGE_ENFORCED FORCE_DRAW_STATUS_BAR_BACKGROUND FIT_INSETS_CONTROLLED
03-09 01:38:52.066 19040 19078 I DetoxActionHandlers:   bhv=DEFAULT
03-09 01:38:52.066 19040 19078 I DetoxActionHandlers:   fitSides=
03-09 01:38:52.066 19040 19078 I DetoxActionHandlers:   frameRateBoostOnTouch=true
03-09 01:38:52.066 19040 19078 I DetoxActionHandlers:   dvrrWindowFrameRateHint=true}, decor-view-string=DecorView{id=-1, visibility=VISIBLE, width=1080, height=2424, has-focus=true, has-focusable=true, has-window-focus=false, is-clickable=false, is-enabled=true, is-focused=false, is-focusable=false, is-layout-requested=false, is-selected=false, layout-params={(0,0)(fillxfill) sim={adjust=resize forwardNavigation} layoutInDisplayCutoutMode=always ty=BASE_APPLICATION wanim=0x103030e
03-09 01:38:52.066 19040 19078 I DetoxActionHandlers:   fl=LAYOUT_IN_SCREEN LAYOUT_INSET_DECOR SPLIT_TOUCH HARDWARE_ACCELERATED DRAWS_SYSTEM_BAR_BACKGROUNDS
03-09 01:38:52.066 19040 19078 I DetoxActionHandlers:   pfl=NO_MOVE_ANIMATION EDGE_TO_EDGE_ENFORCED FORCE_DRAW_STATUS_BAR_BACKGROUND FIT_INSETS_CONTROLLED
03-09 01:38:52.066 19040 19078 I DetoxActionHandlers:   bhv=DEFAULT
03-09 01:38:52.066 19040 19078 I DetoxActionHandlers:   fitSides=
03-09 01:38:52.066 19040 19078 I DetoxActionHandlers:   frameRateBoostOnTouch=true
03-09 01:38:52.066 19040 19078 I DetoxActionHandlers:   dvrrWindowFrameRateHint=true}, tag=null, root-is-layout-requested=false, has-input-connection=false, x=0.0, y=0.0, child-count=1}}
03-09 01:38:52.066 19040 19078 I DetoxActionHandlers: 	at androidx.test.espresso.base.RootViewPicker.waitForRootToBeReady(RootViewPicker.java:121)
03-09 01:38:52.066 19040 19078 I DetoxActionHandlers: 	at androidx.test.espresso.base.RootViewPicker.pickRootView(RootViewPicker.java:159)
03-09 01:38:52.066 19040 19078 I DetoxActionHandlers: 	at androidx.test.espresso.base.RootViewPicker.get(RootViewPicker.java:101)
03-09 01:38:52.066 19040 19078 I DetoxActionHandlers: 	at androidx.test.espresso.ViewInteractionModule.provideRootView(ViewInteractionModule.java:83)
03-09 01:38:52.066 19040 19078 I DetoxActionHandlers: 	at androidx.test.espresso.ViewInteractionModule_ProvideRootViewFactory.provideRootView(ViewInteractionModule_ProvideRootViewFactory.java:49)
03-09 01:38:52.066 19040 19078 I DetoxActionHandlers: 	at androidx.test.espresso.ViewInteractionModule_ProvideRootViewFactory.get(ViewInteractionModule_ProvideRootViewFactory.java:39)
03-09 01:38:52.066 19040 19078 I DetoxActionHandlers: 	at androidx.test.espresso.ViewInteractionModule_ProvideRootViewFactory.get(ViewInteractionModule_ProvideRootViewFactory.java:13)
03-09 01:38:52.066 19040 19078 I DetoxActionHandlers: 	at androidx.test.espresso.base.ViewFinderImpl.getView(ViewFinderImpl.java:58)
03-09 01:38:52.066 19040 19078 I DetoxActionHandlers: 	at androidx.test.espresso.ViewInteraction$2.call(ViewInteraction.java:334)
03-09 01:38:52.066 19040 19078 I DetoxActionHandlers: 	at androidx.test.espresso.ViewInteraction$2.call(ViewInteraction.java:319)
03-09 01:38:52.066 19040 19078 I DetoxActionHandlers: 	at java.util.concurrent.FutureTask.run(FutureTask.java:317)
03-09 01:38:52.066 19040 19078 I DetoxActionHandlers: 	at android.os.Handler.handleCallback(Handler.java:995)
03-09 01:38:52.066 19040 19078 I DetoxActionHandlers: 	at android.os.Handler.dispatchMessage(Handler.java:103)
03-09 01:38:52.066 19040 19078 I DetoxActionHandlers: 	at android.os.Looper.loopOnce(Looper.java:248)
03-09 01:38:52.066 19040 19078 I DetoxActionHandlers: 	at android.os.Looper.loop(Looper.java:338)
03-09 01:38:52.066 19040 19078 I DetoxActionHandlers: 	at android.app.ActivityThread.main(ActivityThread.java:9067)
03-09 01:38:52.066 19040 19078 I DetoxActionHandlers: 	at java.lang.reflect.Method.invoke(Native Method)
03-09 01:38:52.066 19040 19078 I DetoxActionHandlers: 	at com.android.internal.os.RuntimeInit$MethodAndArgsCaller.run(RuntimeInit.java:593)
03-09 01:38:52.066 19040 19078 I DetoxActionHandlers: 	at com.android.internal.os.ZygoteInit.main(ZygoteInit.java:932)
03-09 01:38:52.066 19040 19078 I DetoxWSClient: Sending out action 'testFailed' (ID #25)
03-09 01:38:52.066 19040 19078 I DetoxDispatcher: Done with action 'invoke'
03-09 01:38:52.069 19040 19082 D DetoxWSClient: Received action 'invoke' (ID #27, params={"target":{"type":"Class","value":"com.wix.detox.espresso.DetoxAssertion"},"method":"waitForAssertMatcher","args":[{"type":"Invocation","value":{"target":{"type":"Class","value":"androidx.test.espresso.Espresso"},"method":"onView","args":[{"type":"Invocation","value":{"target":{"type":"Class","value":"com.wix.detox.espresso.DetoxMatcher"},"method":"matcherForTestId","args":["login-email-input",{"type":"boolean","value":false}]}}]}},{"type":"Invocation","value":{"target":{"type":"Class","value":"com.wix.detox.espresso.DetoxMatcher"},"method":"matcherForSufficientlyVisible","args":[{"type":"Integer","value":75}]}},{"type":"Double","value":6}]})
03-09 01:38:52.069 19040 19078 I DetoxDispatcher: Handling action 'invoke' (ID #27)...
03-09 01:38:52.069 19040 19078 D Detox   : class com.wix.detox.espresso.DetoxMatcher, matcherForTestId, [login-email-input, false]
03-09 01:38:52.069 19040 19078 D Detox   : class androidx.test.espresso.Espresso, onView, [(view.getTag() is "login-email-input" and view has effective visibility <VISIBLE>)]
03-09 01:38:52.070 19040 19078 D Detox   : class com.wix.detox.espresso.DetoxMatcher, matcherForSufficientlyVisible, [75]
03-09 01:38:52.070 19040 19078 D Detox   : class com.wix.detox.espresso.DetoxAssertion, waitForAssertMatcher, [androidx.test.espresso.ViewInteraction@735bd0e, (view has effective visibility <VISIBLE> and view.getGlobalVisibleRect() covers at least <75> percent of the view's area), 6.0]
03-09 01:38:52.070 19040 19040 D RootViewPicker: Root not ready - waiting: 10ms for one to appear.
03-09 01:38:52.081 19040 19040 D RootViewPicker: Root not ready - waiting: 25ms for one to appear.
03-09 01:38:52.109 19040 19040 D RootViewPicker: Root not ready - waiting: 50ms for one to appear.
03-09 01:38:52.168 19040 19040 D RootViewPicker: Root not ready - waiting: 100ms for one to appear.
03-09 01:38:52.271 19040 19040 D RootViewPicker: Root not ready - waiting: 200ms for one to appear.
03-09 01:38:52.474 19040 19040 D RootViewPicker: Root not ready - waiting: 400ms for one to appear.
03-09 01:38:52.878 19040 19040 D RootViewPicker: Root not ready - waiting: 800ms for one to appear.
03-09 01:38:53.684 19040 19040 D RootViewPicker: Root not ready - waiting: 1000ms for one to appear.
03-09 01:38:54.687 19040 19040 D RootViewPicker: Root not ready - waiting: 1000ms for one to appear.
03-09 01:38:55.693 19040 19040 D RootViewPicker: Root not ready - waiting: 1000ms for one to appear.
03-09 01:38:56.699 19040 19040 D RootViewPicker: Root not ready - waiting: 1000ms for one to appear.
03-09 01:38:57.702 19040 19040 D RootViewPicker: Root not ready - waiting: 1000ms for one to appear.
03-09 01:38:58.706 19040 19040 D RootViewPicker: Root not ready - waiting: 1000ms for one to appear.
03-09 01:38:59.711 19040 19040 D RootViewPicker: Root not ready - waiting: 1000ms for one to appear.
03-09 01:39:00.720 19040 19040 D RootViewPicker: Root not ready - waiting: 1000ms for one to appear.
03-09 01:39:01.723 19040 19040 D RootViewPicker: Root not ready - waiting: 1000ms for one to appear.
03-09 01:39:02.073 19040 19082 D DetoxWSClient: Received action 'currentStatus' (ID #28, params={})
03-09 01:39:02.074 19040 19079 I DetoxDispatcher: Handling action 'currentStatus' (ID #28)...
03-09 01:39:02.076 19040 19079 I DetoxWSClient: Sending out action 'currentStatusResult' (ID #28)
03-09 01:39:02.076 19040 19079 I DetoxDispatcher: Done with action 'currentStatus'
03-09 01:39:02.734 19040 19078 I DetoxActionHandlers: Test exception
03-09 01:39:02.734 19040 19078 I DetoxActionHandlers: java.lang.reflect.InvocationTargetException
03-09 01:39:02.734 19040 19078 I DetoxActionHandlers: 	at java.lang.reflect.Method.invoke(Native Method)
03-09 01:39:02.734 19040 19078 I DetoxActionHandlers: 	at org.apache.commons.lang3.reflect.MethodUtils.invokeStaticMethod(MethodUtils.java:443)
03-09 01:39:02.734 19040 19078 I DetoxActionHandlers: 	at org.apache.commons.lang3.reflect.MethodUtils.invokeStaticMethod(MethodUtils.java:405)
03-09 01:39:02.734 19040 19078 I DetoxActionHandlers: 	at com.wix.invoke.types.ClassTarget.execute(ClassTarget.java:23)
03-09 01:39:02.734 19040 19078 I DetoxActionHandlers: 	at com.wix.invoke.types.Target.invoke(Target.java:59)
03-09 01:39:02.734 19040 19078 I DetoxActionHandlers: 	at com.wix.invoke.MethodInvocation.invoke(MethodInvocation.java:35)
03-09 01:39:02.734 19040 19078 I DetoxActionHandlers: 	at com.wix.invoke.MethodInvocation.invoke(MethodInvocation.java:26)
03-09 01:39:02.734 19040 19078 I DetoxActionHandlers: 	at com.wix.invoke.MethodInvocation.invoke(MethodInvocation.java:20)
03-09 01:39:02.734 19040 19078 I DetoxActionHandlers: 	at com.wix.detox.adapters.server.InvokeActionHandler.handle(DetoxActionHandlers.kt:54)
03-09 01:39:02.734 19040 19078 I DetoxActionHandlers: 	at com.wix.detox.adapters.server.ActionsExecutor.executeAction$lambda$2$lambda$1(DetoxActionsDispatcher.kt:76)
03-09 01:39:02.734 19040 19078 I DetoxActionHandlers: 	at com.wix.detox.adapters.server.ActionsExecutor.$r8$lambda$GVbB7LHtBHxNHGbgYnHJ6YrwCqs(Unknown Source:0)
03-09 01:39:02.734 19040 19078 I DetoxActionHandlers: 	at com.wix.detox.adapters.server.ActionsExecutor$$ExternalSyntheticLambda0.run(D8$$SyntheticClass:0)
03-09 01:39:02.734 19040 19078 I DetoxActionHandlers: 	at android.os.Handler.handleCallback(Handler.java:995)
03-09 01:39:02.734 19040 19078 I DetoxActionHandlers: 	at android.os.Handler.dispatchMessage(Handler.java:103)
03-09 01:39:02.734 19040 19078 I DetoxActionHandlers: 	at android.os.Looper.loopOnce(Looper.java:248)
03-09 01:39:02.734 19040 19078 I DetoxActionHandlers: 	at android.os.Looper.loop(Looper.java:338)
03-09 01:39:02.734 19040 19078 I DetoxActionHandlers: 	at com.wix.detox.adapters.server.ActionsExecutor._init_$lambda$0(DetoxActionsDispatcher.kt:62)
03-09 01:39:02.734 19040 19078 I DetoxActionHandlers: 	at com.wix.detox.adapters.server.ActionsExecutor.$r8$lambda$xlgL0CQim6vNM0wWEqM8JIDgZUE(Unknown Source:0)
03-09 01:39:02.734 19040 19078 I DetoxActionHandlers: 	at com.wix.detox.adapters.server.ActionsExecutor$$ExternalSyntheticLambda1.run(D8$$SyntheticClass:0)
03-09 01:39:02.734 19040 19078 I DetoxActionHandlers: 	at java.lang.Thread.run(Thread.java:1119)
03-09 01:39:02.734 19040 19078 I DetoxActionHandlers: Caused by: androidx.test.espresso.base.RootViewPicker$RootViewWithoutFocusException: Waited for the root of the view hierarchy to have window focus and not request layout for 10 seconds. If you specified a non default root matcher, it may be picking a root that never takes focus. Root:
03-09 01:39:02.734 19040 19078 I DetoxActionHandlers: Root{application-window-token=android.view.ViewRootImpl$W@8416080, window-token=android.view.ViewRootImpl$W@8416080, has-window-focus=false, layout-params-type=1, layout-params-string={(0,0)(fillxfill) sim={adjust=resize forwardNavigation} layoutInDisplayCutoutMode=always ty=BASE_APPLICATION wanim=0x103030e
03-09 01:39:02.734 19040 19078 I DetoxActionHandlers:   fl=LAYOUT_IN_SCREEN LAYOUT_INSET_DECOR SPLIT_TOUCH HARDWARE_ACCELERATED DRAWS_SYSTEM_BAR_BACKGROUNDS
03-09 01:39:02.734 19040 19078 I DetoxActionHandlers:   pfl=NO_MOVE_ANIMATION EDGE_TO_EDGE_ENFORCED FORCE_DRAW_STATUS_BAR_BACKGROUND FIT_INSETS_CONTROLLED
03-09 01:39:02.734 19040 19078 I DetoxActionHandlers:   bhv=DEFAULT
03-09 01:39:02.734 19040 19078 I DetoxActionHandlers:   fitSides=
03-09 01:39:02.734 19040 19078 I DetoxActionHandlers:   frameRateBoostOnTouch=true
03-09 01:39:02.734 19040 19078 I DetoxActionHandlers:   dvrrWindowFrameRateHint=true}, decor-view-string=DecorView{id=-1, visibility=VISIBLE, width=1080, height=2424, has-focus=true, has-focusable=true, has-window-focus=false, is-clickable=false, is-enabled=true, is-focused=false, is-focusable=false, is-layout-requested=false, is-selected=false, layout-params={(0,0)(fillxfill) sim={adjust=resize forwardNavigation} layoutInDisplayCutoutMode=always ty=BASE_APPLICATION wanim=0x103030e
03-09 01:39:02.734 19040 19078 I DetoxActionHandlers:   fl=LAYOUT_IN_SCREEN LAYOUT_INSE