01:29:41.775 detox[67967] B node_modules/.bin/detox test --config-path ./tests/e2e/mobile/detox.config.cjs --configuration android.emu.detox --record-logs failing --take-screenshots failing tests/e2e/mobile/specs/capture-and-summary.e2e.js
  data: {
    "id": "ee89f282-1d2a-f291-4056-ee9f4de161a8",
    "detoxConfig": {
      "configurationName": "android.emu.detox",
      "apps": {
        "default": {
          "type": "android.apk",
          "binaryPath": "apps/mobile/android/app/build/outputs/apk/detox/app-detox.apk",
          "testBinaryPath": "apps/mobile/android/app/build/outputs/apk/androidTest/detox/app-detox-androidTest.apk",
          "build": "cd apps/mobile/android && ./gradlew --no-daemon -Dorg.gradle.jvmargs='-Xmx4096m -XX:MaxMetaspaceSize=1024m' :app:createBundleDetoxJsAndAssets --rerun-tasks -PreactNativeArchitectures=arm64-v8a,x86_64 && ./gradlew --no-daemon -Dorg.gradle.jvmargs='-Xmx4096m -XX:MaxMetaspaceSize=1024m' assembleDetox assembleAndroidTest -DtestBuildType=detox -x lint -x test -PreactNativeArchitectures=arm64-v8a,x86_64"
        }
      },
      "artifacts": {
        "rootDir": "artifacts/android.emu.detox.2026-03-09 08-29-41Z",
        "plugins": {
          "log": {
            "enabled": true,
            "keepOnlyFailedTestsArtifacts": true
          },
          "screenshot": {
            "enabled": true,
            "shouldTakeAutomaticSnapshots": true,
            "keepOnlyFailedTestsArtifacts": true
          },
          "video": {
            "enabled": false,
            "keepOnlyFailedTestsArtifacts": false
          },
          "instruments": {
            "enabled": false,
            "keepOnlyFailedTestsArtifacts": false
          },
          "uiHierarchy": {
            "enabled": false,
            "keepOnlyFailedTestsArtifacts": false
          }
        }
      },
      "behavior": {
        "init": {
          "keepLockFile": false,
          "reinstallApp": true,
          "exposeGlobals": true
        },
        "cleanup": {
          "shutdownDevice": false
        },
        "launchApp": "auto"
      },
      "cli": {
        "recordLogs": "failing",
        "takeScreenshots": "failing",
        "configPath": "./tests/e2e/mobile/detox.config.cjs",
        "configuration": "android.emu.detox",
        "start": true
      },
      "commands": [
        {
          "appName": "default",
          "build": "cd apps/mobile/android && ./gradlew --no-daemon -Dorg.gradle.jvmargs='-Xmx4096m -XX:MaxMetaspaceSize=1024m' :app:createBundleDetoxJsAndAssets --rerun-tasks -PreactNativeArchitectures=arm64-v8a,x86_64 && ./gradlew --no-daemon -Dorg.gradle.jvmargs='-Xmx4096m -XX:MaxMetaspaceSize=1024m' assembleDetox assembleAndroidTest -DtestBuildType=detox -x lint -x test -PreactNativeArchitectures=arm64-v8a,x86_64"
        }
      ],
      "device": {
        "type": "android.emulator",
        "device": {
          "avdName": "Pixel_9"
        }
      },
      "logger": {
        "level": "info",
        "overrideConsole": true,
        "options": {
          "showLoggerName": true,
          "showPid": true,
          "showLevel": false,
          "showMetadata": false,
          "basepath": "/Users/coding/Projects/notes_brain/node_modules/detox/src",
          "prefixers": {},
          "stringifiers": {}
        }
      },
      "testRunner": {
        "retries": 0,
        "forwardEnv": false,
        "detached": false,
        "bail": false,
        "noRetryArgs": [
          "shard"
        ],
        "jest": {
          "setupTimeout": 180000,
          "teardownTimeout": 30000,
          "retryAfterCircusRetries": false,
          "reportWorkerAssign": true
        },
        "args": {
          "$0": "jest",
          "_": [
            "tests/e2e/mobile/specs/capture-and-summary.e2e.js"
          ],
          "config": "tests/e2e/mobile/jest.config.cjs",
          "--": []
        }
      },
      "session": {
        "autoStart": true,
        "debugSynchronization": 10000
      }
    },
    "detoxIPCServer": "primary-67967",
    "testResults": [],
    "testSessionIndex": 0,
    "workersCount": 0
  }
01:29:41.778 detox[67967] i Server path not specified, so defaulting to ipc.config.socketRoot + ipc.config.appspace + ipc.config.id /tmp/detox.primary-67967
01:29:41.778 detox[67967] i starting server on  /tmp/detox.primary-67967 
01:29:41.778 detox[67967] i starting TLS server false
01:29:41.778 detox[67967] i starting server as Unix || Windows Socket
01:29:41.780 detox[67967] i Detox server listening on localhost:64019...
01:29:41.782 detox[67967] i Serialized the session state at: /private/var/folders/4z/mqqhpdps32j1l_chr_9wt8rw0000gp/T/ee89f282-1d2a-f291-4056-ee9f4de161a8.detox.json
01:29:41.782 detox[67967] B DETOX_AVD_NAME="Pixel_9" jest --config tests/e2e/mobile/jest.config.cjs tests/e2e/mobile/specs/capture-and-summary.e2e.js
01:29:41.784 detox[67967] i (node:67967) [DEP0190] DeprecationWarning: Passing args to a child process with shell option true can lead to security vulnerabilities, as the arguments are not escaped, only concatenated.
(Use `node --trace-deprecation ...` to show where the warning was created)
01:29:42.342 detox[67968] i Service path not specified, so defaulting to ipc.config.socketRoot + ipc.config.appspace + id 
01:29:42.343 detox[67968] i requested connection to  primary-67967 /tmp/detox.primary-67967
01:29:42.343 detox[67968] i Connecting client on Unix Socket : /tmp/detox.primary-67967
01:29:42.344 detox[67967] i ## socket connection to server detected ##
01:29:42.344 detox[67968] i retrying reset
01:29:42.344 detox[67968] i dispatching event to  primary-67967 /tmp/detox.primary-67967  :  registerContext , { id: 'secondary-67968' }
01:29:42.345 detox[67967] i received event of :  registerContext { id: 'secondary-67968' }
01:29:42.345 detox[67967] i dispatching event to socket  :  registerContextDone {
  testResults: [],
  testSessionIndex: 0,
  unsafe_earlyTeardown: undefined
}
01:29:42.345 detox[67968] i ## received events ##
01:29:42.345 detox[67968] i detected event registerContextDone { testResults: [], testSessionIndex: 0 }
01:29:42.415 detox[67968] B tests/e2e/mobile/specs/capture-and-summary.e2e.js
01:29:42.427 detox[67968] B set up environment
01:29:42.427 detox[67968] i dispatching event to  primary-67967 /tmp/detox.primary-67967  :  registerWorker , { workerId: 'w1' }
01:29:42.428 detox[67967] i received event of :  registerWorker { workerId: 'w1' }
01:29:42.428 detox[67967] i dispatching event to socket  :  registerWorkerDone { workersCount: 1 }
01:29:42.428 detox[67967] i broadcasting event to all known sockets listening to  /tmp/detox.primary-67967  :   sessionStateUpdate { workersCount: 1 }
01:29:42.428 detox[67968] i ## received events ##
01:29:42.428 detox[67968] i detected event registerWorkerDone { workersCount: 1 }
01:29:42.559 detox[67968] i ## received events ##
01:29:42.559 detox[67968] i detected event sessionStateUpdate { workersCount: 1 }
01:29:42.563 detox[67967] B connection :64019<->:64022
01:29:42.563 detox[67968] i opened web socket to: ws://localhost:64019
01:29:42.564 detox[67968] i send message
  data: {"type":"login","params":{"sessionId":"58e5ef5c-118d-f35d-4ae6-aa5894f64d6e","role":"tester"},"messageId":0}
01:29:42.565 detox[67967] i get
  data: {"type":"login","params":{"sessionId":"58e5ef5c-118d-f35d-4ae6-aa5894f64d6e","role":"tester"},"messageId":0}
01:29:42.565 detox[67967] i created session 58e5ef5c-118d-f35d-4ae6-aa5894f64d6e
01:29:42.565 detox[67967] i send
  data: {
    "type": "loginSuccess",
    "params": {
      "testerConnected": true,
      "appConnected": false
    },
    "messageId": 0
  }
01:29:42.566 detox[67967] i tester joined session 58e5ef5c-118d-f35d-4ae6-aa5894f64d6e
01:29:42.566 detox[67968] i get message
  data: {"type":"loginSuccess","params":{"testerConnected":true,"appConnected":false},"messageId":0}
   
01:29:42.582 detox[67967] i received event of :  allocateDevice {
  deviceConfig: { type: 'android.emulator', device: { avdName: 'Pixel_9' } }
}
01:29:42.582 detox[67968] i dispatching event to  primary-67967 /tmp/detox.primary-67967  :  allocateDevice , {
  deviceConfig: { type: 'android.emulator', device: { avdName: 'Pixel_9' } }
}
01:29:42.597 detox[67967] B init
  args: ()
01:29:42.598 detox[67967] E init
01:29:42.598 detox[67967] B allocate
  data: {
    "type": "android.emulator",
    "device": {
      "avdName": "Pixel_9"
    }
  }
01:29:42.744 detox[67967] i Detected emulator binary version { major: 36, minor: 3, patch: 10, toString: [Function: toString] }
01:29:42.745 detox[67967] i "/Users/coding/Library/Android/sdk/platform-tools/adb"  devices
01:29:42.760 detox[67967] i List of devices attached


01:29:42.761 detox[67967] i /Users/coding/Library/Android/sdk/emulator/emulator -verbose -no-audio -no-boot-anim -read-only -port 13282 @Pixel_9
01:29:42.761 detox[67967] i /Users/coding/Library/Android/sdk/emulator/emulator -verbose -no-audio -no-boot-anim -read-only -port 13282 @Pixel_9
01:29:42.762 detox[67967] i "/Users/coding/Library/Android/sdk/platform-tools/adb" -s emulator-13282 wait-for-device
01:29:45.925 detox[67967] i 
01:29:45.925 detox[67967] i INFO         | Android emulator version 36.3.10.0 (build_id 14472402) (CL:N/A)
INFO         | Graphics backend: gfxstream
DEBUG   | Current emulator version 36.3.10 is the same as the required version 36.3.10.
INFO         | Deleting /Users/coding/.android/avd/../avd/Pixel_9.avd/bootcompleted.ini done
INFO         | Deleting /Users/coding/.android/avd/../avd/Pixel_9.avd/snapshot.trace done
INFO         | Found AVD name 'Pixel_9'
INFO         | Found AVD target architecture: arm64
INFO         | argv[0]: '/Users/coding/Library/Android/sdk/emulator/emulator'; program directory: '/Users/coding/Library/Android/sdk/emulator'
INFO         | Found systemPath /Users/coding/Library/Android/sdk/system-images/android-36/google_apis_playstore/arm64-v8a/
DEBUG   | autoconfig: -skin pixel_9
DEBUG   | autoconfig: -skindir /Users/coding/Library/Android/sdk/skins/
DEBUG   | init, loading /Users/coding/Library/Android/sdk/emulator/lib/advancedFeatures.ini
WARNING      | Please update the emulator to one that supports the feature(s): VulkanVirtualQueue
DEBUG   | autoconfig: -kernel /Users/coding/Library/Android/sdk/system-images/android-36/google_apis_playstore/arm64-v8a//kernel-ranchu
DEBUG   | Target arch = 'arm64'
DEBUG   | Auto-detect: Kernel image requires new device naming scheme.
DEBUG   | Auto-detect: Kernel does not support YAFFS2 partitions.
DEBUG   | autoconfig: -ramdisk /Users/coding/Library/Android/sdk/system-images/android-36/google_apis_playstore/arm64-v8a//ramdisk.img
DEBUG   | Using initial system image: /Users/coding/Library/Android/sdk/system-images/android-36/google_apis_playstore/arm64-v8a//system.img
DEBUG   | Using initial vendor image: /Users/coding/Library/Android/sdk/system-images/android-36/google_apis_playstore/arm64-v8a//vendor.img
DEBUG   | autoconfig: -data /Users/coding/.android/avd/../avd/Pixel_9.avd/userdata-qemu.img
DEBUG   | autoconfig: -initdata (null)
DEBUG   | autoconfig: -cache /Users/coding/.android/avd/../avd/Pixel_9.avd/cache.img
DEBUG   | INFO: ignore sdcard for arm at api level >= 30
DEBUG   | Physical RAM size: 2048MB
DEBUG   | VM heap size 228MB is below hardware specified minimum of 512MB,setting it to that value
DEBUG   | System image is read only
DEBUG   | Found 1 DNS servers:
DEBUG   | 	192.168.86.1
INFO         | Guest GLES Driver: Auto (ext controls)
DEBUG   | emuglConfig_init: denylisted=0 has_guest_renderer=0, mode: auto, option: 

DEBUG   | emuglConfig_init: auto-selected host based on conditions and UI preference 0

library_mode host gpu mode host
DEBUG   | setCurrentRenderer: host Host
DEBUG   | emuglConfig_init: GPU emulation enabled using 'host' mode

DEBUG   | GPU emulation enabled using 'host' mode
INFO         | Checking system compatibility:
INFO         |   Checking: hasSufficientDiskSpace
INFO         |      Ok: Disk space requirements to run avd: `Pixel_9` are met
INFO         |   Checking: hasSufficientHwGpu
INFO         |      Ok: Hardware GPU requirements to run avd: `Pixel_9` are passed
INFO         |   Checking: hasSufficientSystem
INFO         |      Ok: System requirements to run avd: `Pixel_9` are met
DEBUG   | Starting hostapd main loop.
DEBUG   | trying to load skin file '/Users/coding/Library/Android/sdk/skins//pixel_9/layout'
DEBUG   | Requested console port 13282: Inferring adb port 13283.
DEBUG   | CPU Acceleration: working
DEBUG   | CPU Acceleration status: Hypervisor.Framework OS X Version 15.6
DEBUG   | handleCpuAcceleration: feature check for hvf
DEBUG   | Uwb feature is enabled
DEBUG   | Bluetooth requested by guest
DEBUG   | started modem simulator host server at port: 64030
INFO         | Storing crashdata in: /tmp/android-coding/emu-crash-36.3.10.db, detection is enabled for process: 68017
INFO         | Crash reports will be automatically uploaded to: https://clients2.google.com/cr/report
INFO         | Initializing gfxstream backend
INFO         | android_startOpenglesRenderer: gpu info
INFO         | 
DEBUG   | gfxstreamFeature:GlPipeChecksum = 1
DEBUG   | gfxstreamFeature:Vulkan = 1
DEBUG   | gfxstreamFeature:HasSharedSlotsHostMemoryAllocator = 1
DEBUG   | gfxstreamFeature:VulkanSnapshots = 0
DEBUG   | gfxstreamFeature:NoDelayCloseColorBuffer = 0
DEBUG   | gfxstreamFeature:VirtioGpuNativeSync = 0
DEBUG   | gfxstreamFeature:VulkanShaderFloat16Int8 = 1
DEBUG   | gfxstreamFeature:NativeTextureDecompression = 0
DEBUG   | gfxstreamFeature:VulkanNativeSwapchain = 0
DEBUG   | gfxstreamFeature:VirtioGpuFenceContexts = 0
DEBUG   | gfxstreamFeature:AsyncComposeSupport = 0
DEBUG   | gfxstreamFeature:ExternalBlob = 0
DEBUG   | gfxstreamFeature:SystemBlob = 0
DEBUG   | gfxstreamFeature:GrallocSync = 0
DEBUG   | gfxstreamFeature:GlAsyncSwap = 1
DEBUG   | gfxstreamFeature:GlDma = 1
DEBUG   | gfxstreamFeature:GlDma2 = 0
DEBUG   | gfxstreamFeature:GlDirectMem = 1
DEBUG   | gfxstreamFeature:GlesDynamicVersion = 1
DEBUG   | gfxstreamFeature:PlayStoreImage = 1
DEBUG   | gfxstreamFeature:RefCountPipe = 1
DEBUG   | gfxstreamFeature:HostComposition = 1
DEBUG   | gfxstreamFeature:VulkanNullOptionalStrings = 1
DEBUG   | gfxstreamFeature:Yuv420888ToNv21 = 0
DEBUG   | gfxstreamFeature:YuvCache = 1
DEBUG   | gfxstreamFeature:VulkanIgnoredHandles = 1
DEBUG   | gfxstreamFeature:VirtioGpuNext = 0
DEBUG   | gfxstreamFeature:VulkanQueueSubmitWithCommands = 1
DEBUG   | gfxstreamFeature:VulkanBatchedDescriptorSetUpdate = 0
DEBUG   | gfxstreamFeature:Minigbm = 0
DEBUG   | gfxstreamFeature:HwcMultiConfigs = 1
DEBUG   | gfxstreamFeature:VulkanAllocateDeviceMemoryOnly = 0
DEBUG   | gfxstreamFeature:VulkanAllocateHostMemory = 0
DEBUG   | gfxstreamFeature:GuestVulkanOnly = 0
DEBUG   | gfxstreamFeature:BypassVulkanDeviceFeatureOverrides = 0
DEBUG   | gfxstreamFeature:VulkanDebugUtils = 0
DEBUG   | gfxstreamFeature:VulkanCommandBufferCheckpoints = 0
DEBUG   | gfxstreamFeature:VulkanVirtualQueue = 1
DEBUG   | gfxstreamFeature:VulkanRobustness = 0
DEBUG   | RenderWindow: CMD_INITIALIZE w=1080 h=2424
DEBUG   | FrameBuffer::initialize()
DEBUG   | FrameBuffer::Impl::initialize
DEBUG   | create display 0
DEBUG   | setDisplayPose 0 x 0 y 0 w 1080 h 2424 dpi 0
INFO         | initIcdPaths: ICD set to 'swiftshader', using Swiftshader ICD
INFO         | Setting ICD filenames for the loader = /Users/coding/Library/Android/sdk/emulator/lib64/vulkan/vk_swiftshader_icd.json
VERBOSE | Enabling error messages from vulkan loader
INFO         | SharedLibrary::open for [/Users/coding/Library/Android/sdk/emulator/qemu/darwin-aarch64/lib64/vulkan/libvulkan.dylib]
INFO         | SharedLibrary::open for [/Users/coding/Library/Android/sdk/emulator/qemu/darwin-aarch64/lib64/vulkan/libvulkan.dylib]: not found in map, open for the first time
INFO         | SharedLibrary::open for [/Users/coding/Library/Android/sdk/emulator/qemu/darwin-aarch64/lib64/vulkan/libvulkan.dylib] (posix): begin
INFO         | SharedLibrary::open for [/Users/coding/Library/Android/sdk/emulator/qemu/darwin-aarch64/lib64/vulkan/libvulkan.dylib] (posix,darwin): call dlopen
INFO         | SharedLibrary::open succeeded for [/Users/coding/Library/Android/sdk/emulator/qemu/darwin-aarch64/lib64/vulkan/libvulkan.dylib].
INFO         | Added library: /Users/coding/Library/Android/sdk/emulator/qemu/darwin-aarch64/lib64/vulkan/libvulkan.dylib
DEBUG   | global loader has vkEnumerateInstanceVersion.
DEBUG   | global loader has vkEnumerateInstanceVersion returning >= 1.1.
DEBUG   | Creating an instance, asking for version 1.1.0 ...
DEBUG   | Found 1 Vulkan physical device(s).
DEBUG   | Considering Vulkan physical device 0 : SwiftShader Device (LLVM 10.0.0)
DEBUG   | VK_EXT_external_memory_metal not found, bailing.
DEBUG   | VK_EXT_external_memory_host not found, bailing.
DEBUG   | VK_EXT_external_memory_dma_buf not found, bailing.
DEBUG   | VK_NV_device_diagnostic_checkpoints not found, bailing.
DEBUG   | VK_EXT_robustness2 not found, bailing.
DEBUG   | Graphics queue family index: 0
DEBUG   | Compute queue family index: 0
DEBUG   | Not Supported: VK_FORMAT_R8G8B8A8_UNORM VK_IMAGE_TYPE_2D VK_IMAGE_TILING_LINEAR VK_IMAGE_USAGE_COLOR_ATTACHMENT_BIT
DEBUG   | Not Supported: VK_FORMAT_R8G8B8A8_UNORM VK_IMAGE_TYPE_2D VK_IMAGE_TILING_LINEAR VK_IMAGE_USAGE_INPUT_ATTACHMENT_BIT
DEBUG   | Supported: VK_FORMAT_R8G8B8A8_UNORM VK_IMAGE_TYPE_2D VK_IMAGE_TILING_LINEAR VK_IMAGE_USAGE_SAMPLED_BIT, supportsExternalMemory? 1, requiresDedicated? 0
DEBUG   | Supported: VK_FORMAT_R8G8B8A8_UNORM VK_IMAGE_TYPE_2D VK_IMAGE_TILING_LINEAR VK_IMAGE_USAGE_TRANSFER_SRC_BIT, supportsExternalMemory? 1, requiresDedicated? 0
DEBUG   | Supported: VK_FORMAT_R8G8B8A8_UNORM VK_IMAGE_TYPE_2D VK_IMAGE_TILING_LINEAR VK_IMAGE_USAGE_TRANSFER_DST_BIT, supportsExternalMemory? 1, requiresDedicated? 0
DEBUG   | Supported: VK_FORMAT_R8G8B8A8_UNORM VK_IMAGE_TYPE_2D VK_IMAGE_TILING_OPTIMAL VK_IMAGE_USAGE_COLOR_ATTACHMENT_BIT, supportsExternalMemory? 1, requiresDedicated? 0
DEBUG   | Supported: VK_FORMAT_R8G8B8A8_UNORM VK_IMAGE_TYPE_2D VK_IMAGE_TILING_OPTIMAL VK_IMAGE_USAGE_INPUT_ATTACHMENT_BIT, supportsExternalMemory? 1, requiresDedicated? 0
DEBUG   | Supported: VK_FORMAT_R8G8B8A8_UNORM VK_IMAGE_TYPE_2D VK_IMAGE_TILING_OPTIMAL VK_IMAGE_USAGE_SAMPLED_BIT, supportsExternalMemory? 1, requiresDedicated? 0
DEBUG   | Supported: VK_FORMAT_R8G8B8A8_UNORM VK_IMAGE_TYPE_2D VK_IMAGE_TILING_OPTIMAL VK_IMAGE_USAGE_TRANSFER_SRC_BIT, supportsExternalMemory? 1, requiresDedicated? 0
DEBUG   | Supported: VK_FORMAT_R8G8B8A8_UNORM VK_IMAGE_TYPE_2D VK_IMAGE_TILING_OPTIMAL VK_IMAGE_USAGE_TRANSFER_DST_BIT, supportsExternalMemory? 1, requiresDedicated? 0
DEBUG   | Not Supported: VK_FORMAT_R8G8B8_UNORM VK_IMAGE_TYPE_2D VK_IMAGE_TILING_LINEAR VK_IMAGE_USAGE_COLOR_ATTACHMENT_BIT
DEBUG   | Not Supported: VK_FORMAT_R8G8B8_UNORM VK_IMAGE_TYPE_2D VK_IMAGE_TILING_LINEAR VK_IMAGE_USAGE_INPUT_ATTACHMENT_BIT
DEBUG   | Not Supported: VK_FORMAT_R8G8B8_UNORM VK_IMAGE_TYPE_2D VK_IMAGE_TILING_LINEAR VK_IMAGE_USAGE_SAMPLED_BIT
DEBUG   | Not Supported: VK_FORMAT_R8G8B8_UNORM VK_IMAGE_TYPE_2D VK_IMAGE_TILING_LINEAR VK_IMAGE_USAGE_TRANSFER_SRC_BIT
DEBUG   | Not Supported: VK_FORMAT_R8G8B8_UNORM VK_IMAGE_TYPE_2D VK_IMAGE_TILING_LINEAR VK_IMAGE_USAGE_TRANSFER_DST_BIT
DEBUG   | Not Supported: VK_FORMAT_R8G8B8_UNORM VK_IMAGE_TYPE_2D VK_IMAGE_TILING_OPTIMAL VK_IMAGE_USAGE_COLOR_ATTACHMENT_BIT
DEBUG   | Not Supported: VK_FORMAT_R8G8B8_UNORM VK_IMAGE_TYPE_2D VK_IMAGE_TILING_OPTIMAL VK_IMAGE_USAGE_INPUT_ATTACHMENT_BIT
DEBUG   | Not Supported: VK_FORMAT_R8G8B8_UNORM VK_IMAGE_TYPE_2D VK_IMAGE_TILING_OPTIMAL VK_IMAGE_USAGE_SAMPLED_BIT
DEBUG   | Not Supported: VK_FORMAT_R8G8B8_UNORM VK_IMAGE_TYPE_2D VK_IMAGE_TILING_OPTIMAL VK_IMAGE_USAGE_TRANSFER_SRC_BIT
DEBUG   | Not Supported: VK_FORMAT_R8G8B8_UNORM VK_IMAGE_TYPE_2D VK_IMAGE_TILING_OPTIMAL VK_IMAGE_USAGE_TRANSFER_DST_BIT
DEBUG   | Not Supported: VK_FORMAT_R5G6B5_UNORM_PACK16 VK_IMAGE_TYPE_2D VK_IMAGE_TILING_LINEAR VK_IMAGE_USAGE_COLOR_ATTACHMENT_BIT
DEBUG   | Not Supported: VK_FORMAT_R5G6B5_UNORM_PACK16 VK_IMAGE_TYPE_2D VK_IMAGE_TILING_LINEAR VK_IMAGE_USAGE_INPUT_ATTACHMENT_BIT
DEBUG   | Supported: VK_FORMAT_R5G6B5_UNORM_PACK16 VK_IMAGE_TYPE_2D VK_IMAGE_TILING_LINEAR VK_IMAGE_USAGE_SAMPLED_BIT, supportsExternalMemory? 1, requiresDedicated? 0
DEBUG   | Supported: VK_FORMAT_R5G6B5_UNORM_PACK16 VK_IMAGE_TYPE_2D VK_IMAGE_TILING_LINEAR VK_IMAGE_USAGE_TRANSFER_SRC_BIT, supportsExternalMemory? 1, requiresDedicated? 0
DEBUG   | Supported: VK_FORMAT_R5G6B5_UNORM_PACK16 VK_IMAGE_TYPE_2D VK_IMAGE_TILING_LINEAR VK_IMAGE_USAGE_TRANSFER_DST_BIT, supportsExternalMemory? 1, requiresDedicated? 0
DEBUG   | Supported: VK_FORMAT_R5G6B5_UNORM_PACK16 VK_IMAGE_TYPE_2D VK_IMAGE_TILING_OPTIMAL VK_IMAGE_USAGE_COLOR_ATTACHMENT_BIT, supportsExternalMemory? 1, requiresDedicated? 0
DEBUG   | Supported: VK_FORMAT_R5G6B5_UNORM_PACK16 VK_IMAGE_TYPE_2D VK_IMAGE_TILING_OPTIMAL VK_IMAGE_USAGE_INPUT_ATTACHMENT_BIT, supportsExternalMemory? 1, requiresDedicated? 0
DEBUG   | Supported: VK_FORMAT_R5G6B5_UNORM_PACK16 VK_IMAGE_TYPE_2D VK_IMAGE_TILING_OPTIMAL VK_IMAGE_USAGE_SAMPLED_BIT, supportsExternalMemory? 1, requiresDedicated? 0
DEBUG   | Supported: VK_FORMAT_R5G6B5_UNORM_PACK16 VK_IMAGE_TYPE_2D VK_IMAGE_TILING_OPTIMAL VK_IMAGE_USAGE_TRANSFER_SRC_BIT, supportsExternalMemory? 1, requiresDedicated? 0
DEBUG   | Supported: VK_FORMAT_R5G6B5_UNORM_PACK16 VK_IMAGE_TYPE_2D VK_IMAGE_TILING_OPTIMAL VK_IMAGE_USAGE_TRANSFER_DST_BIT, supportsExternalMemory? 1, requiresDedicated? 0
DEBUG   | Not Supported: VK_FORMAT_A1R5G5B5_UNORM_PACK16 VK_IMAGE_TYPE_2D VK_IMAGE_TILING_LINEAR VK_IMAGE_USAGE_COLOR_ATTACHMENT_BIT
DEBUG   | Not Supported: VK_FORMAT_A1R5G5B5_UNORM_PACK16 VK_IMAGE_TYPE_2D VK_IMAGE_TILING_LINEAR VK_IMAGE_USAGE_INPUT_ATTACHMENT_BIT
DEBUG   | Supported: VK_FORMAT_A1R5G5B5_UNORM_PACK16 VK_IMAGE_TYPE_2D VK_IMAGE_TILING_LINEAR VK_IMAGE_USAGE_SAMPLED_BIT, supportsExternalMemory? 1, requiresDedicated? 0
DEBUG   | Supported: VK_FORMAT_A1R5G5B5_UNORM_PACK16 VK_IMAGE_TYPE_2D VK_IMAGE_TILING_LINEAR VK_IMAGE_USAGE_TRANSFER_SRC_BIT, supportsExternalMemory? 1, requiresDedicated? 0
DEBUG   | Supported: VK_FORMAT_A1R5G5B5_UNORM_PACK16 VK_IMAGE_TYPE_2D VK_IMAGE_TILING_LINEAR VK_IMAGE_USAGE_TRANSFER_DST_BIT, supportsExternalMemory? 1, requiresDedicated? 0
DEBUG   | Supported: VK_FORMAT_A1R5G5B5_UNORM_PACK16 VK_IMAGE_TYPE_2D VK_IMAGE_TILING_OPTIMAL VK_IMAGE_USAGE_COLOR_ATTACHMENT_BIT, supportsExternalMemory? 1, requiresDedicated? 0
DEBUG   | Supported: VK_FORMAT_A1R5G5B5_UNORM_PACK16 VK_IMAGE_TYPE_2D VK_IMAGE_TILING_OPTIMAL VK_IMAGE_USAGE_INPUT_ATTACHMENT_BIT, supportsExternalMemory? 1, requiresDedicated? 0
DEBUG   | Supported: VK_FORMAT_A1R5G5B5_UNORM_PACK16 VK_IMAGE_TYPE_2D VK_IMAGE_TILING_OPTIMAL VK_IMAGE_USAGE_SAMPLED_BIT, supportsExternalMemory? 1, requiresDedicated? 0
DEBUG   | Supported: VK_FORMAT_A1R5G5B5_UNORM_PACK16 VK_IMAGE_TYPE_2D VK_IMAGE_TILING_OPTIMAL VK_IMAGE_USAGE_TRANSFER_SRC_BIT, supportsExternalMemory? 1, requiresDedicated? 0
DEBUG   | Supported: VK_FORMAT_A1R5G5B5_UNORM_PACK16 VK_IMAGE_TYPE_2D VK_IMAGE_TILING_OPTIMAL VK_IMAGE_USAGE_TRANSFER_DST_BIT, supportsExternalMemory? 1, requiresDedicated? 0
DEBUG   | Not Supported: VK_FORMAT_R16G16B16A16_SFLOAT VK_IMAGE_TYPE_2D VK_IMAGE_TILING_LINEAR VK_IMAGE_USAGE_COLOR_ATTACHMENT_BIT
DEBUG   | Not Supported: VK_FORMAT_R16G16B16A16_SFLOAT VK_IMAGE_TYPE_2D VK_IMAGE_TILING_LINEAR VK_IMAGE_USAGE_INPUT_ATTACHMENT_BIT
DEBUG   | Supported: VK_FORMAT_R16G16B16A16_SFLOAT VK_IMAGE_TYPE_2D VK_IMAGE_TILING_LINEAR VK_IMAGE_USAGE_SAMPLED_BIT, supportsExternalMemory? 1, requiresDedicated? 0
DEBUG   | Supported: VK_FORMAT_R16G16B16A16_SFLOAT VK_IMAGE_TYPE_2D VK_IMAGE_TILING_LINEAR VK_IMAGE_USAGE_TRANSFER_SRC_BIT, supportsExternalMemory? 1, requiresDedicated? 0
DEBUG   | Supported: VK_FORMAT_R16G16B16A16_SFLOAT VK_IMAGE_TYPE_2D VK_IMAGE_TILING_LINEAR VK_IMAGE_USAGE_TRANSFER_DST_BIT, supportsExternalMemory? 1, requiresDedicated? 0
DEBUG   | Supported: VK_FORMAT_R16G16B16A16_SFLOAT VK_IMAGE_TYPE_2D VK_IMAGE_TILING_OPTIMAL VK_IMAGE_USAGE_COLOR_ATTACHMENT_BIT, supportsExternalMemory? 1, requiresDedicated? 0
DEBUG   | Supported: VK_FORMAT_R16G16B16A16_SFLOAT VK_IMAGE_TYPE_2D VK_IMAGE_TILING_OPTIMAL VK_IMAGE_USAGE_INPUT_ATTACHMENT_BIT, supportsExternalMemory? 1, requiresDedicated? 0
DEBUG   | Supported: VK_FORMAT_R16G16B16A16_SFLOAT VK_IMAGE_TYPE_2D VK_IMAGE_TILING_OPTIMAL VK_IMAGE_USAGE_SAMPLED_BIT, supportsExternalMemory? 1, requiresDedicated? 0
DEBUG   | Supported: VK_FORMAT_R16G16B16A16_SFLOAT VK_IMAGE_TYPE_2D VK_IMAGE_TILING_OPTIMAL VK_IMAGE_USAGE_TRANSFER_SRC_BIT, supportsExternalMemory? 1, requiresDedicated? 0
DEBUG   | Supported: VK_FORMAT_R16G16B16A16_SFLOAT VK_IMAGE_TYPE_2D VK_IMAGE_TILING_OPTIMAL VK_IMAGE_USAGE_TRANSFER_DST_BIT, supportsExternalMemory? 1, requiresDedicated? 0
DEBUG   | Not Supported: VK_FORMAT_R16G16B16_SFLOAT VK_IMAGE_TYPE_2D VK_IMAGE_TILING_LINEAR VK_IMAGE_USAGE_COLOR_ATTACHMENT_BIT
DEBUG   | Not Supported: VK_FORMAT_R16G16B16_SFLOAT VK_IMAGE_TYPE_2D VK_IMAGE_TILING_LINEAR VK_IMAGE_USAGE_INPUT_ATTACHMENT_BIT
DEBUG   | Not Supported: VK_FORMAT_R16G16B16_SFLOAT VK_IMAGE_TYPE_2D VK_IMAGE_TILING_LINEAR VK_IMAGE_USAGE_SAMPLED_BIT
DEBUG   | Not Supported: VK_FORMAT_R16G16B16_SFLOAT VK_IMAGE_TYPE_2D VK_IMAGE_TILING_LINEAR VK_IMAGE_USAGE_TRANSFER_SRC_BIT
DEBUG   | Not Supported: VK_FORMAT_R16G16B16_SFLOAT VK_IMAGE_TYPE_2D VK_IMAGE_TILING_LINEAR VK_IMAGE_USAGE_TRANSFER_DST_BIT
DEBUG   | Not Supported: VK_FORMAT_R16G16B16_SFLOAT VK_IMAGE_TYPE_2D VK_IMAGE_TILING_OPTIMAL VK_IMAGE_USAGE_COLOR_ATTACHMENT_BIT
DEBUG   | Not Supported: VK_FORMAT_R16G16B16_SFLOAT VK_IMAGE_TYPE_2D VK_IMAGE_TILING_OPTIMAL VK_IMAGE_USAGE_INPUT_ATTACHMENT_BIT
DEBUG   | Not Supported: VK_FORMAT_R16G16B16_SFLOAT VK_IMAGE_TYPE_2D VK_IMAGE_TILING_OPTIMAL VK_IMAGE_USAGE_SAMPLED_BIT
DEBUG   | Not Supported: VK_FORMAT_R16G16B16_SFLOAT VK_IMAGE_TYPE_2D VK_IMAGE_TILING_OPTIMAL VK_IMAGE_USAGE_TRANSFER_SRC_BIT
DEBUG   | Not Supported: VK_FORMAT_R16G16B16_SFLOAT VK_IMAGE_TYPE_2D VK_IMAGE_TILING_OPTIMAL VK_IMAGE_USAGE_TRANSFER_DST_BIT
DEBUG   | Not Supported: VK_FORMAT_B8G8R8A8_UNORM VK_IMAGE_TYPE_2D VK_IMAGE_TILING_LINEAR VK_IMAGE_USAGE_COLOR_ATTACHMENT_BIT
DEBUG   | Not Supported: VK_FORMAT_B8G8R8A8_UNORM VK_IMAGE_TYPE_2D VK_IMAGE_TILING_LINEAR VK_IMAGE_USAGE_INPUT_ATTACHMENT_BIT
DEBUG   | Supported: VK_FORMAT_B8G8R8A8_UNORM VK_IMAGE_TYPE_2D VK_IMAGE_TILING_LINEAR VK_IMAGE_USAGE_SAMPLED_BIT, supportsExternalMemory? 1, requiresDedicated? 0
DEBUG   | Supported: VK_FORMAT_B8G8R8A8_UNORM VK_IMAGE_TYPE_2D VK_IMAGE_TILING_LINEAR VK_IMAGE_USAGE_TRANSFER_SRC_BIT, supportsExternalMemory? 1, requiresDedicated? 0
DEBUG   | Supported: VK_FORMAT_B8G8R8A8_UNORM VK_IMAGE_TYPE_2D VK_IMAGE_TILING_LINEAR VK_IMAGE_USAGE_TRANSFER_DST_BIT, supportsExternalMemory? 1, requiresDedicated? 0
DEBUG   | Supported: VK_FORMAT_B8G8R8A8_UNORM VK_IMAGE_TYPE_2D VK_IMAGE_TILING_OPTIMAL VK_IMAGE_USAGE_COLOR_ATTACHMENT_BIT, supportsExternalMemory? 1, requiresDedicated? 0
DEBUG   | Supported: VK_FORMAT_B8G8R8A8_UNORM VK_IMAGE_TYPE_2D VK_IMAGE_TILING_OPTIMAL VK_IMAGE_USAGE_INPUT_ATTACHMENT_BIT, supportsExternalMemory? 1, requiresDedicated? 0
DEBUG   | Supported: VK_FORMAT_B8G8R8A8_UNORM VK_IMAGE_TYPE_2D VK_IMAGE_TILING_OPTIMAL VK_IMAGE_USAGE_SAMPLED_BIT, supportsExternalMemory? 1, requiresDedicated? 0
DEBUG   | Supported: VK_FORMAT_B8G8R8A8_UNORM VK_IMAGE_TYPE_2D VK_IMAGE_TILING_OPTIMAL VK_IMAGE_USAGE_TRANSFER_SRC_BIT, supportsExternalMemory? 1, requiresDedicated? 0
DEBUG   | Supported: VK_FORMAT_B8G8R8A8_UNORM VK_IMAGE_TYPE_2D VK_IMAGE_TILING_OPTIMAL VK_IMAGE_USAGE_TRANSFER_DST_BIT, supportsExternalMemory? 1, requiresDedicated? 0
DEBUG   | Not Supported: VK_FORMAT_B4G4R4A4_UNORM_PACK16 VK_IMAGE_TYPE_2D VK_IMAGE_TILING_LINEAR VK_IMAGE_USAGE_COLOR_ATTACHMENT_BIT
DEBUG   | Not Supported: VK_FORMAT_B4G4R4A4_UNORM_PACK16 VK_IMAGE_TYPE_2D VK_IMAGE_TILING_LINEAR VK_IMAGE_USAGE_INPUT_ATTACHMENT_BIT
DEBUG   | Supported: VK_FORMAT_B4G4R4A4_UNORM_PACK16 VK_IMAGE_TYPE_2D VK_IMAGE_TILING_LINEAR VK_IMAGE_USAGE_SAMPLED_BIT, supportsExternalMemory? 1, requiresDedicated? 0
DEBUG   | Supported: VK_FORMAT_B4G4R4A4_UNORM_PACK16 VK_IMAGE_TYPE_2D VK_IMAGE_TILING_LINEAR VK_IMAGE_USAGE_TRANSFER_SRC_BIT, supportsExternalMemory? 1, requiresDedicated? 0
DEBUG   | Supported: VK_FORMAT_B4G4R4A4_UNORM_PACK16 VK_IMAGE_TYPE_2D VK_IMAGE_TILING_LINEAR VK_IMAGE_USAGE_TRANSFER_DST_BIT, supportsExternalMemory? 1, requiresDedicated? 0
DEBUG   | Supported: VK_FORMAT_B4G4R4A4_UNORM_PACK16 VK_IMAGE_TYPE_2D VK_IMAGE_TILING_OPTIMAL VK_IMAGE_USAGE_COLOR_ATTACHMENT_BIT, supportsExternalMemory? 1, requiresDedicated? 0
DEBUG   | Supported: VK_FORMAT_B4G4R4A4_UNORM_PACK16 VK_IMAGE_TYPE_2D VK_IMAGE_TILING_OPTIMAL VK_IMAGE_USAGE_INPUT_ATTACHMENT_BIT, supportsExternalMemory? 1, requiresDedicated? 0
DEBUG   | Supported: VK_FORMAT_B4G4R4A4_UNORM_PACK16 VK_IMAGE_TYPE_2D VK_IMAGE_TILING_OPTIMAL VK_IMAGE_USAGE_SAMPLED_BIT, supportsExternalMemory? 1, requiresDedicated? 0
DEBUG   | Supported: VK_FORMAT_B4G4R4A4_UNORM_PACK16 VK_IMAGE_TYPE_2D VK_IMAGE_TILING_OPTIMAL VK_IMAGE_USAGE_TRANSFER_SRC_BIT, supportsExternalMemory? 1, requiresDedicated? 0
DEBUG   | Supported: VK_FORMAT_B4G4R4A4_UNORM_PACK16 VK_IMAGE_TYPE_2D VK_IMAGE_TILING_OPTIMAL VK_IMAGE_USAGE_TRANSFER_DST_BIT, supportsExternalMemory? 1, requiresDedicated? 0
DEBUG   | Not Supported: VK_FORMAT_R4G4B4A4_UNORM_PACK16 VK_IMAGE_TYPE_2D VK_IMAGE_TILING_LINEAR VK_IMAGE_USAGE_COLOR_ATTACHMENT_BIT
DEBUG   | Not Supported: VK_FORMAT_R4G4B4A4_UNORM_PACK16 VK_IMAGE_TYPE_2D VK_IMAGE_TILING_LINEAR VK_IMAGE_USAGE_INPUT_ATTACHMENT_BIT
DEBUG   | Supported: VK_FORMAT_R4G4B4A4_UNORM_PACK16 VK_IMAGE_TYPE_2D VK_IMAGE_TILING_LINEAR VK_IMAGE_USAGE_SAMPLED_BIT, supportsExternalMemory? 1, requiresDedicated? 0
DEBUG   | Supported: VK_FORMAT_R4G4B4A4_UNORM_PACK16 VK_IMAGE_TYPE_2D VK_IMAGE_TILING_LINEAR VK_IMAGE_USAGE_TRANSFER_SRC_BIT, supportsExternalMemory? 1, requiresDedicated? 0
DEBUG   | Supported: VK_FORMAT_R4G4B4A4_UNORM_PACK16 VK_IMAGE_TYPE_2D VK_IMAGE_TILING_LINEAR VK_IMAGE_USAGE_TRANSFER_DST_BIT, supportsExternalMemory? 1, requiresDedicated? 0
DEBUG   | Supported: VK_FORMAT_R4G4B4A4_UNORM_PACK16 VK_IMAGE_TYPE_2D VK_IMAGE_TILING_OPTIMAL VK_IMAGE_USAGE_COLOR_ATTACHMENT_BIT, supportsExternalMemory? 1, requiresDedicated? 0
DEBUG   | Supported: VK_FORMAT_R4G4B4A4_UNORM_PACK16 VK_IMAGE_TYPE_2D VK_IMAGE_TILING_OPTIMAL VK_IMAGE_USAGE_INPUT_ATTACHMENT_BIT, supportsExternalMemory? 1, requiresDedicated? 0
DEBUG   | Supported: VK_FORMAT_R4G4B4A4_UNORM_PACK16 VK_IMAGE_TYPE_2D VK_IMAGE_TILING_OPTIMAL VK_IMAGE_USAGE_SAMPLED_BIT, supportsExternalMemory? 1, requiresDedicated? 0
DEBUG   | Supported: VK_FORMAT_R4G4B4A4_UNORM_PACK16 VK_IMAGE_TYPE_2D VK_IMAGE_TILING_OPTIMAL VK_IMAGE_USAGE_TRANSFER_SRC_BIT, supportsExternalMemory? 1, requiresDedicated? 0
DEBUG   | Supported: VK_FORMAT_R4G4B4A4_UNORM_PACK16 VK_IMAGE_TYPE_2D VK_IMAGE_TILING_OPTIMAL VK_IMAGE_USAGE_TRANSFER_DST_BIT, supportsExternalMemory? 1, requiresDedicated? 0
DEBUG   | Not Supported: VK_FORMAT_R8_UNORM VK_IMAGE_TYPE_2D VK_IMAGE_TILING_LINEAR VK_IMAGE_USAGE_COLOR_ATTACHMENT_BIT
DEBUG   | Not Supported: VK_FORMAT_R8_UNORM VK_IMAGE_TYPE_2D VK_IMAGE_TILING_LINEAR VK_IMAGE_USAGE_INPUT_ATTACHMENT_BIT
DEBUG   | Supported: VK_FORMAT_R8_UNORM VK_IMAGE_TYPE_2D VK_IMAGE_TILING_LINEAR VK_IMAGE_USAGE_SAMPLED_BIT, supportsExternalMemory? 1, requiresDedicated? 0
DEBUG   | Supported: VK_FORMAT_R8_UNORM VK_IMAGE_TYPE_2D VK_IMAGE_TILING_LINEAR VK_IMAGE_USAGE_TRANSFER_SRC_BIT, supportsExternalMemory? 1, requiresDedicated? 0
DEBUG   | Supported: VK_FORMAT_R8_UNORM VK_IMAGE_TYPE_2D VK_IMAGE_TILING_LINEAR VK_IMAGE_USAGE_TRANSFER_DST_BIT, supportsExternalMemory? 1, requiresDedicated? 0
DEBUG   | Supported: VK_FORMAT_R8_UNORM VK_IMAGE_TYPE_2D VK_IMAGE_TILING_OPTIMAL VK_IMAGE_USAGE_COLOR_ATTACHMENT_BIT, supportsExternalMemory? 1, requiresDedicated? 0
DEBUG   | Supported: VK_FORMAT_R8_UNORM VK_IMAGE_TYPE_2D VK_IMAGE_TILING_OPTIMAL VK_IMAGE_USAGE_INPUT_ATTACHMENT_BIT, supportsExternalMemory? 1, requiresDedicated? 0
DEBUG   | Supported: VK_FORMAT_R8_UNORM VK_IMAGE_TYPE_2D VK_IMAGE_TILING_OPTIMAL VK_IMAGE_USAGE_SAMPLED_BIT, supportsExternalMemory? 1, requiresDedicated? 0
DEBUG   | Supported: VK_FORMAT_R8_UNORM VK_IMAGE_TYPE_2D VK_IMAGE_TILING_OPTIMAL VK_IMAGE_USAGE_TRANSFER_SRC_BIT, supportsExternalMemory? 1, requiresDedicated? 0
DEBUG   | Supported: VK_FORMAT_R8_UNORM VK_IMAGE_TYPE_2D VK_IMAGE_TILING_OPTIMAL VK_IMAGE_USAGE_TRANSFER_DST_BIT, supportsExternalMemory? 1, requiresDedicated? 0
DEBUG   | Not Supported: VK_FORMAT_R16_UNORM VK_IMAGE_TYPE_2D VK_IMAGE_TILING_LINEAR VK_IMAGE_USAGE_COLOR_ATTACHMENT_BIT
DEBUG   | Not Supported: VK_FORMAT_R16_UNORM VK_IMAGE_TYPE_2D VK_IMAGE_TILING_LINEAR VK_IMAGE_USAGE_INPUT_ATTACHMENT_BIT
DEBUG   | Supported: VK_FORMAT_R16_UNORM VK_IMAGE_TYPE_2D VK_IMAGE_TILING_LINEAR VK_IMAGE_USAGE_SAMPLED_BIT, supportsExternalMemory? 1, requiresDedicated? 0
DEBUG   | Supported: VK_FORMAT_R16_UNORM VK_IMAGE_TYPE_2D VK_IMAGE_TILING_LINEAR VK_IMAGE_USAGE_TRANSFER_SRC_BIT, supportsExternalMemory? 1, requiresDedicated? 0
DEBUG   | Supported: VK_FORMAT_R16_UNORM VK_IMAGE_TYPE_2D VK_IMAGE_TILING_LINEAR VK_IMAGE_USAGE_TRANSFER_DST_BIT, supportsExternalMemory? 1, requiresDedicated? 0
DEBUG   | Supported: VK_FORMAT_R16_UNORM VK_IMAGE_TYPE_2D VK_IMAGE_TILING_OPTIMAL VK_IMAGE_USAGE_COLOR_ATTACHMENT_BIT, supportsExternalMemory? 1, requiresDedicated? 0
DEBUG   | Supported: VK_FORMAT_R16_UNORM VK_IMAGE_TYPE_2D VK_IMAGE_TILING_OPTIMAL VK_IMAGE_USAGE_INPUT_ATTACHMENT_BIT, supportsExternalMemory? 1, requiresDedicated? 0
DEBUG   | Supported: VK_FORMAT_R16_UNORM VK_IMAGE_TYPE_2D VK_IMAGE_TILING_OPTIMAL VK_IMAGE_USAGE_SAMPLED_BIT, supportsExternalMemory? 1, requiresDedicated? 0
DEBUG   | Supported: VK_FORMAT_R16_UNORM VK_IMAGE_TYPE_2D VK_IMAGE_TILING_OPTIMAL VK_IMAGE_USAGE_TRANSFER_SRC_BIT, supportsExternalMemory? 1, requiresDedicated? 0
DEBUG   | Supported: VK_FORMAT_R16_UNORM VK_IMAGE_TYPE_2D VK_IMAGE_TILING_OPTIMAL VK_IMAGE_USAGE_TRANSFER_DST_BIT, supportsExternalMemory? 1, requiresDedicated? 0
DEBUG   | Not Supported: VK_FORMAT_A2R10G10B10_UINT_PACK32 VK_IMAGE_TYPE_2D VK_IMAGE_TILING_LINEAR VK_IMAGE_USAGE_COLOR_ATTACHMENT_BIT
DEBUG   | Not Supported: VK_FORMAT_A2R10G10B10_UINT_PACK32 VK_IMAGE_TYPE_2D VK_IMAGE_TILING_LINEAR VK_IMAGE_USAGE_INPUT_ATTACHMENT_BIT
DEBUG   | Supported: VK_FORMAT_A2R10G10B10_UINT_PACK32 VK_IMAGE_TYPE_2D VK_IMAGE_TILING_LINEAR VK_IMAGE_USAGE_SAMPLED_BIT, supportsExternalMemory? 1, requiresDedicated? 0
DEBUG   | Supported: VK_FORMAT_A2R10G10B10_UINT_PACK32 VK_IMAGE_TYPE_2D VK_IMAGE_TILING_LINEAR VK_IMAGE_USAGE_TRANSFER_SRC_BIT, supportsExternalMemory? 1, requiresDedicated? 0
DEBUG   | Supported: VK_FORMAT_A2R10G10B10_UINT_PACK32 VK_IMAGE_TYPE_2D VK_IMAGE_TILING_LINEAR VK_IMAGE_USAGE_TRANSFER_DST_BIT, supportsExternalMemory? 1, requiresDedicated? 0
DEBUG   | Supported: VK_FORMAT_A2R10G10B10_UINT_PACK32 VK_IMAGE_TYPE_2D VK_IMAGE_TILING_OPTIMAL VK_IMAGE_USAGE_COLOR_ATTACHMENT_BIT, supportsExternalMemory? 1, requiresDedicated? 0
DEBUG   | Supported: VK_FORMAT_A2R10G10B10_UINT_PACK32 VK_IMAGE_TYPE_2D VK_IMAGE_TILING_OPTIMAL VK_IMAGE_USAGE_INPUT_ATTACHMENT_BIT, supportsExternalMemory? 1, requiresDedicated? 0
DEBUG   | Supported: VK_FORMAT_A2R10G10B10_UINT_PACK32 VK_IMAGE_TYPE_2D VK_IMAGE_TILING_OPTIMAL VK_IMAGE_USAGE_SAMPLED_BIT, supportsExternalMemory? 1, requiresDedicated? 0
DEBUG   | Supported: VK_FORMAT_A2R10G10B10_UINT_PACK32 VK_IMAGE_TYPE_2D VK_IMAGE_TILING_OPTIMAL VK_IMAGE_USAGE_TRANSFER_SRC_BIT, supportsExternalMemory? 1, requiresDedicated? 0
DEBUG   | Supported: VK_FORMAT_A2R10G10B10_UINT_PACK32 VK_IMAGE_TYPE_2D VK_IMAGE_TILING_OPTIMAL VK_IMAGE_USAGE_TRANSFER_DST_BIT, supportsExternalMemory? 1, requiresDedicated? 0
DEBUG   | Not Supported: VK_FORMAT_A2R10G10B10_UNORM_PACK32 VK_IMAGE_TYPE_2D VK_IMAGE_TILING_LINEAR VK_IMAGE_USAGE_COLOR_ATTACHMENT_BIT
DEBUG   | Not Supported: VK_FORMAT_A2R10G10B10_UNORM_PACK32 VK_IMAGE_TYPE_2D VK_IMAGE_TILING_LINEAR VK_IMAGE_USAGE_INPUT_ATTACHMENT_BIT
DEBUG   | Supported: VK_FORMAT_A2R10G10B10_UNORM_PACK32 VK_IMAGE_TYPE_2D VK_IMAGE_TILING_LINEAR VK_IMAGE_USAGE_SAMPLED_BIT, supportsExternalMemory? 1, requiresDedicated? 0
DEBUG   | Supported: VK_FORMAT_A2R10G10B10_UNORM_PACK32 VK_IMAGE_TYPE_2D VK_IMAGE_TILING_LINEAR VK_IMAGE_USAGE_TRANSFER_SRC_BIT, supportsExternalMemory? 1, requiresDedicated? 0
DEBUG   | Supported: VK_FORMAT_A2R10G10B10_UNORM_PACK32 VK_IMAGE_TYPE_2D VK_IMAGE_TILING_LINEAR VK_IMAGE_USAGE_TRANSFER_DST_BIT, supportsExternalMemory? 1, requiresDedicated? 0
DEBUG   | Supported: VK_FORMAT_A2R10G10B10_UNORM_PACK32 VK_IMAGE_TYPE_2D VK_IMAGE_TILING_OPTIMAL VK_IMAGE_USAGE_COLOR_ATTACHMENT_BIT, supportsExternalMemory? 1, requiresDedicated? 0
DEBUG   | Supported: VK_FORMAT_A2R10G10B10_UNORM_PACK32 VK_IMAGE_TYPE_2D VK_IMAGE_TILING_OPTIMAL VK_IMAGE_USAGE_INPUT_ATTACHMENT_BIT, supportsExternalMemory? 1, requiresDedicated? 0
DEBUG   | Supported: VK_FORMAT_A2R10G10B10_UNORM_PACK32 VK_IMAGE_TYPE_2D VK_IMAGE_TILING_OPTIMAL VK_IMAGE_USAGE_SAMPLED_BIT, supportsExternalMemory? 1, requiresDedicated? 0
DEBUG   | Supported: VK_FORMAT_A2R10G10B10_UNORM_PACK32 VK_IMAGE_TYPE_2D VK_IMAGE_TILING_OPTIMAL VK_IMAGE_USAGE_TRANSFER_SRC_BIT, supportsExternalMemory? 1, requiresDedicated? 0
DEBUG   | Supported: VK_FORMAT_A2R10G10B10_UNORM_PACK32 VK_IMAGE_TYPE_2D VK_IMAGE_TILING_OPTIMAL VK_IMAGE_USAGE_TRANSFER_DST_BIT, supportsExternalMemory? 1, requiresDedicated? 0
DEBUG   | Not Supported: VK_FORMAT_A2B10G10R10_UNORM_PACK32 VK_IMAGE_TYPE_2D VK_IMAGE_TILING_LINEAR VK_IMAGE_USAGE_COLOR_ATTACHMENT_BIT
DEBUG   | Not Supported: VK_FORMAT_A2B10G10R10_UNORM_PACK32 VK_IMAGE_TYPE_2D VK_IMAGE_TILING_LINEAR VK_IMAGE_USAGE_INPUT_ATTACHMENT_BIT
DEBUG   | Supported: VK_FORMAT_A2B10G10R10_UNORM_PACK32 VK_IMAGE_TYPE_2D VK_IMAGE_TILING_LINEAR VK_IMAGE_USAGE_SAMPLED_BIT, supportsExternalMemory? 1, requiresDedicated? 0
DEBUG   | Supported: VK_FORMAT_A2B10G10R10_UNORM_PACK32 VK_IMAGE_TYPE_2D VK_IMAGE_TILING_LINEAR VK_IMAGE_USAGE_TRANSFER_SRC_BIT, supportsExternalMemory? 1, requiresDedicated? 0
DEBUG   | Supported: VK_FORMAT_A2B10G10R10_UNORM_PACK32 VK_IMAGE_TYPE_2D VK_IMAGE_TILING_LINEAR VK_IMAGE_USAGE_TRANSFER_DST_BIT, supportsExternalMemory? 1, requiresDedicated? 0
DEBUG   | Supported: VK_FORMAT_A2B10G10R10_UNORM_PACK32 VK_IMAGE_TYPE_2D VK_IMAGE_TILING_OPTIMAL VK_IMAGE_USAGE_COLOR_ATTACHMENT_BIT, supportsExternalMemory? 1, requiresDedicated? 0
DEBUG   | Supported: VK_FORMAT_A2B10G10R10_UNORM_PACK32 VK_IMAGE_TYPE_2D VK_IMAGE_TILING_OPTIMAL VK_IMAGE_USAGE_INPUT_ATTACHMENT_BIT, supportsExternalMemory? 1, requiresDedicated? 0
DEBUG   | Supported: VK_FORMAT_A2B10G10R10_UNORM_PACK32 VK_IMAGE_TYPE_2D VK_IMAGE_TILING_OPTIMAL VK_IMAGE_USAGE_SAMPLED_BIT, supportsExternalMemory? 1, requiresDedicated? 0
DEBUG   | Supported: VK_FORMAT_A2B10G10R10_UNORM_PACK32 VK_IMAGE_TYPE_2D VK_IMAGE_TILING_OPTIMAL VK_IMAGE_USAGE_TRANSFER_SRC_BIT, supportsExternalMemory? 1, requiresDedicated? 0
DEBUG   | Supported: VK_FORMAT_A2B10G10R10_UNORM_PACK32 VK_IMAGE_TYPE_2D VK_IMAGE_TILING_OPTIMAL VK_IMAGE_USAGE_TRANSFER_DST_BIT, supportsExternalMemory? 1, requiresDedicated? 0
DEBUG   | Not Supported: VK_FORMAT_ETC2_R8G8B8A8_UNORM_BLOCK VK_IMAGE_TYPE_2D VK_IMAGE_TILING_LINEAR VK_IMAGE_USAGE_COLOR_ATTACHMENT_BIT
DEBUG   | Not Supported: VK_FORMAT_ETC2_R8G8B8A8_UNORM_BLOCK VK_IMAGE_TYPE_2D VK_IMAGE_TILING_LINEAR VK_IMAGE_USAGE_INPUT_ATTACHMENT_BIT
DEBUG   | Not Supported: VK_FORMAT_ETC2_R8G8B8A8_UNORM_BLOCK VK_IMAGE_TYPE_2D VK_IMAGE_TILING_LINEAR VK_IMAGE_USAGE_SAMPLED_BIT
DEBUG   | Supported: VK_FORMAT_ETC2_R8G8B8A8_UNORM_BLOCK VK_IMAGE_TYPE_2D VK_IMAGE_TILING_LINEAR VK_IMAGE_USAGE_TRANSFER_SRC_BIT, supportsExternalMemory? 1, requiresDedicated? 0
DEBUG   | Supported: VK_FORMAT_ETC2_R8G8B8A8_UNORM_BLOCK VK_IMAGE_TYPE_2D VK_IMAGE_TILING_LINEAR VK_IMAGE_USAGE_TRANSFER_DST_BIT, supportsExternalMemory? 1, requiresDedicated? 0
DEBUG   | Not Supported: VK_FORMAT_ETC2_R8G8B8A8_UNORM_BLOCK VK_IMAGE_TYPE_2D VK_IMAGE_TILING_OPTIMAL VK_IMAGE_USAGE_COLOR_ATTACHMENT_BIT
DEBUG   | Not Supported: VK_FORMAT_ETC2_R8G8B8A8_UNORM_BLOCK VK_IMAGE_TYPE_2D VK_IMAGE_TILING_OPTIMAL VK_IMAGE_USAGE_INPUT_ATTACHMENT_BIT
DEBUG   | Supported: VK_FORMAT_ETC2_R8G8B8A8_UNORM_BLOCK VK_IMAGE_TYPE_2D VK_IMAGE_TILING_OPTIMAL VK_IMAGE_USAGE_SAMPLED_BIT, supportsExternalMemory? 1, requiresDedicated? 0
DEBUG   | Supported: VK_FORMAT_ETC2_R8G8B8A8_UNORM_BLOCK VK_IMAGE_TYPE_2D VK_IMAGE_TILING_OPTIMAL VK_IMAGE_USAGE_TRANSFER_SRC_BIT, supportsExternalMemory? 1, requiresDedicated? 0
DEBUG   | Supported: VK_FORMAT_ETC2_R8G8B8A8_UNORM_BLOCK VK_IMAGE_TYPE_2D VK_IMAGE_TILING_OPTIMAL VK_IMAGE_USAGE_TRANSFER_DST_BIT, supportsExternalMemory? 1, requiresDedicated? 0
DEBUG   | Not Supported: VK_FORMAT_ASTC_4x4_UNORM_BLOCK VK_IMAGE_TYPE_2D VK_IMAGE_TILING_LINEAR VK_IMAGE_USAGE_COLOR_ATTACHMENT_BIT
DEBUG   | Not Supported: VK_FORMAT_ASTC_4x4_UNORM_BLOCK VK_IMAGE_TYPE_2D VK_IMAGE_TILING_LINEAR VK_IMAGE_USAGE_INPUT_ATTACHMENT_BIT
DEBUG   | Not Supported: VK_FORMAT_ASTC_4x4_UNORM_BLOCK VK_IMAGE_TYPE_2D VK_IMAGE_TILING_LINEAR VK_IMAGE_USAGE_SAMPLED_BIT
DEBUG   | Supported: VK_FORMAT_ASTC_4x4_UNORM_BLOCK VK_IMAGE_TYPE_2D VK_IMAGE_TILING_LINEAR VK_IMAGE_USAGE_TRANSFER_SRC_BIT, supportsExternalMemory? 1, requiresDedicated? 0
DEBUG   | Supported: VK_FORMAT_ASTC_4x4_UNORM_BLOCK VK_IMAGE_TYPE_2D VK_IMAGE_TILING_LINEAR VK_IMAGE_USAGE_TRANSFER_DST_BIT, supportsExternalMemory? 1, requiresDedicated? 0
DEBUG   | Not Supported: VK_FORMAT_ASTC_4x4_UNORM_BLOCK VK_IMAGE_TYPE_2D VK_IMAGE_TILING_OPTIMAL VK_IMAGE_USAGE_COLOR_ATTACHMENT_BIT
DEBUG   | Not Supported: VK_FORMAT_ASTC_4x4_UNORM_BLOCK VK_IMAGE_TYPE_2D VK_IMAGE_TILING_OPTIMAL VK_IMAGE_USAGE_INPUT_ATTACHMENT_BIT
DEBUG   | Supported: VK_FORMAT_ASTC_4x4_UNORM_BLOCK VK_IMAGE_TYPE_2D VK_IMAGE_TILING_OPTIMAL VK_IMAGE_USAGE_SAMPLED_BIT, supportsExternalMemory? 1, requiresDedicated? 0
DEBUG   | Supported: VK_FORMAT_ASTC_4x4_UNORM_BLOCK VK_IMAGE_TYPE_2D VK_IMAGE_TILING_OPTIMAL VK_IMAGE_USAGE_TRANSFER_SRC_BIT, supportsExternalMemory? 1, requiresDedicated? 0
DEBUG   | Supported: VK_FORMAT_ASTC_4x4_UNORM_BLOCK VK_IMAGE_TYPE_2D VK_IMAGE_TILING_OPTIMAL VK_IMAGE_USAGE_TRANSFER_DST_BIT, supportsExternalMemory? 1, requiresDedicated? 0
DEBUG   | Not Supported: VK_FORMAT_G8_B8R8_2PLANE_420_UNORM VK_IMAGE_TYPE_2D VK_IMAGE_TILING_LINEAR VK_IMAGE_USAGE_COLOR_ATTACHMENT_BIT
DEBUG   | Not Supported: VK_FORMAT_G8_B8R8_2PLANE_420_UNORM VK_IMAGE_TYPE_2D VK_IMAGE_TILING_LINEAR VK_IMAGE_USAGE_INPUT_ATTACHMENT_BIT
DEBUG   | Supported: VK_FORMAT_G8_B8R8_2PLANE_420_UNORM VK_IMAGE_TYPE_2D VK_IMAGE_TILING_LINEAR VK_IMAGE_USAGE_SAMPLED_BIT, supportsExternalMemory? 1, requiresDedicated? 0
DEBUG   | Supported: VK_FORMAT_G8_B8R8_2PLANE_420_UNORM VK_IMAGE_TYPE_2D VK_IMAGE_TILING_LINEAR VK_IMAGE_USAGE_TRANSFER_SRC_BIT, supportsExternalMemory? 1, requiresDedicated? 0
DEBUG   | Supported: VK_FORMAT_G8_B8R8_2PLANE_420_UNORM VK_IMAGE_TYPE_2D VK_IMAGE_TILING_LINEAR VK_IMAGE_USAGE_TRANSFER_DST_BIT, supportsExternalMemory? 1, requiresDedicated? 0
DEBUG   | Not Supported: VK_FORMAT_G8_B8R8_2PLANE_420_UNORM VK_IMAGE_TYPE_2D VK_IMAGE_TILING_OPTIMAL VK_IMAGE_USAGE_COLOR_ATTACHMENT_BIT
DEBUG   | Not Supported: VK_FORMAT_G8_B8R8_2PLANE_420_UNORM VK_IMAGE_TYPE_2D VK_IMAGE_TILING_OPTIMAL VK_IMAGE_USAGE_INPUT_ATTACHMENT_BIT
DEBUG   | Supported: VK_FORMAT_G8_B8R8_2PLANE_420_UNORM VK_IMAGE_TYPE_2D VK_IMAGE_TILING_OPTIMAL VK_IMAGE_USAGE_SAMPLED_BIT, supportsExternalMemory? 1, requiresDedicated? 0
DEBUG   | Supported: VK_FORMAT_G8_B8R8_2PLANE_420_UNORM VK_IMAGE_TYPE_2D VK_IMAGE_TILING_OPTIMAL VK_IMAGE_USAGE_TRANSFER_SRC_BIT, supportsExternalMemory? 1, requiresDedicated? 0
DEBUG   | Supported: VK_FORMAT_G8_B8R8_2PLANE_420_UNORM VK_IMAGE_TYPE_2D VK_IMAGE_TILING_OPTIMAL VK_IMAGE_USAGE_TRANSFER_DST_BIT, supportsExternalMemory? 1, requiresDedicated? 0
DEBUG   | Not Supported: VK_FORMAT_G8_B8R8_2PLANE_422_UNORM VK_IMAGE_TYPE_2D VK_IMAGE_TILING_LINEAR VK_IMAGE_USAGE_COLOR_ATTACHMENT_BIT
DEBUG   | Not Supported: VK_FORMAT_G8_B8R8_2PLANE_422_UNORM VK_IMAGE_TYPE_2D VK_IMAGE_TILING_LINEAR VK_IMAGE_USAGE_INPUT_ATTACHMENT_BIT
DEBUG   | Not Supported: VK_FORMAT_G8_B8R8_2PLANE_422_UNORM VK_IMAGE_TYPE_2D VK_IMAGE_TILING_LINEAR VK_IMAGE_USAGE_SAMPLED_BIT
DEBUG   | Not Supported: VK_FORMAT_G8_B8R8_2PLANE_422_UNORM VK_IMAGE_TYPE_2D VK_IMAGE_TILING_LINEAR VK_IMAGE_USAGE_TRANSFER_SRC_BIT
DEBUG   | Not Supported: VK_FORMAT_G8_B8R8_2PLANE_422_UNORM VK_IMAGE_TYPE_2D VK_IMAGE_TILING_LINEAR VK_IMAGE_USAGE_TRANSFER_DST_BIT
DEBUG   | Not Supported: VK_FORMAT_G8_B8R8_2PLANE_422_UNORM VK_IMAGE_TYPE_2D VK_IMAGE_TILING_OPTIMAL VK_IMAGE_USAGE_COLOR_ATTACHMENT_BIT
DEBUG   | Not Supported: VK_FORMAT_G8_B8R8_2PLANE_422_UNORM VK_IMAGE_TYPE_2D VK_IMAGE_TILING_OPTIMAL VK_IMAGE_USAGE_INPUT_ATTACHMENT_BIT
DEBUG   | Not Supported: VK_FORMAT_G8_B8R8_2PLANE_422_UNORM VK_IMAGE_TYPE_2D VK_IMAGE_TILING_OPTIMAL VK_IMAGE_USAGE_SAMPLED_BIT
DEBUG   | Not Supported: VK_FORMAT_G8_B8R8_2PLANE_422_UNORM VK_IMAGE_TYPE_2D VK_IMAGE_TILING_OPTIMAL VK_IMAGE_USAGE_TRANSFER_SRC_BIT
DEBUG   | Not Supported: VK_FORMAT_G8_B8R8_2PLANE_422_UNORM VK_IMAGE_TYPE_2D VK_IMAGE_TILING_OPTIMAL VK_IMAGE_USAGE_TRANSFER_DST_BIT
DEBUG   | Not Supported: VK_FORMAT_G8_B8_R8_3PLANE_420_UNORM VK_IMAGE_TYPE_2D VK_IMAGE_TILING_LINEAR VK_IMAGE_USAGE_COLOR_ATTACHMENT_BIT
DEBUG   | Not Supported: VK_FORMAT_G8_B8_R8_3PLANE_420_UNORM VK_IMAGE_TYPE_2D VK_IMAGE_TILING_LINEAR VK_IMAGE_USAGE_INPUT_ATTACHMENT_BIT
DEBUG   | Supported: VK_FORMAT_G8_B8_R8_3PLANE_420_UNORM VK_IMAGE_TYPE_2D VK_IMAGE_TILING_LINEAR VK_IMAGE_USAGE_SAMPLED_BIT, supportsExternalMemory? 1, requiresDedicated? 0
DEBUG   | Supported: VK_FORMAT_G8_B8_R8_3PLANE_420_UNORM VK_IMAGE_TYPE_2D VK_IMAGE_TILING_LINEAR VK_IMAGE_USAGE_TRANSFER_SRC_BIT, supportsExternalMemory? 1, requiresDedicated? 0
DEBUG   | Supported: VK_FORMAT_G8_B8_R8_3PLANE_420_UNORM VK_IMAGE_TYPE_2D VK_IMAGE_TILING_LINEAR VK_IMAGE_USAGE_TRANSFER_DST_BIT, supportsExternalMemory? 1, requiresDedicated? 0
DEBUG   | Not Supported: VK_FORMAT_G8_B8_R8_3PLANE_420_UNORM VK_IMAGE_TYPE_2D VK_IMAGE_TILING_OPTIMAL VK_IMAGE_USAGE_COLOR_ATTACHMENT_BIT
DEBUG   | Not Supported: VK_FORMAT_G8_B8_R8_3PLANE_420_UNORM VK_IMAGE_TYPE_2D VK_IMAGE_TILING_OPTIMAL VK_IMAGE_USAGE_INPUT_ATTACHMENT_BIT
DEBUG   | Supported: VK_FORMAT_G8_B8_R8_3PLANE_420_UNORM VK_IMAGE_TYPE_2D VK_IMAGE_TILING_OPTIMAL VK_IMAGE_USAGE_SAMPLED_BIT, supportsExternalMemory? 1, requiresDedicated? 0
DEBUG   | Supported: VK_FORMAT_G8_B8_R8_3PLANE_420_UNORM VK_IMAGE_TYPE_2D VK_IMAGE_TILING_OPTIMAL VK_IMAGE_USAGE_TRANSFER_SRC_BIT, supportsExternalMemory? 1, requiresDedicated? 0
DEBUG   | Supported: VK_FORMAT_G8_B8_R8_3PLANE_420_UNORM VK_IMAGE_TYPE_2D VK_IMAGE_TILING_OPTIMAL VK_IMAGE_USAGE_TRANSFER_DST_BIT, supportsExternalMemory? 1, requiresDedicated? 0
DEBUG   | Not Supported: VK_FORMAT_G8_B8_R8_3PLANE_422_UNORM VK_IMAGE_TYPE_2D VK_IMAGE_TILING_LINEAR VK_IMAGE_USAGE_COLOR_ATTACHMENT_BIT
DEBUG   | Not Supported: VK_FORMAT_G8_B8_R8_3PLANE_422_UNORM VK_IMAGE_TYPE_2D VK_IMAGE_TILING_LINEAR VK_IMAGE_USAGE_INPUT_ATTACHMENT_BIT
DEBUG   | Not Supported: VK_FORMAT_G8_B8_R8_3PLANE_422_UNORM VK_IMAGE_TYPE_2D VK_IMAGE_TILING_LINEAR VK_IMAGE_USAGE_SAMPLED_BIT
DEBUG   | Not Supported: VK_FORMAT_G8_B8_R8_3PLANE_422_UNORM VK_IMAGE_TYPE_2D VK_IMAGE_TILING_LINEAR VK_IMAGE_USAGE_TRANSFER_SRC_BIT
DEBUG   | Not Supported: VK_FORMAT_G8_B8_R8_3PLANE_422_UNORM VK_IMAGE_TYPE_2D VK_IMAGE_TILING_LINEAR VK_IMAGE_USAGE_TRANSFER_DST_BIT
DEBUG   | Not Supported: VK_FORMAT_G8_B8_R8_3PLANE_422_UNORM VK_IMAGE_TYPE_2D VK_IMAGE_TILING_OPTIMAL VK_IMAGE_USAGE_COLOR_ATTACHMENT_BIT
DEBUG   | Not Supported: VK_FORMAT_G8_B8_R8_3PLANE_422_UNORM VK_IMAGE_TYPE_2D VK_IMAGE_TILING_OPTIMAL VK_IMAGE_USAGE_INPUT_ATTACHMENT_BIT
DEBUG   | Not Supported: VK_FORMAT_G8_B8_R8_3PLANE_422_UNORM VK_IMAGE_TYPE_2D VK_IMAGE_TILING_OPTIMAL VK_IMAGE_USAGE_SAMPLED_BIT
DEBUG   | Not Supported: VK_FORMAT_G8_B8_R8_3PLANE_422_UNORM VK_IMAGE_TYPE_2D VK_IMAGE_TILING_OPTIMAL VK_IMAGE_USAGE_TRANSFER_SRC_BIT
DEBUG   | Not Supported: VK_FORMAT_G8_B8_R8_3PLANE_422_UNORM VK_IMAGE_TYPE_2D VK_IMAGE_TILING_OPTIMAL VK_IMAGE_USAGE_TRANSFER_DST_BIT
DEBUG   | Not Supported: VK_FORMAT_G10X6_B10X6R10X6_2PLANE_420_UNORM_3PACK16 VK_IMAGE_TYPE_2D VK_IMAGE_TILING_LINEAR VK_IMAGE_USAGE_COLOR_ATTACHMENT_BIT
DEBUG   | Not Supported: VK_FORMAT_G10X6_B10X6R10X6_2PLANE_420_UNORM_3PACK16 VK_IMAGE_TYPE_2D VK_IMAGE_TILING_LINEAR VK_IMAGE_USAGE_INPUT_ATTACHMENT_BIT
DEBUG   | Supported: VK_FORMAT_G10X6_B10X6R10X6_2PLANE_420_UNORM_3PACK16 VK_IMAGE_TYPE_2D VK_IMAGE_TILING_LINEAR VK_IMAGE_USAGE_SAMPLED_BIT, supportsExternalMemory? 1, requiresDedicated? 0
DEBUG   | Supported: VK_FORMAT_G10X6_B10X6R10X6_2PLANE_420_UNORM_3PACK16 VK_IMAGE_TYPE_2D VK_IMAGE_TILING_LINEAR VK_IMAGE_USAGE_TRANSFER_SRC_BIT, supportsExternalMemory? 1, requiresDedicated? 0
DEBUG   | Supported: VK_FORMAT_G10X6_B10X6R10X6_2PLANE_420_UNORM_3PACK16 VK_IMAGE_TYPE_2D VK_IMAGE_TILING_LINEAR VK_IMAGE_USAGE_TRANSFER_DST_BIT, supportsExternalMemory? 1, requiresDedicated? 0
DEBUG   | Not Supported: VK_FORMAT_G10X6_B10X6R10X6_2PLANE_420_UNORM_3PACK16 VK_IMAGE_TYPE_2D VK_IMAGE_TILING_OPTIMAL VK_IMAGE_USAGE_COLOR_ATTACHMENT_BIT
DEBUG   | Not Supported: VK_FORMAT_G10X6_B10X6R10X6_2PLANE_420_UNORM_3PACK16 VK_IMAGE_TYPE_2D VK_IMAGE_TILING_OPTIMAL VK_IMAGE_USAGE_INPUT_ATTACHMENT_BIT
DEBUG   | Supported: VK_FORMAT_G10X6_B10X6R10X6_2PLANE_420_UNORM_3PACK16 VK_IMAGE_TYPE_2D VK_IMAGE_TILING_OPTIMAL VK_IMAGE_USAGE_SAMPLED_BIT, supportsExternalMemory? 1, requiresDedicated? 0
DEBUG   | Supported: VK_FORMAT_G10X6_B10X6R10X6_2PLANE_420_UNORM_3PACK16 VK_IMAGE_TYPE_2D VK_IMAGE_TILING_OPTIMAL VK_IMAGE_USAGE_TRANSFER_SRC_BIT, supportsExternalMemory? 1, requiresDedicated? 0
DEBUG   | Supported: VK_FORMAT_G10X6_B10X6R10X6_2PLANE_420_UNORM_3PACK16 VK_IMAGE_TYPE_2D VK_IMAGE_TILING_OPTIMAL VK_IMAGE_USAGE_TRANSFER_DST_BIT, supportsExternalMemory? 1, requiresDedicated? 0
DEBUG   | Supported: VK_FORMAT_D16_UNORM VK_IMAGE_TYPE_2D VK_IMAGE_TILING_OPTIMAL VK_IMAGE_USAGE_DEPTH_STENCIL_ATTACHMENT_BIT, supportsExternalMemory? 1, requiresDedicated? 0
DEBUG   | Supported: VK_FORMAT_D16_UNORM VK_IMAGE_TYPE_2D VK_IMAGE_TILING_OPTIMAL VK_IMAGE_USAGE_INPUT_ATTACHMENT_BIT, supportsExternalMemory? 1, requiresDedicated? 0
DEBUG   | Supported: VK_FORMAT_D16_UNORM VK_IMAGE_TYPE_2D VK_IMAGE_TILING_OPTIMAL VK_IMAGE_USAGE_SAMPLED_BIT, supportsExternalMemory? 1, requiresDedicated? 0
DEBUG   | Supported: VK_FORMAT_D16_UNORM VK_IMAGE_TYPE_2D VK_IMAGE_TILING_OPTIMAL VK_IMAGE_USAGE_TRANSFER_SRC_BIT, supportsExternalMemory? 1, requiresDedicated? 0
DEBUG   | Supported: VK_FORMAT_D16_UNORM VK_IMAGE_TYPE_2D VK_IMAGE_TILING_OPTIMAL VK_IMAGE_USAGE_TRANSFER_DST_BIT, supportsExternalMemory? 1, requiresDedicated? 0
DEBUG   | Not Supported: VK_FORMAT_X8_D24_UNORM_PACK32 VK_IMAGE_TYPE_2D VK_IMAGE_TILING_OPTIMAL VK_IMAGE_USAGE_DEPTH_STENCIL_ATTACHMENT_BIT
DEBUG   | Not Supported: VK_FORMAT_X8_D24_UNORM_PACK32 VK_IMAGE_TYPE_2D VK_IMAGE_TILING_OPTIMAL VK_IMAGE_USAGE_INPUT_ATTACHMENT_BIT
DEBUG   | Not Supported: VK_FORMAT_X8_D24_UNORM_PACK32 VK_IMAGE_TYPE_2D VK_IMAGE_TILING_OPTIMAL VK_IMAGE_USAGE_SAMPLED_BIT
DEBUG   | Not Supported: VK_FORMAT_X8_D24_UNORM_PACK32 VK_IMAGE_TYPE_2D VK_IMAGE_TILING_OPTIMAL VK_IMAGE_USAGE_TRANSFER_SRC_BIT
DEBUG   | Not Supported: VK_FORMAT_X8_D24_UNORM_PACK32 VK_IMAGE_TYPE_2D VK_IMAGE_TILING_OPTIMAL VK_IMAGE_USAGE_TRANSFER_DST_BIT
DEBUG   | Not Supported: VK_FORMAT_D24_UNORM_S8_UINT VK_IMAGE_TYPE_2D VK_IMAGE_TILING_OPTIMAL VK_IMAGE_USAGE_DEPTH_STENCIL_ATTACHMENT_BIT
DEBUG   | Not Supported: VK_FORMAT_D24_UNORM_S8_UINT VK_IMAGE_TYPE_2D VK_IMAGE_TILING_OPTIMAL VK_IMAGE_USAGE_INPUT_ATTACHMENT_BIT
DEBUG   | Not Supported: VK_FORMAT_D24_UNORM_S8_UINT VK_IMAGE_TYPE_2D VK_IMAGE_TILING_OPTIMAL VK_IMAGE_USAGE_SAMPLED_BIT
DEBUG   | Not Supported: VK_FORMAT_D24_UNORM_S8_UINT VK_IMAGE_TYPE_2D VK_IMAGE_TILING_OPTIMAL VK_IMAGE_USAGE_TRANSFER_SRC_BIT
DEBUG   | Not Supported: VK_FORMAT_D24_UNORM_S8_UINT VK_IMAGE_TYPE_2D VK_IMAGE_TILING_OPTIMAL VK_IMAGE_USAGE_TRANSFER_DST_BIT
DEBUG   | Supported: VK_FORMAT_D32_SFLOAT VK_IMAGE_TYPE_2D VK_IMAGE_TILING_OPTIMAL VK_IMAGE_USAGE_DEPTH_STENCIL_ATTACHMENT_BIT, supportsExternalMemory? 1, requiresDedicated? 0
DEBUG   | Supported: VK_FORMAT_D32_SFLOAT VK_IMAGE_TYPE_2D VK_IMAGE_TILING_OPTIMAL VK_IMAGE_USAGE_INPUT_ATTACHMENT_BIT, supportsExternalMemory? 1, requiresDedicated? 0
DEBUG   | Supported: VK_FORMAT_D32_SFLOAT VK_IMAGE_TYPE_2D VK_IMAGE_TILING_OPTIMAL VK_IMAGE_USAGE_SAMPLED_BIT, supportsExternalMemory? 1, requiresDedicated? 0
DEBUG   | Supported: VK_FORMAT_D32_SFLOAT VK_IMAGE_TYPE_2D VK_IMAGE_TILING_OPTIMAL VK_IMAGE_USAGE_TRANSFER_SRC_BIT, supportsExternalMemory? 1, requiresDedicated? 0
DEBUG   | Supported: VK_FORMAT_D32_SFLOAT VK_IMAGE_TYPE_2D VK_IMAGE_TILING_OPTIMAL VK_IMAGE_USAGE_TRANSFER_DST_BIT, supportsExternalMemory? 1, requiresDedicated? 0
DEBUG   | Supported: VK_FORMAT_D32_SFLOAT_S8_UINT VK_IMAGE_TYPE_2D VK_IMAGE_TILING_OPTIMAL VK_IMAGE_USAGE_DEPTH_STENCIL_ATTACHMENT_BIT, supportsExternalMemory? 1, requiresDedicated? 0
DEBUG   | Supported: VK_FORMAT_D32_SFLOAT_S8_UINT VK_IMAGE_TYPE_2D VK_IMAGE_TILING_OPTIMAL VK_IMAGE_USAGE_INPUT_ATTACHMENT_BIT, supportsExternalMemory? 1, requiresDedicated? 0
DEBUG   | Supported: VK_FORMAT_D32_SFLOAT_S8_UINT VK_IMAGE_TYPE_2D VK_IMAGE_TILING_OPTIMAL VK_IMAGE_USAGE_SAMPLED_BIT, supportsExternalMemory? 1, requiresDedicated? 0
DEBUG   | Supported: VK_FORMAT_D32_SFLOAT_S8_UINT VK_IMAGE_TYPE_2D VK_IMAGE_TILING_OPTIMAL VK_IMAGE_USAGE_TRANSFER_SRC_BIT, supportsExternalMemory? 1, requiresDedicated? 0
DEBUG   | Supported: VK_FORMAT_D32_SFLOAT_S8_UINT VK_IMAGE_TYPE_2D VK_IMAGE_TILING_OPTIMAL VK_IMAGE_USAGE_TRANSFER_DST_BIT, supportsExternalMemory? 1, requiresDedicated? 0
INFO         | Selecting Vulkan device: SwiftShader Device (LLVM 10.0.0), Version: 1.3.0
DEBUG   | deviceInfo: 
hasGraphicsQueueFamily = 1
hasComputeQueueFamily = 1
externalMemoryMode = OpaqueFd
supportsExternalMemoryImport = 1
supportsExternalMemoryExport = 1
supportsDriverProperties = 1
hasSamplerYcbcrConversionExtension = 1
supportsSamplerYcbcrConversion = 1
glInteropSupported = 0
DEBUG   | Vulkan logical device created and extension functions obtained.
DEBUG   | Vulkan device queue obtained.
VERBOSE | create: selected memory type index = 0, propertyFlags = 15, heapIndex = 0
VERBOSE | Vulkan global emulation state successfully initialized.
VERBOSE | Creating ycbcr sampler for format VK_FORMAT_G8_B8_R8_3PLANE_420_UNORM
VERBOSE | Creating ycbcr sampler for format VK_FORMAT_G8_B8R8_2PLANE_420_UNORM
INFO         | Disabling sparse binding feature support
INFO         | SharedLibrary::open for [/System/Library/Frameworks/OpenGL.framework/OpenGL]: not found in map, open for the first time
INFO         | SharedLibrary::open for [/System/Library/Frameworks/OpenGL.framework/OpenGL] (posix): begin
INFO         | SharedLibrary::open for [/System/Library/Frameworks/OpenGL.framework/OpenGL] (posix,darwin): call dlopen
INFO         | SharedLibrary::open succeeded for [/System/Library/Frameworks/OpenGL.framework/OpenGL].
DEBUG   | call eglInitialize
VERBOSE | glClipPlanef not found
VERBOSE | glFrustumf not found
VERBOSE | glGetClipPlanef not found
VERBOSE | glOrthof not found
VERBOSE | glAlphaFuncx not found
VERBOSE | glClearColorx not found
VERBOSE | glClearDepthx not found
VERBOSE | glColor4x not found
VERBOSE | glDepthRangex not found
VERBOSE | glFogx not found
VERBOSE | glFogxv not found
VERBOSE | glFrustumx not found
VERBOSE | glClipPlanex not found
VERBOSE | glGetFixedv not found
VERBOSE | glGetLightxv not found
VERBOSE | glGetMaterialxv not found
VERBOSE | glGetTexEnvxv not found
VERBOSE | glGetTexParameterxv not found
VERBOSE | glLightModelx not found
VERBOSE | glLightModelxv not found
VERBOSE | glLightx not found
VERBOSE | glLightxv not found
VERBOSE | glLineWidthx not found
VERBOSE | glLoadMatrixx not found
VERBOSE | glMaterialx not found
VERBOSE | glMaterialxv not found
VERBOSE | glMultMatrixx not found
VERBOSE | glMultiTexCoord4x not found
VERBOSE | glNormal3x not found
VERBOSE | glOrthox not found
VERBOSE | glPointParameterx not found
VERBOSE | glPointParameterxv not found
VERBOSE | glPointSizex not found
VERBOSE | glPolygonOffsetx not found
VERBOSE | glRotatex not found
VERBOSE | glSampleCoveragex not found
VERBOSE | glScalex not found
VERBOSE | glTexEnvx not found
VERBOSE | glTexEnvxv not found
VERBOSE | glTexParameterx not found
VERBOSE | glTexParameterxv not found
VERBOSE | glTranslatex not found
VERBOSE | glGetClipPlanex not found
INFO         | SharedLibrary::open for [libshadertranslator.dylib]: not found in map, open for the first time
INFO         | SharedLibrary::open for [libshadertranslator.dylib] (posix): begin
INFO         | SharedLibrary::open for [libshadertranslator.dylib] (posix,darwin): call dlopen
INFO         | SharedLibrary::open succeeded for [libshadertranslator.dylib].
DEBUG   | vk icd software rendering, disable interop
DEBUG   | glvk interop final: 0
INFO         | Initializing VkEmulation features:
INFO         |     glInteropSupported: false
INFO         |     useDeferredCommands: true
INFO         |     createResourceWithRequirements: true
INFO         |     useVulkanComposition: false
INFO         |     useVulkanNativeSwapchain: false
INFO         |     enable guestRenderDoc: false
INFO         |     ASTC LDR emulation mode: Gpu
INFO         |     enable ETC2 emulation: true
INFO         |     enable Ycbcr emulation: false
INFO         |     guestVulkanOnly: false
INFO         |     useDedicatedAllocations: false
DEBUG   | ColorBuffer 4294967295, 64x64, VK_FORMAT_R8G8B8A8_UNORM, Memory [size: 16384, type: 0, props: 15 / 1]
DEBUG   | Representative ColorBuffer memory type using host memory type index 0 and guest memory type index :0
DEBUG   | Performing composition using CompositorGl.
INFO         | Graphics Adapter Vendor Google (Apple)
INFO         | Graphics Adapter Android Emulator OpenGL ES Translator (Apple M1 Max)
INFO         | Graphics API Version OpenGL ES 3.0 (4.1 Metal - 89.4)
INFO         | Graphics API Extensions GL_OES_EGL_sync GL_OES_EGL_image GL_OES_EGL_image_external GL_OES_depth24 GL_OES_depth32 GL_OES_element_index_uint GL_OES_texture_float GL_OES_texture_float_linear GL_OES_compressed_paletted_texture GL_OES_compressed_ETC1_RGB8_texture GL_OES_depth_texture GL_OES_texture_npot GL_OES_rgb8_rgba8 GL_EXT_color_buffer_float GL_EXT_color_buffer_half_float GL_EXT_texture_format_BGRA8888 GL_APPLE_texture_format_BGRA8888 
INFO         | Graphics Device Extensions N/A
DEBUG   | Renderer initialized successfully
INFO         | Setting vsync to 60 hz
DEBUG   | CMD_SET_VSYNC_HZ
DEBUG   | INFO: ignore sdcard for arm at api level >= 30
INFO         | Sending adb public key [QAAAAPu+lyjNYxN5AOoNtpY13ycf7dOBVcW6+Wyr82SAM95un2bfD2my3rFapNFe4hVf9Kl6vnzz73MjQpJVON0MdT8ceTd8OPv1y9PkMy+oGiBAQ0mCYwegvKtJago4SGPWOUEvLlYZN5yPjLN/y55ymF8wZNpVwlhYiJbC8d+wqzoKkpKA4HxbZ0kx6BuOultGB9GOt65a7bP79DBcCSLROsvmNXeHLiyUFA3BBrhqRl6ImhEr6h0U/bE8QB/KxhlbldJ35jOuzUnaKoR2GHPKW+XPmrUD/Vagf7SLhNT+U1CdqC8XzAJ8Q35Bjfx2rFwHHZMfa4vxvntYXNslEEqpkphOur+2s9+N5rjCFxdykwdwTRgUhCFMltlgZbSw6szs+osveR2IhWHxM2gM4vMmZnMpWINnLbEtYIDLGxMYEBMoSI9wBqKY+cx9eD95pSKryqVsf6vWMtLs3XVuLJNa+m4rec2qTT0lzJmz7zbTFIRwLAM1bwMlIRyUyYKZyPfWkmevHXsDiI8VvYoFY8JRZ88IUvnMJX8YKINiDIh6J3RIQcAOZZQo6gq094w19o8Kj/C4zEohOBr/U/F5pNUNs0RuT0ypqQckzwoqjZl2Q4+6otDOlJs0J1uuv8tQbMP5Ngi1hcfytK8Pwdo/cWL2cQAsu+ye1SOS/ojB4Bg4C/BzRPkGjwEAAQA= coding@unknown]
INFO         | Userspace boot properties:
INFO         |   androidboot.boot_devices=a003600.virtio_mmio
INFO         |   androidboot.dalvik.vm.heapsize=512m
INFO         |   androidboot.debug.hwui.renderer=skiagl
INFO         |   androidboot.debug.sf.nobootanimation=1
INFO         |   androidboot.hardware=ranchu
INFO         |   androidboot.hardware.gltransport=pipe
INFO         |   androidboot.hardware.vulkan=ranchu
INFO         |   androidboot.logcat=*:V
INFO         |   androidboot.opengles.version=196608
INFO         |   androidboot.qemu=1
INFO         |   androidboot.qemu.adb.pubkey=QAAAAPu+lyjNYxN5AOoNtpY13ycf7dOBVcW6+Wyr82SAM95un2bfD2my3rFapNFe4hVf9Kl6vnzz73MjQpJVON0MdT8ceTd8OPv1y9PkMy+oGiBAQ0mCYwegvKtJago4SGPWOUEvLlYZN5yPjLN/y55ymF8wZNpVwlhYiJbC8d+wqzoKkpKA4HxbZ0kx6BuOultGB9GOt65a7bP79DBcCSLROsvmNXeHLiyUFA3BBrhqRl6ImhEr6h0U/bE8QB/KxhlbldJ35jOuzUnaKoR2GHPKW+XPmrUD/Vagf7SLhNT+U1CdqC8XzAJ8Q35Bjfx2rFwHHZMfa4vxvntYXNslEEqpkphOur+2s9+N5rjCFxdykwdwTRgUhCFMltlgZbSw6szs+osveR2IhWHxM2gM4vMmZnMpWINnLbEtYIDLGxMYEBMoSI9wBqKY+cx9eD95pSKryqVsf6vWMtLs3XVuLJNa+m4rec2qTT0lzJmz7zbTFIRwLAM1bwMlIRyUyYKZyPfWkmevHXsDiI8VvYoFY8JRZ88IUvnMJX8YKINiDIh6J3RIQcAOZZQo6gq094w19o8Kj/C4zEohOBr/U/F5pNUNs0RuT0ypqQckzwoqjZl2Q4+6otDOlJs0J1uuv8tQbMP5Ngi1hcfytK8Pwdo/cWL2cQAsu+ye1SOS/ojB4Bg4C/BzRPkGjwEAAQA= coding@unknown
INFO         |   androidboot.qemu.avd_name=Pixel_9
INFO         |   androidboot.qemu.camera_hq_edge_processing=0
INFO         |   androidboot.qemu.camera_protocol_ver=1
INFO         |   androidboot.qemu.cpuvulkan.version=4202496
INFO         |   androidboot.qemu.gltransport.drawFlushInterval=800
INFO         |   androidboot.qemu.gltransport.name=pipe
INFO         |   androidboot.qemu.hwcodec.avcdec=2
INFO         |   androidboot.qemu.hwcodec.hevcdec=2
INFO         |   androidboot.qemu.hwcodec.vpxdec=2
INFO         |   androidboot.qemu.settings.system.screen_off_timeout=2147483647
INFO         |   androidboot.qemu.virtiowifi=1
INFO         |   androidboot.qemu.vsync=60
INFO         |   androidboot.serialno=EMULATOR36X3X10X0
INFO         |   androidboot.vbmeta.digest=6b98218b46c523e17f8b4a810c5a51b4af28f327c436ce0d286bf937f545cfd7
INFO         |   androidboot.vbmeta.hash_alg=sha256
INFO         |   androidboot.vbmeta.size=6720
INFO         |   androidboot.veritymode=enforcing
INFO         | Android bootconfig:
INFO         |   androidboot.boot_devices="a003600.virtio_mmio"
INFO         |   androidboot.dalvik.vm.heapsize="512m"
INFO         |   androidboot.debug.hwui.renderer="skiagl"
INFO         |   androidboot.debug.sf.nobootanimation="1"
INFO         |   androidboot.hardware="ranchu"
INFO         |   androidboot.hardware.gltransport="pipe"
INFO         |   androidboot.hardware.vulkan="ranchu"
INFO         |   androidboot.logcat="*:V"
INFO         |   androidboot.opengles.version="196608"
INFO         |   androidboot.qemu="1"
INFO         |   androidboot.qemu.adb.pubkey="QAAAAPu+lyjNYxN5AOoNtpY13ycf7dOBVcW6+Wyr82SAM95un2bfD2my3rFapNFe4hVf9Kl6vnzz73MjQpJVON0MdT8ceTd8OPv1y9PkMy+oGiBAQ0mCYwegvKtJago4SGPWOUEvLlYZN5yPjLN/y55ymF8wZNpVwlhYiJbC8d+wqzoKkpKA4HxbZ0kx6BuOultGB9GOt65a7bP79DBcCSLROsvmNXeHLiyUFA3BBrhqRl6ImhEr6h0U/bE8QB/KxhlbldJ35jOuzUnaKoR2GHPKW+XPmrUD/Vagf7SLhNT+U1CdqC8XzAJ8Q35Bjfx2rFwHHZMfa4vxvntYXNslEEqpkphOur+2s9+N5rjCFxdykwdwTRgUhCFMltlgZbSw6szs+osveR2IhWHxM2gM4vMmZnMpWINnLbEtYIDLGxMYEBMoSI9wBqKY+cx9eD95pSKryqVsf6vWMtLs3XVuLJNa+m4rec2qTT0lzJmz7zbTFIRwLAM1bwMlIRyUyYKZyPfWkmevHXsDiI8VvYoFY8JRZ88IUvnMJX8YKINiDIh6J3RIQcAOZZQo6gq094w19o8Kj/C4zEohOBr/U/F5pNUNs0RuT0ypqQckzwoqjZl2Q4+6otDOlJs0J1uuv8tQbMP5Ngi1hcfytK8Pwdo/cWL2cQAsu+ye1SOS/ojB4Bg4C/BzRPkGjwEAAQA= coding@unknown"
INFO         |   androidboot.qemu.avd_name="Pixel_9"
INFO         |   androidboot.qemu.camera_hq_edge_processing="0"
INFO         |   androidboot.qemu.camera_protocol_ver="1"
INFO         |   androidboot.qemu.cpuvulkan.version="4202496"
INFO         |   androidboot.qemu.gltransport.drawFlushInterval="800"
INFO         |   androidboot.qemu.gltransport.name="pipe"
INFO         |   androidboot.qemu.hwcodec.avcdec="2"
INFO         |   androidboot.qemu.hwcodec.hevcdec="2"
INFO         |   androidboot.qemu.hwcodec.vpxdec="2"
INFO         |   androidboot.qemu.settings.system.screen_off_timeout="2147483647"
INFO         |   androidboot.qemu.virtiowifi="1"
INFO         |   androidboot.qemu.vsync="60"
INFO         |   androidboot.serialno="EMULATOR36X3X10X0"
INFO         |   androidboot.vbmeta.digest="6b98218b46c523e17f8b4a810c5a51b4af28f327c436ce0d286bf937f545cfd7"
INFO         |   androidboot.vbmeta.hash_alg="sha256"
INFO         |   androidboot.vbmeta.size="6720"
INFO         |   androidboot.veritymode="enforcing"
DEBUG   | Exited a loader RenderThread @0x12d1063d0
DEBUG   | Found 1 DNS servers:
DEBUG   | 	192.168.86.1
INFO         | Content of hardware configuration file:
INFO         | 	hw.cpu.arch = arm64
INFO         | 	hw.cpu.ncore = 4
INFO         | 	hw.ramSize = 2048
INFO         | 	hw.screen = multi-touch
INFO         | 	hw.mainKeys = false
INFO         | 	hw.touchpad0 = false
INFO         | 	hw.touchpad0.width = 600
INFO         | 	hw.touchpad0.height = 400
INFO         | 	hw.trackBall = false
INFO         | 	hw.keyboard = true
INFO         | 	hw.keyboard.lid = false
INFO         | 	hw.keyboard.charmap = qwerty2
INFO         | 	hw.dPad = false
INFO         | 	hw.rotaryInput = false
INFO         | 	hw.gsmModem = true
INFO         | 	hw.gps = true
INFO         | 	hw.battery = true
INFO         | 	hw.accelerometer = true
INFO         | 	hw.accelerometer_uncalibrated = true
INFO         | 	hw.gyroscope = true
INFO         | 	hw.audioInput = true
INFO         | 	hw.audioOutput = true
INFO         | 	hw.sdCard = true
INFO         | 	disk.cachePartition = true
INFO         | 	disk.cachePartition.path = /Users/coding/.android/avd/../avd/Pixel_9.avd/cache.img
INFO         | 	disk.cachePartition.size = 66m
INFO         | 	test.quitAfterBootTimeOut = -1
INFO         | 	test.delayAdbTillBootComplete = 0
INFO         | 	test.monitorAdb = 0
INFO         | 	hw.lcd.width = 1080
INFO         | 	hw.lcd.height = 2424
INFO         | 	hw.lcd.depth = 16
INFO         | 	hw.lcd.circular = false
INFO         | 	hw.lcd.density = 420
INFO         | 	hw.lcd.transparent = false
INFO         | 	hw.lcd.backlight = true
INFO         | 	hw.lcd.vsync = 60
INFO         | 	hw.gltransport = pipe
INFO         | 	hw.gltransport.asg.writeBufferSize = 1048576
INFO         | 	hw.gltransport.asg.writeStepSize = 4096
INFO         | 	hw.gltransport.asg.dataRingSize = 32768
INFO         | 	hw.gltransport.drawFlushInterval = 800
INFO         | 	hw.displayRegion.0.1.xOffset = -1
INFO         | 	hw.displayRegion.0.1.yOffset = -1
INFO         | 	hw.displayRegion.0.1.width = 0
INFO         | 	hw.displayRegion.0.1.height = 0
INFO         | 	hw.displayRegion.0.2.xOffset = -1
INFO         | 	hw.displayRegion.0.2.yOffset = -1
INFO         | 	hw.displayRegion.0.2.width = 0
INFO         | 	hw.displayRegion.0.2.height = 0
INFO         | 	hw.displayRegion.0.3.xOffset = -1
INFO         | 	hw.displayRegion.0.3.yOffset = -1
INFO         | 	hw.displayRegion.0.3.width = 0
INFO         | 	hw.displayRegion.0.3.height = 0
INFO         | 	hw.display1.width = 0
INFO         | 	hw.display1.height = 0
INFO         | 	hw.display1.density = 0
INFO         | 	hw.display1.xOffset = -1
INFO         | 	hw.display1.yOffset = -1
INFO         | 	hw.display1.flag = 0
INFO         | 	hw.display2.width = 0
INFO         | 	hw.display2.height = 0
INFO         | 	hw.display2.density = 0
INFO         | 	hw.display2.xOffset = -1
INFO         | 	hw.display2.yOffset = -1
INFO         | 	hw.display2.flag = 0
INFO         | 	hw.display3.width = 0
INFO         | 	hw.display3.height = 0
INFO         | 	hw.display3.density = 0
INFO         | 	hw.display3.xOffset = -1
INFO         | 	hw.display3.yOffset = -1
INFO         | 	hw.display3.flag = 0
INFO         | 	hw.multi_display_window = false
INFO         | 	hw.hotplug_multi_display = false
INFO         | 	hw.gpu.enabled = true
INFO         | 	hw.gpu.mode = host
INFO         | 	hw.initialOrientation = portrait
INFO         | 	hw.camera.back = virtualscene
INFO         | 	hw.camera.front = emulated
INFO         | 	vm.heapSize = 512
INFO         | 	hw.sensors.light = true
INFO         | 	hw.sensors.pressure = true
INFO         | 	hw.sensors.humidity = true
INFO         | 	hw.sensors.proximity = true
INFO         | 	hw.sensors.magnetic_field = true
INFO         | 	hw.sensors.magnetic_field_uncalibrated = true
INFO         | 	hw.sensors.gyroscope_uncalibrated = true
INFO         | 	hw.sensors.orientation = true
INFO         | 	hw.sensors.temperature = true
INFO         | 	hw.sensors.rgbclight = false
INFO         | 	hw.sensor.hinge = false
INFO         | 	hw.sensor.hinge.count = 0
INFO         | 	hw.sensor.hinge.type = 0
INFO         | 	hw.sensor.hinge.sub_type = 0
INFO         | 	hw.sensor.hinge.resizable.config = 1
INFO         | 	hw.sensor.hinge.fold_to_displayRegion.0.1_at_posture = 1
INFO         | 	hw.sensor.roll = false
INFO         | 	hw.sensor.roll.count = 0
INFO         | 	hw.sensor.roll.resize_to_displayRegion.0.1_at_posture = 6
INFO         | 	hw.sensor.roll.resize_to_displayRegion.0.2_at_posture = 6
INFO         | 	hw.sensor.roll.resize_to_displayRegion.0.3_at_posture = 6
INFO         | 	hw.sensors.heart_rate = false
INFO         | 	hw.sensors.wrist_tilt = false
INFO         | 	hw.sensors.heading = false
INFO         | 	hw.useext4 = true
INFO         | 	hw.arc = false
INFO         | 	hw.arc.autologin = false
INFO         | 	hw.device.name = pixel_9
INFO         | 	kernel.path = /Users/coding/Library/Android/sdk/system-images/android-36/google_apis_playstore/arm64-v8a//kernel-ranchu
INFO         | 	kernel.newDeviceNaming = yes
INFO         | 	kernel.supportsYaffs2 = no
INFO         | 	disk.ramdisk.path = /Users/coding/Library/Android/sdk/system-images/android-36/google_apis_playstore/arm64-v8a//ramdisk.img
INFO         | 	disk.systemPartition.initPath = /Users/coding/Library/Android/sdk/system-images/android-36/google_apis_playstore/arm64-v8a//system.img
INFO         | 	disk.systemPartition.size = 2202m
INFO         | 	disk.vendorPartition.initPath = /Users/coding/Library/Android/sdk/system-images/android-36/google_apis_playstore/arm64-v8a//vendor.img
INFO         | 	disk.vendorPartition.size = 800m
INFO         | 	disk.dataPartition.path = /Users/coding/.android/avd/../avd/Pixel_9.avd/userdata-qemu.img
INFO         | 	disk.dataPartition.size = 6g
INFO         | 	disk.encryptionKeyPartition.path = /Users/coding/.android/avd/../avd/Pixel_9.avd/encryptionkey.img
INFO         | 	PlayStore.enabled = true
INFO         | 	avd.name = Pixel_9
INFO         | 	avd.id = Pixel_9
INFO         | 	fastboot.forceColdBoot = false
INFO         | 	userdata.useQcow2 = true
INFO         | 	firstboot.bootFromDownloadableSnapshot = true
INFO         | 	firstboot.bootFromLocalSnapshot = true
INFO         | 	firstboot.saveToLocalSnapshot = true
INFO         | 	android.sdk.root = /Users/coding/Library/Android/sdk
INFO         | 	android.avd.home = /Users/coding/.android/avd
INFO         | .
INFO         | QEMU options list:
INFO         | 	 argv[00] = "/Users/coding/Library/Android/sdk/emulator/qemu/darwin-aarch64/qemu-system-aarch64"
INFO         | 	 argv[01] = "-read-only"
INFO         | 	 argv[02] = "-dns-server"
INFO         | 	 argv[03] = "192.168.86.1"
INFO         | 	 argv[04] = "-no-audio"
INFO         | 	 argv[05] = "-serial"
INFO         | 	 argv[06] = "null"
INFO         | 	 argv[07] = "-android-ports"
INFO         | 	 argv[08] = "13282,13283"
INFO         | 	 argv[09] = "-cpu"
INFO         | 	 argv[10] = "cortex-a53"
INFO         | 	 argv[11] = "-machine"
INFO         | 	 argv[12] = "type=virt"
INFO         | 	 argv[13] = "-enable-hvf"
INFO         | 	 argv[14] = "-smp"
INFO         | 	 argv[15] = "cores=4"
INFO         | 	 argv[16] = "-m"
INFO         | 	 argv[17] = "2048"
INFO         | 	 argv[18] = "-lcd-density"
INFO         | 	 argv[19] = "420"
INFO         | 	 argv[20] = "-nodefaults"
INFO         | 	 argv[21] = "-kernel"
INFO         | 	 argv[22] = "/Users/coding/Library/Android/sdk/system-images/android-36/google_apis_playstore/arm64-v8a//kernel-ranchu"
INFO         | 	 argv[23] = "-initrd"
INFO         | 	 argv[24] = "/Users/coding/.android/avd/../avd/Pixel_9.avd/initrd"
INFO         | 	 argv[25] = "-drive"
INFO         | 	 argv[26] = "index=0,id=vendor,if=none,file=/Users/coding/Library/Android/sdk/system-images/android-36/google_apis_playstore/arm64-v8a//vendor.img,read-only"
INFO         | 	 argv[27] = "-device"
INFO         | 	 argv[28] = "virtio-blk-device,drive=vendor"
INFO         | 	 argv[29] = "-drive"
INFO         | 	 argv[30] = "index=1,id=encrypt,if=none,file=/Users/coding/.android/avd/../avd/Pixel_9.avd/encryptionkey.img.qcow2,overlap-check=none,cache=unsafe,l2-cache-size=1048576"
INFO         | 	 argv[31] = "-device"
INFO         | 	 argv[32] = "virtio-blk-device,drive=encrypt"
INFO         | 	 argv[33] = "-drive"
INFO         | 	 argv[34] = "index=2,id=userdata,if=none,file=/Users/coding/.android/avd/../avd/Pixel_9.avd/userdata-qemu.img.qcow2,overlap-check=none,cache=unsafe,l2-cache-size=1048576"
INFO         | 	 argv[35] = "-device"
INFO         | 	 argv[36] = "virtio-blk-device,drive=userdata"
INFO         | 	 argv[37] = "-drive"
INFO         | 	 argv[38] = "index=3,id=cache,if=none,file=/Users/coding/.android/avd/../avd/Pixel_9.avd/cache.img.qcow2,overlap-check=none,cache=unsafe,l2-cache-size=1048576"
INFO         | 	 argv[39] = "-device"
INFO         | 	 argv[40] = "virtio-blk-device,drive=cache"
INFO         | 	 argv[41] = "-drive"
INFO         | 	 argv[42] = "index=4,id=system,if=none,file=/Users/coding/Library/Android/sdk/system-images/android-36/google_apis_playstore/arm64-v8a//system.img,read-only"
INFO         | 	 argv[43] = "-device"
INFO         | 	 argv[44] = "virtio-blk-device,drive=system"
INFO         | 	 argv[45] = "-netdev"
INFO         | 	 argv[46] = "user,id=mynet"
INFO         | 	 argv[47] = "-device"
INFO         | 	 argv[48] = "virtio-net-device,netdev=mynet"
INFO         | 	 argv[49] = "-chardev"
INFO         | 	 argv[50] = "null,id=forhvc0"
INFO         | 	 argv[51] = "-chardev"
INFO         | 	 argv[52] = "null,id=forhvc1"
INFO         | 	 argv[53] = "-device"
INFO         | 	 argv[54] = "virtio-serial-pci,ioeventfd=off"
INFO         | 	 argv[55] = "-device"
INFO         | 	 argv[56] = "virtconsole,chardev=forhvc0"
INFO         | 	 argv[57] = "-device"
INFO         | 	 argv[58] = "virtconsole,chardev=forhvc1"
INFO         | 	 argv[59] = "-chardev"
INFO         | 	 argv[60] = "netsim,id=uwb"
INFO         | 	 argv[61] = "-device"
INFO         | 	 argv[62] = "virtconsole,chardev=uwb,name=uwb"
INFO         | 	 argv[63] = "-chardev"
INFO         | 	 argv[64] = "netsim,id=bluetooth"
INFO         | 	 argv[65] = "-device"
INFO         | 	 argv[66] = "virtserialport,chardev=bluetooth,name=bluetooth"
INFO         | 	 argv[67] = "-device"
INFO         | 	 argv[68] = "virtio-serial,ioeventfd=off"
INFO         | 	 argv[69] = "-chardev"
INFO         | 	 argv[70] = "socket,port=64029,host=::1,nowait,nodelay,reconnect=10,ipv6,id=modem"
INFO         | 	 argv[71] = "-device"
INFO         | 	 argv[72] = "virtserialport,chardev=modem,name=modem"
INFO         | 	 argv[73] = "-device"
INFO         | 	 argv[74] = "virtio-rng-device"
INFO         | 	 argv[75] = "-show-cursor"
INFO         | 	 argv[76] = "-device"
INFO         | 	 argv[77] = "virtio_input_multi_touch_pci_1"
INFO         | 	 argv[78] = "-device"
INFO         | 	 argv[79] = "virtio_input_multi_touch_pci_2"
INFO         | 	 argv[80] = "-device"
INFO         | 	 argv[81] = "virtio_input_multi_touch_pci_3"
INFO         | 	 argv[82] = "-device"
INFO         | 	 argv[83] = "virtio_input_multi_touch_pci_4"
INFO         | 	 argv[84] = "-device"
INFO         | 	 argv[85] = "virtio_input_multi_touch_pci_5"
INFO         | 	 argv[86] = "-device"
INFO         | 	 argv[87] = "virtio_input_multi_touch_pci_6"
INFO         | 	 argv[88] = "-device"
INFO         | 	 argv[89] = "virtio_input_multi_touch_pci_7"
INFO         | 	 argv[90] = "-device"
INFO         | 	 argv[91] = "virtio_input_multi_touch_pci_8"
INFO         | 	 argv[92] = "-device"
INFO         | 	 argv[93] = "virtio_input_multi_touch_pci_9"
INFO         | 	 argv[94] = "-device"
INFO         | 	 argv[95] = "virtio_input_multi_touch_pci_10"
INFO         | 	 argv[96] = "-device"
INFO         | 	 argv[97] = "virtio_input_multi_touch_pci_11"
INFO         | 	 argv[98] = "-device"
INFO         | 	 argv[99] = "virtio-keyboard-pci"
INFO         | 	 argv[100] = "-netdev"
INFO         | 	 argv[101] = "user,id=virtio-wifi,dhcpstart=10.0.2.16"
INFO         | 	 argv[102] = "-device"
INFO         | 	 argv[103] = "virtio-wifi-pci,netdev=virtio-wifi"
INFO         | 	 argv[104] = "-device"
INFO         | 	 argv[105] = "virtio-vsock-pci,guest-cid=77"
INFO         | 	 argv[106] = "-L"
INFO         | 	 argv[107] = "/Users/coding/Library/Android/sdk/emulator/lib/pc-bios"
INFO         | 	 argv[108] = "-soundhw"
INFO         | 	 argv[109] = "virtio-snd-pci"
INFO         | 	 argv[110] = "-append"
INFO         | 	 argv[111] = "8250.nr_uarts=1 no_timer_check keep_bootcon earlyprintk=ttyAMA0 console=0 loop.max_part=7 printk.devkmsg=on bootconfig"
INFO         | 	 argv[112] = "-android-hw"
INFO         | 	 argv[113] = "/tmp/android-coding/emulator-R4DOvU"
INFO         | Concatenated QEMU options: /Users/coding/Library/Android/sdk/emulator/qemu/darwin-aarch64/qemu-system-aarch64 -read-only -dns-server 192.168.86.1 -no-audio -serial null -android-ports 13282,13283 -cpu cortex-a53 -machine type=virt -enable-hvf -smp cores=4 -m 2048 -lcd-density 420 -nodefaults -kernel /Users/coding/Library/Android/sdk/system-images/android-36/google_apis_playstore/arm64-v8a//kernel-ranchu -initrd /Users/coding/.android/avd/../avd/Pixel_9.avd/initrd -drive index=0,id=vendor,if=none,file=/Users/coding/Library/Android/sdk/system-images/android-36/google_apis_playstore/arm64-v8a//vendor.img,read-only -device virtio-blk-device,drive=vendor -drive index=1,id=encrypt,if=none,file=/Users/coding/.android/avd/../avd/Pixel_9.avd/encryptionkey.img.qcow2,overlap-check=none,cache=unsafe,l2-cache-size=1048576 -device virtio-blk-device,drive=encrypt -drive index=2,id=userdata,if=none,file=/Users/coding/.android/avd/../avd/Pixel_9.avd/userdata-qemu.img.qcow2,overlap-check=none,cache=unsafe,l2-cache-size=1048576 -device virtio-blk-device,drive=userdata -drive index=3,id=cache,if=none,file=/Users/coding/.android/avd/../avd/Pixel_9.avd/cache.img.qcow2,overlap-check=none,cache=unsafe,l2-cache-size=1048576 -device virtio-blk-device,drive=cache -drive index=4,id=system,if=none,file=/Users/coding/Library/Android/sdk/system-images/android-36/google_apis_playstore/arm64-v8a//system.img,read-only -device virtio-blk-device,drive=system -netdev user,id=mynet -device virtio-net-device,netdev=mynet -chardev null,id=forhvc0 -chardev null,id=forhvc1 -device virtio-serial-pci,ioeventfd=off -device virtconsole,chardev=forhvc0 -device virtconsole,chardev=forhvc1 -chardev netsim,id=uwb -device virtconsole,chardev=uwb,name=uwb -chardev netsim,id=bluetooth -device virtserialport,chardev=bluetooth,name=bluetooth -device virtio-serial,ioeventfd=off -chardev socket,port=64029,host=::1,nowait,nodelay,reconnect=10,ipv6,id=modem -device virtserialport,chardev=modem,name=modem -device virtio-rng-device -show-cursor -device virtio_input_multi_touch_pci_1 -device virtio_input_multi_touch_pci_2 -device virtio_input_multi_touch_pci_3 -device virtio_input_multi_touch_pci_4 -device virtio_input_multi_touch_pci_5 -device virtio_input_multi_touch_pci_6 -device virtio_input_multi_touch_pci_7 -device virtio_input_multi_touch_pci_8 -device virtio_input_multi_touch_pci_9 -device virtio_input_multi_touch_pci_10 -device virtio_input_multi_touch_pci_11 -device virtio-keyboard-pci -netdev user,id=virtio-wifi,dhcpstart=10.0.2.16 -device virtio-wifi-pci,netdev=virtio-wifi -device virtio-vsock-pci,guest-cid=77 -L /Users/coding/Library/Android/sdk/emulator/lib/pc-bios -soundhw virtio-snd-pci -append '8250.nr_uarts=1 no_timer_check keep_bootcon earlyprintk=ttyAMA0 console=0 loop.max_part=7 printk.devkmsg=on bootconfig' -android-hw /tmp/android-coding/emulator-R4DOvU
DEBUG   | Android qemu version 36.3.10.0 (build_id 14472402) (CL:N/A)
DEBUG   | Starting QEMU main loop
DEBUG   | registered 'boot-properties' qemud service
DEBUG   | Adding boot property: 'ro.opengles.version' = '196608'
DEBUG   | Adding boot property: 'qemu.sf.fake_camera' = 'front'
DEBUG   | Adding boot property: 'qemu.adb.secure' = '1'
DEBUG   | Adding boot property: 'dalvik.vm.heapsize' = '512m'
DEBUG   | Adding boot property: 'qemu.hw.mainkeys' = '0'
DEBUG   | Adding boot property: 'qemu.sf.lcd_density' = '420'
DEBUG   | goldfish_events.have-dpad: false
DEBUG   | goldfish_events.have-trackball: false
DEBUG   | goldfish_events.have-camera: true
DEBUG   | goldfish_events.have-keyboard: false
DEBUG   | goldfish_events.have-lidswitch: false
DEBUG   | goldfish_events.have-tabletmode: false
DEBUG   | goldfish_events.have-touch: false
DEBUG   | goldfish_events.have-multitouch: false
DEBUG   | Adding boot property: 'net.wifi_mac_prefix' = '13282'
INFO         | Monitoring duration of emulator setup.
WARNING      | Requested adb port (13283) is outside the recommended range [5555,5586]. ADB may not function properly for the emulator. See -help-port for details.
DEBUG   | Adding boot property: 'qemu.timezone' = 'America/Los_Angeles'
DEBUG   | android_hw_fingerprint_init: fingerprint qemud listen service initialized
DEBUG   | Successfully initialized Wi-Fi
DEBUG   | emulator_window_fb_rotate
DEBUG   | CMD_SET_DISPLAY_CONFIGS
INFO         | Setting display: 0 configuration to: 1080x2424, dpi: 420x420 
DEBUG   | CMD_SET_DISPLAY_ACTIVE_CONFIG
DEBUG   | setDisplayPose 0 x 0 y 0 w 1080 h 2424 dpi 0
INFO         | setDisplayActiveConfig 0
DEBUG   | Adjusting window size by 0.38x for hw_lcd_density
DEBUG   | Path:/Users/coding/Library/Android/sdk/platform-tools/adb protocol version: 41
DEBUG   | Path:/Users/coding/Library/Android/sdk/platform-tools/adb protocol version: 41
DEBUG   | Path:/Users/coding/Library/Android/sdk/platform-tools/adb protocol version: 41
DEBUG   | Found: 3 adb executables
DEBUG   | Adb: /Users/coding/Library/Android/sdk/platform-tools/adb
DEBUG   | Adb: /Users/coding/Library/Android/sdk/platform-tools/adb
DEBUG   | Adb: /Users/coding/Library/Android/sdk/platform-tools/adb
DEBUG   | Path:/Users/coding/Library/Android/sdk/platform-tools/adb protocol version: 41
DEBUG   | Path:/Users/coding/Library/Android/sdk/platform-tools/adb protocol version: 41
DEBUG   | Path:/Users/coding/Library/Android/sdk/platform-tools/adb protocol version: 41
INFO         | Checking system compatibility:
INFO         |   Checking: hasSufficientDiskSpace
INFO         |      Ok: Disk space requirements to run avd: `Pixel_9` are met
INFO         |   Checking: hasSufficientHwGpu
INFO         |      Ok: Hardware GPU requirements to run avd: `Pixel_9` are passed
INFO         |   Checking: hasSufficientSystem
INFO         |      Ok: System requirements to run avd: `Pixel_9` are met
DEBUG   | Sending CMD_REPAINT to reposting thread
DEBUG   | Sending CMD_REPAINT to reposting thread
DEBUG   | Reposting thread dequeueing a CMD_REPAINT
DEBUG   | Reposting framebuffer.
DEBUG   | No repost: no last posted color buffer
DEBUG   | Reposting thread dequeueing a CMD_REPAINT
DEBUG   | Reposting framebuffer.
DEBUG   | No repost: no last posted color buffer
DEBUG   | config multidisplay with config.ini 0x0 0x0 0x0
DEBUG   | Begin setupSubWindow
DEBUG   | Exit setupSubWindow (successful setup)
DEBUG   | Begin setupSubWindow
DEBUG   | Exit setupSubWindow (nothing to do)
INFO         | Warning: QMetaObject::connectSlotsByName: No matching signal for on_rgbcSensorValueWidget_valueChanged() (:0, )
INFO         | Warning: QMetaObject::connectSlotsByName: No matching signal for on_posture_valueChanged(int) (:0, )
DEBUG   | added one RIL client
DEBUG   | Crash info: sessionId=
DEBUG   | Crash info: ro.build.fingerprint=??
DEBUG   | Crash info: avd_space=581058940928
DEBUG   | Crash info: free_ram=4175
DEBUG   | Crash info: hw.gpu.enabled=yes
DEBUG   | Crash info: cpu_cores=10
DEBUG   | Crash info: PlayStore.enabled=true
DEBUG   | Crash info: hw.ramSize=2048
DEBUG   | Crash info: hw.lcd.width=1080
DEBUG   | Crash info: hw.sensor.hinge=?
DEBUG   | Crash info: hw.cpu.ncore=4
DEBUG   | Crash info: hw.gpu.mode=auto
DEBUG   | Crash info: hw.lcd.height=2424
DEBUG   | Crash info: disk.dataPartition.size=6G
INFO         | Loading snapshot 'default_boot'...
DEBUG   | INFO: ignore sdcard for arm at api level >= 30
INFO         | AVD supportsNativeGLES=1, supportsGuestAngle=1
INFO         | Guest Angle is still unstable for API > 35.
INFO         | Created extended window in 268.619ms
WARNING      | Client not connected yet. Ignoring message!
WARNING      | Client not connected yet. Ignoring message!
WARNING      | Client not connected yet. Ignoring message!
WARNING      | Unknown XR viewport mode requested: 0, ignored.

WARNING      | Client not connected yet. Ignoring message!
WARNING      | Client not connected yet. Ignoring message!
WARNING      | Client not connected yet. Ignoring message!
WARNING      | Client not connected yet. Ignoring message!
WARNING      | Client not connected yet. Ignoring message!
WARNING      | Client not connected yet. Ignoring message!
DEBUG   | Adding boot property: 'ro.opengles.version' = '196608'
DEBUG   | Adding boot property: 'qemu.sf.fake_camera' = 'front'
DEBUG   | Adding boot property: 'qemu.adb.secure' = '1'
DEBUG   | Adding boot property: 'dalvik.vm.heapsize' = '512m'
DEBUG   | Adding boot property: 'qemu.hw.mainkeys' = '0'
DEBUG   | Adding boot property: 'qemu.sf.lcd_density' = '420'
DEBUG   | Adding boot property: 'net.wifi_mac_prefix' = '5554'
DEBUG   | Adding boot property: 'qemu.timezone' = 'America/Los_Angeles'
DEBUG   | ShareGroup::ShareGroup: 0x6000006fe760: start restore namespace for type 0

DEBUG   | ShareGroup::ShareGroup: 0x6000006fe760: finish restore namespace for type 0

DEBUG   | ShareGroup::ShareGroup: 0x6000006fe760: start restore namespace for type 1

DEBUG   | ShareGroup::ShareGroup: 0x6000006fe760: finish restore namespace for type 1

DEBUG   | ShareGroup::ShareGroup: 0x6000006fe760: start restore namespace for type 2

DEBUG   | 0x6000005d1c00: try to load object 4294967296
DEBUG   | 0x6000005d1c00: try to load object 4294967297
DEBUG   | ShareGroup::ShareGroup: 0x6000006fe760: finish restore namespace for type 2

DEBUG   | ShareGroup::ShareGroup: 0x6000006fe760: start restore namespace for type 3

DEBUG   | ShareGroup::ShareGroup: 0x6000006fe760: finish restore namespace for type 3

DEBUG   | ShareGroup::ShareGroup: 0x6000006fe760: start restore namespace for type 4

DEBUG   | ShareGroup::ShareGroup: 0x6000006fe760: finish restore namespace for type 4

DEBUG   | ShareGroup::ShareGroup: 0x6000006fe760: start restore namespace for type 5

DEBUG   | ShareGroup::ShareGroup: 0x6000006fe760: finish restore namespace for type 5

DEBUG   | ShareGroup::ShareGroup: 0x6000006fe760: start restore namespace for type 6

DEBUG   | ShareGroup::ShareGroup: 0x6000006fe760: finish restore namespace for type 6

DEBUG   | ShareGroup::ShareGroup: 0x6000006fe760: start restore namespace for type 7

DEBUG   | ShareGroup::ShareGroup: 0x6000006fe760: finish restore namespace for type 7

DEBUG   | ShareGroup::ShareGroup: 0x6000006fe760: start restore namespace for type 8

DEBUG   | ShareGroup::ShareGroup: 0x6000006fe760: finish restore namespace for type 8

DEBUG   | ShareGroup::ShareGroup: 0x6000006fe760: start restore namespace for type 9

DEBUG   | ShareGroup::ShareGroup: 0x6000006fe760: finish restore namespace for type 9

DEBUG   | ShareGroup::ShareGroup: 0x6000006fe580: start restore namespace for type 0

DEBUG   | ShareGroup::ShareGroup: 0x6000006fe580: finish restore namespace for type 0

DEBUG   | ShareGroup::ShareGroup: 0x6000006fe580: start restore namespace for type 1

DEBUG   | 0x6000005e4100: try to load object 3
DEBUG   | 0x6000005e4100: try to load object 4
DEBUG   | 0x6000005e4100: try to load object 9
DEBUG   | ShareGroup::ShareGroup: 0x6000006fe580: finish restore namespace for type 1

DEBUG   | ShareGroup::ShareGroup: 0x6000006fe580: start restore namespace for type 2

DEBUG   | 0x6000005e7e00: try to load object 4294967297
DEBUG   | 0x6000005e7e00: try to load object 961
DEBUG   | 0x6000005e7e00: try to load object 370
DEBUG   | 0x6000005e7e00: try to load object 962
DEBUG   | 0x6000005e7e00: try to load object 371
DEBUG   | 0x6000005e7e00: try to load object 395
DEBUG   | 0x6000005e7e00: try to load object 396
DEBUG   | 0x6000005e7e00: try to load object 646
DEBUG   | 0x6000005e7e00: try to load object 648
DEBUG   | 0x6000005e7e00: try to load object 649
DEBUG   | 0x6000005e7e00: try to load object 650
DEBUG   | 0x6000005e7e00: try to load object 651
DEBUG   | 0x6000005e7e00: try to load object 652
DEBUG   | 0x6000005e7e00: try to load object 826
DEBUG   | 0x6000005e7e00: try to load object 827
DEBUG   | 0x6000005e7e00: try to load object 832
DEBUG   | 0x6000005e7e00: try to load object 636
DEBUG   | 0x6000005e7e00: try to load object 833
DEBUG   | 0x6000005e7e00: try to load object 639
DEBUG   | 0x6000005e7e00: try to load object 836
DEBUG   | 0x6000005e7e00: try to load object 837
DEBUG   | 0x6000005e7e00: try to load object 838
DEBUG   | 0x6000005e7e00: try to load object 642
DEBUG   | 0x6000005e7e00: try to load object 839
DEBUG   | 0x6000005e7e00: try to load object 643
DEBUG   | 0x6000005e7e00: try to load object 840
DEBUG   | 0x6000005e7e00: try to load object 841
DEBUG   | 0x6000005e7e00: try to load object 855
DEBUG   | 0x6000005e7e00: try to load object 856
DEBUG   | 0x6000005e7e00: try to load object 857
DEBUG   | 0x6000005e7e00: try to load object 858
DEBUG   | 0x6000005e7e00: try to load object 872
DEBUG   | 0x6000005e7e00: try to load object 873
DEBUG   | 0x6000005e7e00: try to load object 4294967296
DEBUG   | 0x6000005e7e00: try to load object 876
DEBUG   | 0x6000005e7e00: try to load object 879
DEBUG   | 0x6000005e7e00: try to load object 880
DEBUG   | 0x6000005e7e00: try to load object 882
DEBUG   | 0x6000005e7e00: try to load object 884
DEBUG   | 0x6000005e7e00: try to load object 885
DEBUG   | 0x6000005e7e00: try to load object 886
DEBUG   | 0x6000005e7e00: try to load object 887
DEBUG   | 0x6000005e7e00: try to load object 888
DEBUG   | 0x6000005e7e00: try to load object 889
DEBUG   | 0x6000005e7e00: try to load object 891
DEBUG   | 0x6000005e7e00: try to load object 894
DEBUG   | 0x6000005e7e00: try to load object 895
DEBUG   | 0x6000005e7e00: try to load object 898
DEBUG   | 0x6000005e7e00: try to load object 901
DEBUG   | 0x6000005e7e00: try to load object 902
DEBUG   | 0x6000005e7e00: try to load object 903
DEBUG   | 0x6000005e7e00: try to load object 905
DEBUG   | 0x6000005e7e00: try to load object 906
DEBUG   | 0x6000005e7e00: try to load object 907
DEBUG   | 0x6000005e7e00: try to load object 908
DEBUG   | 0x6000005e7e00: try to load object 909
DEBUG   | 0x6000005e7e00: try to load object 911
DEBUG   | 0x6000005e7e00: try to load object 926
DEBUG   | 0x6000005e7e00: try to load object 927
DEBUG   | 0x6000005e7e00: try to load object 928
DEBUG   | 0x6000005e7e00: try to load object 929
DEBUG   | 0x6000005e7e00: try to load object 930
DEBUG   | 0x6000005e7e00: try to load object 931
DEBUG   | 0x6000005e7e00: try to load object 932
DEBUG   | 0x6000005e7e00: try to load object 933
DEBUG   | 0x6000005e7e00: try to load object 934
DEBUG   | 0x6000005e7e00: try to load object 935
DEBUG   | 0x6000005e7e00: try to load object 936
DEBUG   | 0x6000005e7e00: try to load object 937
DEBUG   | 0x6000005e7e00: try to load object 938
DEBUG   | 0x6000005e7e00: try to load object 942
DEBUG   | 0x6000005e7e00: try to load object 943
DEBUG   | 0x6000005e7e00: try to load object 946
DEBUG   | 0x6000005e7e00: try to load object 947
DEBUG   | 0x6000005e7e00: try to load object 948
DEBUG   | 0x6000005e7e00: try to load object 358
DEBUG   | 0x6000005e7e00: try to load object 949
DEBUG   | 0x6000005e7e00: try to load object 753
DEBUG   | 0x6000005e7e00: try to load object 950
DEBUG   | 0x6000005e7e00: try to load object 754
DEBUG   | 0x6000005e7e00: try to load object 951
DEBUG   | 0x6000005e7e00: try to load object 755
DEBUG   | 0x6000005e7e00: try to load object 361
DEBUG   | 0x6000005e7e00: try to load object 952
DEBUG   | 0x6000005e7e00: try to load object 756
DEBUG   | 0x6000005e7e00: try to load object 953
DEBUG   | 0x6000005e7e00: try to load object 954
DEBUG   | 0x6000005e7e00: try to load object 955
DEBUG   | 0x6000005e7e00: try to load object 956
DEBUG   | 0x6000005e7e00: try to load object 958
DEBUG   | 0x6000005e7e00: try to load object 959
DEBUG   | 0x6000005e7e00: try to load object 960
DEBUG   | 0x6000005e7e00: try to load object 963
DEBUG   | 0x6000005e7e00: try to load object 964
DEBUG   | 0x6000005e7e00: try to load object 965
DEBUG   | 0x6000005e7e00: try to load object 966
DEBUG   | 0x6000005e7e00: try to load object 376
DEBUG   | 0x6000005e7e00: try to load object 967
DEBUG   | 0x6000005e7e00: try to load object 377
DEBUG   | 0x6000005e7e00: try to load object 968
DEBUG   | 0x6000005e7e00: try to load object 969
DEBUG   | 0x6000005e7e00: try to load object 976
DEBUG   | 0x6000005e7e00: try to load object 977
DEBUG   | 0x6000005e7e00: try to load object 978
DEBUG   | 0x6000005e7e00: try to load object 388
DEBUG   | 0x6000005e7e00: try to load object 979
DEBUG   | 0x6000005e7e00: try to load object 389
DEBUG   | 0x6000005e7e00: try to load object 980
DEBUG   | 0x6000005e7e00: try to load object 981
DEBUG   | 0x6000005e7e00: try to load object 982
DEBUG   | 0x6000005e7e00: try to load object 983
DEBUG   | 0x6000005e7e00: try to load object 984
DEBUG   | 0x6000005e7e00: try to load object 988
DEBUG   | 0x6000005e7e00: try to load object 991
DEBUG   | 0x6000005e7e00: try to load object 992
DEBUG   | 0x6000005e7e00: try to load object 993
DEBUG   | 0x6000005e7e00: try to load object 994
DEBUG   | 0x6000005e7e00: try to load object 995
DEBUG   | 0x6000005e7e00: try to load object 996
DEBUG   | 0x6000005e7e00: try to load object 997
DEBUG   | 0x6000005e7e00: try to load object 998
DEBUG   | 0x6000005e7e00: try to load object 1000
DEBUG   | 0x6000005e7e00: try to load object 1001
DEBUG   | 0x6000005e7e00: try to load object 1002
DEBUG   | 0x6000005e7e00: try to load object 1003
DEBUG   | 0x6000005e7e00: try to load object 1004
DEBUG   | 0x6000005e7e00: try to load object 1005
DEBUG   | 0x6000005e7e00: try to load object 1006
DEBUG   | 0x6000005e7e00: try to load object 810
DEBUG   | 0x6000005e7e00: try to load object 1007
DEBUG   | 0x6000005e7e00: try to load object 912
DEBUG   | 0x6000005e7e00: try to load object 812
DEBUG   | 0x6000005e7e00: try to load object 1009
DEBUG   | 0x6000005e7e00: try to load object 913
DEBUG   | 0x6000005e7e00: try to load object 813
DEBUG   | 0x6000005e7e00: try to load object 1010
DEBUG   | 0x6000005e7e00: try to load object 914
DEBUG   | 0x6000005e7e00: try to load object 814
DEBUG   | 0x6000005e7e00: try to load object 1011
DEBUG   | 0x6000005e7e00: try to load object 324
DEBUG   | 0x6000005e7e00: try to load object 915
DEBUG   | 0x6000005e7e00: try to load object 815
DEBUG   | 0x6000005e7e00: try to load object 1012
DEBUG   | 0x6000005e7e00: try to load object 325
DEBUG   | 0x6000005e7e00: try to load object 916
DEBUG   | 0x6000005e7e00: try to load object 816
DEBUG   | 0x6000005e7e00: try to load object 1013
DEBUG   | 0x6000005e7e00: try to load object 917
DEBUG   | 0x6000005e7e00: try to load object 817
DEBUG   | 0x6000005e7e00: try to load object 1014
DEBUG   | 0x6000005e7e00: try to load object 918
DEBUG   | 0x6000005e7e00: try to load object 818
DEBUG   | 0x6000005e7e00: try to load object 1015
DEBUG   | 0x6000005e7e00: try to load object 919
DEBUG   | 0x6000005e7e00: try to load object 1016
DEBUG   | 0x6000005e7e00: try to load object 970
DEBUG   | 0x6000005e7e00: try to load object 920
DEBUG   | 0x6000005e7e00: try to load object 820
DEBUG   | 0x6000005e7e00: try to load object 1017
DEBUG   | 0x6000005e7e00: try to load object 971
DEBUG   | 0x6000005e7e00: try to load object 921
DEBUG   | 0x6000005e7e00: try to load object 821
DEBUG   | 0x6000005e7e00: try to load object 1018
DEBUG   | 0x6000005e7e00: try to load object 972
DEBUG   | 0x6000005e7e00: try to load object 922
DEBUG   | 0x6000005e7e00: try to load object 1019
DEBUG   | 0x6000005e7e00: try to load object 382
DEBUG   | 0x6000005e7e00: try to load object 973
DEBUG   | 0x6000005e7e00: try to load object 923
DEBUG   | 0x6000005e7e00: try to load object 1020
DEBUG   | 0x6000005e7e00: try to load object 383
DEBUG   | 0x6000005e7e00: try to load object 974
DEBUG   | 0x6000005e7e00: try to load object 924
DEBUG   | 0x6000005e7e00: try to load object 824
DEBUG   | 0x6000005e7e00: try to load object 1021
DEBUG   | 0x6000005e7e00: try to load object 999
DEBUG   | 0x6000005e7e00: try to load object 975
DEBUG   | 0x6000005e7e00: try to load object 925
DEBUG   | 0x6000005e7e00: try to load object 825
DEBUG   | 0x6000005e7e00: try to load object 1022
DEBUG   | ShareGroup::ShareGroup: 0x6000006fe580: finish restore namespace for type 2

DEBUG   | ShareGroup::ShareGroup: 0x6000006fe580: start restore namespace for type 3

DEBUG   | ShareGroup::ShareGroup: 0x6000006fe580: finish restore namespace for type 3

DEBUG   | ShareGroup::ShareGroup: 0x6000006fe580: start restore namespace for type 4

DEBUG   | ShareGroup::ShareGroup: 0x6000006fe580: finish restore namespace for type 4

DEBUG   | ShareGroup::ShareGroup: 0x6000006fe580: start restore namespace for type 5

DEBUG   | 0x6000005e6300: try to load object 1
DEBUG   | 0x6000005e6300: try to load object 2
DEBUG   | 0x6000005e6300: try to load object 3
DEBUG   | 0x6000005e6300: try to load object 4
DEBUG   | 0x6000005e6300: try to load object 5
DEBUG   | 0x6000005e6300: try to load object 6
DEBUG   | 0x6000005e6300: try to load object 7
DEBUG   | 0x6000005e6300: try to load object 8
DEBUG   | 0x6000005e6300: try to load object 9
DEBUG   | 0x6000005e6300: try to load object 10
DEBUG   | 0x6000005e6300: try to load object 11
DEBUG   | 0x6000005e6300: try to load object 12
DEBUG   | 0x6000005e6300: try to load object 13
DEBUG   | 0x6000005e6300: try to load object 14
DEBUG   | 0x6000005e6300: try to load object 15
DEBUG   | 0x6000005e6300: try to load object 16
DEBUG   | 0x6000005e6300: try to load object 17
DEBUG   | 0x6000005e6300: try to load object 18
DEBUG   | 0x6000005e6300: try to load object 19
DEBUG   | 0x6000005e6300: try to load object 20
DEBUG   | 0x6000005e6300: try to load object 21
DEBUG   | 0x6000005e6300: try to load object 22
DEBUG   | 0x6000005e6300: try to load object 23
DEBUG   | 0x6000005e6300: try to load object 24
DEBUG   | 0x6000005e6300: try to load object 25
DEBUG   | 0x6000005e6300: try to load object 26
DEBUG   | 0x6000005e6300: try to load object 27
DEBUG   | 0x6000005e6300: try to load object 28
DEBUG   | 0x6000005e6300: try to load object 29
DEBUG   | 0x6000005e6300: try to load object 30
DEBUG   | 0x6000005e6300: try to load object 31
DEBUG   | 0x6000005e6300: try to load object 32
DEBUG   | 0x6000005e6300: try to load object 33
DEBUG   | 0x6000005e6300: try to load object 34
DEBUG   | 0x6000005e6300: try to load object 35
DEBUG   | 0x6000005e6300: try to load object 36
DEBUG   | 0x6000005e6300: try to load object 37
DEBUG   | 0x6000005e6300: try to load object 38
DEBUG   | 0x6000005e6300: try to load object 39
DEBUG   | 0x6000005e6300: try to load object 40
DEBUG   | 0x6000005e6300: try to load object 41
DEBUG   | 0x6000005e6300: try to load object 42
DEBUG   | 0x6000005e6300: try to load object 43
DEBUG   | 0x6000005e6300: try to load object 44
DEBUG   | 0x6000005e6300: try to load object 45
DEBUG   | 0x6000005e6300: try to load object 46
DEBUG   | 0x6000005e6300: try to load object 47
DEBUG   | 0x6000005e6300: try to load object 48
DEBUG   | 0x6000005e6300: try to load object 49
DEBUG   | 0x6000005e6300: try to load object 50
DEBUG   | 0x6000005e6300: try to load object 51
DEBUG   | 0x6000005e6300: try to load object 52
DEBUG   | 0x6000005e6300: try to load object 53
DEBUG   | 0x6000005e6300: try to load object 54
DEBUG   | 0x6000005e6300: try to load object 55
DEBUG   | 0x6000005e6300: try to load object 56
DEBUG   | 0x6000005e6300: try to load object 57
DEBUG   | 0x6000005e6300: try to load object 58
DEBUG   | 0x6000005e6300: try to load object 59
DEBUG   | 0x6000005e6300: try to load object 60
DEBUG   | 0x6000005e6300: try to load object 61
DEBUG   | 0x6000005e6300: try to load object 62
DEBUG   | 0x6000005e6300: try to load object 63
DEBUG   | 0x6000005e6300: try to load object 64
DEBUG   | 0x6000005e6300: try to load object 65
DEBUG   | 0x6000005e6300: try to load object 66
DEBUG   | 0x6000005e6300: try to load object 67
DEBUG   | 0x6000005e6300: try to load object 68
DEBUG   | 0x6000005e6300: try to load object 69
DEBUG   | 0x6000005e6300: try to load object 70
DEBUG   | 0x6000005e6300: try to load object 71
DEBUG   | 0x6000005e6300: try to load object 72
DEBUG   | 0x6000005e6300: try to load object 73
DEBUG   | 0x6000005e6300: try to load object 74
DEBUG   | 0x6000005e6300: try to load object 75
DEBUG   | 0x6000005e6300: try to load object 76
DEBUG   | 0x6000005e6300: try to load object 77
DEBUG   | 0x6000005e6300: try to load object 78
DEBUG   | 0x6000005e6300: try to load object 79
DEBUG   | 0x6000005e6300: try to load object 80
DEBUG   | 0x6000005e6300: try to load object 81
DEBUG   | 0x6000005e6300: try to load object 82
DEBUG   | 0x6000005e6300: try to load object 83
DEBUG   | 0x6000005e6300: try to load object 84
DEBUG   | 0x6000005e6300: try to load object 85
DEBUG   | 0x6000005e6300: try to load object 86
DEBUG   | 0x6000005e6300: try to load object 87
DEBUG   | 0x6000005e6300: try to load object 88
DEBUG   | 0x6000005e6300: try to load object 89
DEBUG   | 0x6000005e6300: try to load object 90
DEBUG   | 0x6000005e6300: try to load object 91
DEBUG   | 0x6000005e6300: try to load object 92
DEBUG   | 0x6000005e6300: try to load object 93
DEBUG   | 0x6000005e6300: try to load object 94
DEBUG   | 0x6000005e6300: try to load object 95
DEBUG   | 0x6000005e6300: try to load object 96
DEBUG   | 0x6000005e6300: try to load object 97
DEBUG   | 0x6000005e6300: try to load object 98
DEBUG   | 0x6000005e6300: try to load object 99
DEBUG   | 0x6000005e6300: try to load object 100
DEBUG   | 0x6000005e6300: try to load object 101
DEBUG   | 0x6000005e6300: try to load object 102
DEBUG   | 0x6000005e6300: try to load object 103
DEBUG   | 0x6000005e6300: try to load object 104
DEBUG   | 0x6000005e6300: try to load object 105
DEBUG   | 0x6000005e6300: try to load object 106
DEBUG   | 0x6000005e6300: try to load object 107
DEBUG   | 0x6000005e6300: try to load object 108
DEBUG   | 0x6000005e6300: try to load object 109
DEBUG   | 0x6000005e6300: try to load object 110
DEBUG   | 0x6000005e6300: try to load object 111
DEBUG   | 0x6000005e6300: try to load object 112
DEBUG   | 0x6000005e6300: try to load object 113
DEBUG   | 0x6000005e6300: try to load object 114
DEBUG   | 0x6000005e6300: try to load object 115
DEBUG   | 0x6000005e6300: try to load object 116
DEBUG   | 0x6000005e6300: try to load object 117
DEBUG   | 0x6000005e6300: try to load object 118
DEBUG   | 0x6000005e6300: try to load object 119
DEBUG   | 0x6000005e6300: try to load object 120
DEBUG   | 0x6000005e6300: try to load object 121
DEBUG   | 0x6000005e6300: try to load object 122
DEBUG   | 0x6000005e6300: try to load object 123
DEBUG   | ShareGroup::ShareGroup: 0x6000006fe580: finish restore namespace for type 5

DEBUG   | ShareGroup::ShareGroup: 0x6000006fe580: start restore namespace for type 6

DEBUG   | 0x6000005e6a00: try to load object 1
DEBUG   | 0x6000005e6a00: try to load object 2
DEBUG   | ShareGroup::ShareGroup: 0x6000006fe580: finish restore namespace for type 6

DEBUG   | ShareGroup::ShareGroup: 0x6000006fe580: start restore namespace for type 7

DEBUG   | ShareGroup::ShareGroup: 0x6000006fe580: finish restore namespace for type 7

DEBUG   | ShareGroup::ShareGroup: 0x6000006fe580: start restore namespace for type 8

DEBUG   | ShareGroup::ShareGroup: 0x6000006fe580: finish restore namespace for type 8

DEBUG   | ShareGroup::ShareGroup: 0x6000006fe580: start restore namespace for type 9

DEBUG   | ShareGroup::ShareGroup: 0x6000006fe580: finish restore namespace for type 9

DEBUG   | 0x6000005d0e00: try to load object 258
DEBUG   | 0x6000005d0e00: try to load object 259
DEBUG   | 0x6000005d0e00: try to load object 656
DEBUG   | 0x6000005d0e00: try to load object 661
DEBUG   | 0x6000005d0e00: try to load object 662
DEBUG   | 0x6000005d0e00: try to load object 668
DEBUG   | 0x6000005d0e00: try to load object 272
DEBUG   | 0x6000005d0e00: try to load object 669
DEBUG   | 0x6000005d0e00: try to load object 490
DEBUG   | 0x6000005d0e00: try to load object 493
DEBUG   | 0x6000005d0e00: try to load object 494
DEBUG   | 0x6000005d0e00: try to load object 496
DEBUG   | 0x6000005d0e00: try to load object 696
DEBUG   | 0x6000005d0e00: try to load object 499
DEBUG   | 0x6000005d0e00: try to load object 697
DEBUG   | 0x6000005d0e00: try to load object 500
DEBUG   | 0x6000005d0e00: try to load object 501
DEBUG   | 0x6000005d0e00: try to load object 502
DEBUG   | 0x6000005d0e00: try to load object 654
DEBUG   | 0x6000005d0e00: try to load object 657
DEBUG   | 0x6000005d0e00: try to load object 264
DEBUG   | 0x6000005d0e00: try to load object 658
DEBUG   | 0x6000005d0e00: try to load object 265
DEBUG   | 0x6000005d0e00: try to load object 659
DEBUG   | 0x6000005d0e00: try to load object 660
DEBUG   | 0x6000005d0e00: try to load object 664
DEBUG   | 0x6000005d0e00: try to load object 271
DEBUG   | 0x6000005d0e00: try to load object 665
DEBUG   | 0x6000005d0e00: try to load object 670
DEBUG   | 0x6000005d0e00: try to load object 671
DEBUG   | 0x6000005d0e00: try to load object 676
DEBUG   | 0x6000005d0e00: try to load object 677
DEBUG   | 0x6000005d0e00: try to load object 680
DEBUG   | 0x6000005d0e00: try to load object 681
DEBUG   | 0x6000005d0e00: try to load object 682
DEBUG   | 0x6000005d0e00: try to load object 683
DEBUG   | 0x6000005d0e00: try to load object 487
DEBUG   | 0x6000005d0e00: try to load object 684
DEBUG   | 0x6000005d0e00: try to load object 685
DEBUG   | 0x6000005d0e00: try to load object 694
DEBUG   | 0x6000005d0e00: try to load object 498
DEBUG   | 0x6000005d0e00: try to load object 695
DEBUG   | 0x6000005d0e00: try to load object 705
DEBUG   | 0x6000005d0e00: try to load object 706
DEBUG   | 0x6000005d0e00: try to load object 709
DEBUG   | 0x6000005d0e00: try to load object 712
DEBUG   | 0x6000005d0e00: try to load object 713
DEBUG   | 0x6000005d0e00: try to load object 715
DEBUG   | 0x6000005d0e00: try to load object 717
DEBUG   | 0x6000005d0e00: try to load object 718
DEBUG   | 0x6000005d0e00: try to load object 719
DEBUG   | 0x6000005d0e00: try to load object 720
DEBUG   | 0x6000005d0e00: try to load object 721
DEBUG   | 0x6000005d0e00: try to load object 722
DEBUG   | 0x6000005d0e00: try to load object 723
DEBUG   | 0x6000005d0e00: try to load object 726
DEBUG   | 0x6000005d0e00: try to load object 729
DEBUG   | 0x6000005d0e00: try to load object 730
DEBUG   | 0x6000005d0e00: try to load object 731
DEBUG   | 0x6000005d0e00: try to load object 733
DEBUG   | 0x6000005d0e00: try to load object 734
DEBUG   | 0x6000005d0e00: try to load object 735
DEBUG   | 0x6000005d0e00: try to load object 749
DEBUG   | 0x6000005d0e00: try to load object 750
DEBUG   | 0x6000005d0e00: try to load object 751
DEBUG   | 0x6000005d0e00: try to load object 752
DEBUG   | 0x6000005d0e00: try to load object 753
DEBUG   | 0x6000005d0e00: try to load object 754
DEBUG   | 0x6000005d0e00: try to load object 755
DEBUG   | 0x6000005d0e00: try to load object 756
DEBUG   | 0x6000005d0e00: try to load object 757
DEBUG   | 0x6000005d0e00: try to load object 758
DEBUG   | 0x6000005d0e00: try to load object 759
DEBUG   | 0x6000005d0e00: try to load object 760
DEBUG   | 0x6000005d0e00: try to load object 761
DEBUG   | 0x6000005d0e00: try to load object 765
DEBUG   | 0x6000005d0e00: try to load object 766
DEBUG   | 0x6000005d0e00: try to load object 769
DEBUG   | 0x6000005d0e00: try to load object 770
DEBUG   | 0x6000005d0e00: try to load object 771
DEBUG   | 0x6000005d0e00: try to load object 772
DEBUG   | 0x6000005d0e00: try to load object 773
DEBUG   | 0x6000005d0e00: try to load object 774
DEBUG   | 0x6000005d0e00: try to load object 775
DEBUG   | 0x6000005d0e00: try to load object 776
DEBUG   | 0x6000005d0e00: try to load object 777
DEBUG   | 0x6000005d0e00: try to load object 778
DEBUG   | 0x6000005d0e00: try to load object 779
DEBUG   | 0x6000005d0e00: try to load object 781
DEBUG   | 0x6000005d0e00: try to load object 782
DEBUG   | 0x6000005d0e00: try to load object 783
DEBUG   | 0x6000005d0e00: try to load object 784
DEBUG   | 0x6000005d0e00: try to load object 785
DEBUG   | 0x6000005d0e00: try to load object 786
DEBUG   | 0x6000005d0e00: try to load object 787
DEBUG   | 0x6000005d0e00: try to load object 788
DEBUG   | 0x6000005d0e00: try to load object 789
DEBUG   | 0x6000005d0e00: try to load object 790
DEBUG   | 0x6000005d0e00: try to load object 791
DEBUG   | 0x6000005d0e00: try to load object 792
DEBUG   | 0x6000005d0e00: try to load object 602
DEBUG   | 0x6000005d0e00: try to load object 799
DEBUG   | 0x6000005d0e00: try to load object 603
DEBUG   | 0x6000005d0e00: try to load object 800
DEBUG   | 0x6000005d0e00: try to load object 604
DEBUG   | 0x6000005d0e00: try to load object 801
DEBUG   | 0x6000005d0e00: try to load object 605
DEBUG   | 0x6000005d0e00: try to load object 802
DEBUG   | 0x6000005d0e00: try to load object 803
DEBUG   | 0x6000005d0e00: try to load object 804
DEBUG   | 0x6000005d0e00: try to load object 805
DEBUG   | 0x6000005d0e00: try to load object 806
DEBUG   | 0x6000005d0e00: try to load object 807
DEBUG   | 0x6000005d0e00: try to load object 811
DEBUG   | 0x6000005d0e00: try to load object 814
DEBUG   | 0x6000005d0e00: try to load object 815
DEBUG   | 0x6000005d0e00: try to load object 816
DEBUG   | 0x6000005d0e00: try to load object 817
DEBUG   | 0x6000005d0e00: try to load object 818
DEBUG   | 0x6000005d0e00: try to load object 819
DEBUG   | 0x6000005d0e00: try to load object 820
DEBUG   | 0x6000005d0e00: try to load object 821
DEBUG   | 0x6000005d0e00: try to load object 823
DEBUG   | 0x6000005d0e00: try to load object 824
DEBUG   | 0x6000005d0e00: try to load object 234
DEBUG   | 0x6000005d0e00: try to load object 825
DEBUG   | 0x6000005d0e00: try to load object 826
DEBUG   | 0x6000005d0e00: try to load object 827
DEBUG   | 0x6000005d0e00: try to load object 237
DEBUG   | 0x6000005d0e00: try to load object 828
DEBUG   | 0x6000005d0e00: try to load object 829
DEBUG   | 0x6000005d0e00: try to load object 830
DEBUG   | 0x6000005d0e00: try to load object 832
DEBUG   | 0x6000005d0e00: try to load object 736
DEBUG   | 0x6000005d0e00: try to load object 833
DEBUG   | 0x6000005d0e00: try to load object 737
DEBUG   | 0x6000005d0e00: try to load object 834
DEBUG   | 0x6000005d0e00: try to load object 835
DEBUG   | 0x6000005d0e00: try to load object 739
DEBUG   | 0x6000005d0e00: try to load object 836
DEBUG   | 0x6000005d0e00: try to load object 740
DEBUG   | 0x6000005d0e00: try to load object 246
DEBUG   | 0x6000005d0e00: try to load object 837
DEBUG   | 0x6000005d0e00: try to load object 741
DEBUG   | 0x6000005d0e00: try to load object 247
DEBUG   | 0x6000005d0e00: try to load object 838
DEBUG   | 0x6000005d0e00: try to load object 742
DEBUG   | 0x6000005d0e00: try to load object 839
DEBUG   | 0x6000005d0e00: try to load object 793
DEBUG   | 0x6000005d0e00: try to load object 743
DEBUG   | 0x6000005d0e00: try to load object 840
DEBUG   | 0x6000005d0e00: try to load object 794
DEBUG   | 0x6000005d0e00: try to load object 744
DEBUG   | 0x6000005d0e00: try to load object 841
DEBUG   | 0x6000005d0e00: try to load object 795
DEBUG   | 0x6000005d0e00: try to load object 745
DEBUG   | 0x6000005d0e00: try to load object 842
DEBUG   | 0x6000005d0e00: try to load object 205
DEBUG   | 0x6000005d0e00: try to load object 796
DEBUG   | 0x6000005d0e00: try to load object 746
DEBUG   | 0x6000005d0e00: try to load object 252
DEBUG   | 0x6000005d0e00: try to load object 843
DEBUG   | 0x6000005d0e00: try to load object 206
DEBUG   | 0x6000005d0e00: try to load object 797
DEBUG   | 0x6000005d0e00: try to load object 747
DEBUG   | 0x6000005d0e00: try to load object 253
DEBUG   | 0x6000005d0e00: try to load object 844
DEBUG   | 0x6000005d0e00: try to load object 822
DEBUG   | 0x6000005d0e00: try to load object 798
DEBUG   | 0x6000005d0e00: try to load object 748
DEBUG   | 0x6000005d0e00: try to load object 845
DEBUG   | ShareGroup::ShareGroup: 0x6000006feb20: start restore namespace for type 0

DEBUG   | ShareGroup::ShareGroup: 0x6000006feb20: finish restore namespace for type 0

DEBUG   | ShareGroup::ShareGroup: 0x6000006feb20: start restore namespace for type 1

DEBUG   | 0x6000005e6e00: try to load object 1
DEBUG   | 0x6000005e6e00: try to load object 2
DEBUG   | 0x6000005e6e00: try to load object 3
DEBUG   | 0x6000005e6e00: try to load object 4
DEBUG   | 0x6000005e6e00: try to load object 5
DEBUG   | 0x6000005e6e00: try to load object 6
DEBUG   | 0x6000005e6e00: try to load object 7
DEBUG   | ShareGroup::ShareGroup: 0x6000006feb20: finish restore namespace for type 1

DEBUG   | ShareGroup::ShareGroup: 0x6000006feb20: start restore namespace for type 2

DEBUG   | 0x6000005e5300: try to load object 4294967296
DEBUG   | 0x6000005e5300: try to load object 324
DEBUG   | 0x6000005e5300: try to load object 4
DEBUG   | 0x6000005e5300: try to load object 51
DEBUG   | 0x6000005e5300: try to load object 4294967297
DEBUG   | 0x6000005e5300: try to load object 325
DEBUG   | 0x6000005e5300: try to load object 5
DEBUG   | 0x6000005e5300: try to load object 52
DEBUG   | 0x6000005e5300: try to load object 3
DEBUG   | 0x6000005e5300: try to load object 50
DEBUG   | 0x6000005e5300: try to load object 6
DEBUG   | 0x6000005e5300: try to load object 53
DEBUG   | 0x6000005e5300: try to load object 7
DEBUG   | 0x6000005e5300: try to load object 30
DEBUG   | 0x6000005e5300: try to load object 11
DEBUG   | 0x6000005e5300: try to load object 21
DEBUG   | 0x6000005e5300: try to load object 31
DEBUG   | 0x6000005e5300: try to load object 22
DEBUG   | 0x6000005e5300: try to load object 321
DEBUG   | 0x6000005e5300: try to load object 45
DEBUG   | 0x6000005e5300: try to load object 24
DEBUG   | 0x6000005e5300: try to load object 41
DEBUG   | 0x6000005e5300: try to load object 323
DEBUG   | 0x6000005e5300: try to load object 48
DEBUG   | 0x6000005e5300: try to load object 85
DEBUG   | 0x6000005e5300: try to load object 49
DEBUG   | 0x6000005e5300: try to load object 10
DEBUG   | 0x6000005e5300: try to load object 33
DEBUG   | 0x6000005e5300: try to load object 20
DEBUG   | 0x6000005e5300: try to load object 319
DEBUG   | 0x6000005e5300: try to load object 35
DEBUG   | 0x6000005e5300: try to load object 23
DEBUG   | 0x6000005e5300: try to load object 322
DEBUG   | ShareGroup::ShareGroup: 0x6000006feb20: finish restore namespace for type 2

DEBUG   | ShareGroup::ShareGroup: 0x6000006feb20: start restore namespace for type 3

DEBUG   | 0x6000005e7400: try to load object 1
DEBUG   | 0x6000005e7400: try to load object 3
DEBUG   | ShareGroup::ShareGroup: 0x6000006feb20: finish restore namespace for type 3

DEBUG   | ShareGroup::ShareGroup: 0x6000006feb20: start restore namespace for type 4

DEBUG   | ShareGroup::ShareGroup: 0x6000006feb20: finish restore namespace for type 4

DEBUG   | ShareGroup::ShareGroup: 0x6000006feb20: start restore namespace for type 5

DEBUG   | 0x6000005e7700: try to load object 1
DEBUG   | 0x6000005e7700: try to load object 2
DEBUG   | 0x6000005e7700: try to load object 3
DEBUG   | 0x6000005e7700: try to load object 4
DEBUG   | 0x6000005e7700: try to load object 5
DEBUG   | 0x6000005e7700: try to load object 6
DEBUG   | 0x6000005e7700: try to load object 7
DEBUG   | 0x6000005e7700: try to load object 8
DEBUG   | 0x6000005e7700: try to load object 9
DEBUG   | 0x6000005e7700: try to load object 10
DEBUG   | 0x6000005e7700: try to load object 11
DEBUG   | 0x6000005e7700: try to load object 12
DEBUG   | 0x6000005e7700: try to load object 13
DEBUG   | 0x6000005e7700: try to load object 14
DEBUG   | 0x6000005e7700: try to load object 15
DEBUG   | 0x6000005e7700: try to load object 16
DEBUG   | 0x6000005e7700: try to load object 17
DEBUG   | 0x6000005e7700: try to load object 18
DEBUG   | 0x6000005e7700: try to load object 19
DEBUG   | 0x6000005e7700: try to load object 20
DEBUG   | 0x6000005e7700: try to load object 21
DEBUG   | 0x6000005e7700: try to load object 22
DEBUG   | 0x6000005e7700: try to load object 23
DEBUG   | 0x6000005e7700: try to load object 24
DEBUG   | 0x6000005e7700: try to load object 25
DEBUG   | 0x6000005e7700: try to load object 26
DEBUG   | 0x6000005e7700: try to load object 27
DEBUG   | 0x6000005e7700: try to load object 28
DEBUG   | 0x6000005e7700: try to load object 29
DEBUG   | 0x6000005e7700: try to load object 30
DEBUG   | 0x6000005e7700: try to load object 31
DEBUG   | 0x6000005e7700: try to load object 32
DEBUG   | 0x6000005e7700: try to load object 33
DEBUG   | 0x6000005e7700: try to load object 34
DEBUG   | 0x6000005e7700: try to load object 35
DEBUG   | 0x6000005e7700: try to load object 36
DEBUG   | 0x6000005e7700: try to load object 37
DEBUG   | 0x6000005e7700: try to load object 38
DEBUG   | 0x6000005e7700: try to load object 39
DEBUG   | 0x6000005e7700: try to load object 40
DEBUG   | 0x6000005e7700: try to load object 41
DEBUG   | 0x6000005e7700: try to load object 42
DEBUG   | 0x6000005e7700: try to load object 43
DEBUG   | 0x6000005e7700: try to load object 44
DEBUG   | 0x6000005e7700: try to load object 45
DEBUG   | 0x6000005e7700: try to load object 46
DEBUG   | 0x6000005e7700: try to load object 47
DEBUG   | 0x6000005e7700: try to load object 48
DEBUG   | 0x6000005e7700: try to load object 49
DEBUG   | 0x6000005e7700: try to load object 50
DEBUG   | 0x6000005e7700: try to load object 51
DEBUG   | 0x6000005e7700: try to load object 52
DEBUG   | 0x6000005e7700: try to load object 53
DEBUG   | 0x6000005e7700: try to load object 54
DEBUG   | 0x6000005e7700: try to load object 55
DEBUG   | 0x6000005e7700: try to load object 56
DEBUG   | 0x6000005e7700: try to load object 57
DEBUG   | 0x6000005e7700: try to load object 58
DEBUG   | 0x6000005e7700: try to load object 59
DEBUG   | 0x6000005e7700: try to load object 60
DEBUG   | 0x6000005e7700: try to load object 61
DEBUG   | 0x6000005e7700: try to load object 62
DEBUG   | 0x6000005e7700: try to load object 63
DEBUG   | 0x6000005e7700: try to load object 64
DEBUG   | 0x6000005e7700: try to load object 65
DEBUG   | 0x6000005e7700: try to load object 66
DEBUG   | 0x6000005e7700: try to load object 67
DEBUG   | 0x6000005e7700: try to load object 68
DEBUG   | 0x6000005e7700: try to load object 69
DEBUG   | 0x6000005e7700: try to load object 70
DEBUG   | 0x6000005e7700: try to load object 71
DEBUG   | 0x6000005e7700: try to load object 72
DEBUG   | 0x6000005e7700: try to load object 73
DEBUG   | 0x6000005e7700: try to load object 74
DEBUG   | 0x6000005e7700: try to load object 75
DEBUG   | 0x6000005e7700: try to load object 76
DEBUG   | 0x6000005e7700: try to load object 77
DEBUG   | 0x6000005e7700: try to load object 78
DEBUG   | 0x6000005e7700: try to load object 79
DEBUG   | 0x6000005e7700: try to load object 80
DEBUG   | 0x6000005e7700: try to load object 81
DEBUG   | 0x6000005e7700: try to load object 82
DEBUG   | 0x6000005e7700: try to load object 83
DEBUG   | 0x6000005e7700: try to load object 84
DEBUG   | 0x6000005e7700: try to load object 85
DEBUG   | 0x6000005e7700: try to load object 86
DEBUG   | 0x6000005e7700: try to load object 87
DEBUG   | 0x6000005e7700: try to load object 88
DEBUG   | 0x6000005e7700: try to load object 89
DEBUG   | 0x6000005e7700: try to load object 90
DEBUG   | 0x6000005e7700: try to load object 91
DEBUG   | 0x6000005e7700: try to load object 92
DEBUG   | 0x6000005e7700: try to load object 93
DEBUG   | 0x6000005e7700: try to load object 94
DEBUG   | 0x6000005e7700: try to load object 95
DEBUG   | 0x6000005e7700: try to load object 96
DEBUG   | 0x6000005e7700: try to load object 97
DEBUG   | 0x6000005e7700: try to load object 98
DEBUG   | 0x6000005e7700: try to load object 99
DEBUG   | 0x6000005e7700: try to load object 100
DEBUG   | 0x6000005e7700: try to load object 101
DEBUG   | 0x6000005e7700: try to load object 102
DEBUG   | 0x6000005e7700: try to load object 103
DEBUG   | 0x6000005e7700: try to load object 104
DEBUG   | 0x6000005e7700: try to load object 105
DEBUG   | 0x6000005e7700: try to load object 106
DEBUG   | 0x6000005e7700: try to load object 107
DEBUG   | 0x6000005e7700: try to load object 108
DEBUG   | 0x6000005e7700: try to load object 109
DEBUG   | 0x6000005e7700: try to load object 110
DEBUG   | 0x6000005e7700: try to load object 111
DEBUG   | 0x6000005e7700: try to load object 112
DEBUG   | 0x6000005e7700: try to load object 113
DEBUG   | 0x6000005e7700: try to load object 114
DEBUG   | 0x6000005e7700: try to load object 115
DEBUG   | 0x6000005e7700: try to load object 116
DEBUG   | 0x6000005e7700: try to load object 117
DEBUG   | 0x6000005e7700: try to load object 118
DEBUG   | 0x6000005e7700: try to load object 119
DEBUG   | 0x6000005e7700: try to load object 120
DEBUG   | 0x6000005e7700: try to load object 121
DEBUG   | 0x6000005e7700: try to load object 122
DEBUG   | 0x6000005e7700: try to load object 123
DEBUG   | 0x6000005e7700: try to load object 124
DEBUG   | 0x6000005e7700: try to load object 125
DEBUG   | 0x6000005e7700: try to load object 126
DEBUG   | 0x6000005e7700: try to load object 127
DEBUG   | 0x6000005e7700: try to load object 128
DEBUG   | 0x6000005e7700: try to load object 129
DEBUG   | 0x6000005e7700: try to load object 130
DEBUG   | 0x6000005e7700: try to load object 131
DEBUG   | 0x6000005e7700: try to load object 132
DEBUG   | 0x6000005e7700: try to load object 133
DEBUG   | 0x6000005e7700: try to load object 134
DEBUG   | 0x6000005e7700: try to load object 135
DEBUG   | 0x6000005e7700: try to load object 136
DEBUG   | 0x6000005e7700: try to load object 137
DEBUG   | 0x6000005e7700: try to load object 138
DEBUG   | 0x6000005e7700: try to load object 139
DEBUG   | 0x6000005e7700: try to load object 140
DEBUG   | 0x6000005e7700: try to load object 141
DEBUG   | 0x6000005e7700: try to load object 142
DEBUG   | 0x6000005e7700: try to load object 143
DEBUG   | 0x6000005e7700: try to load object 144
DEBUG   | 0x6000005e7700: try to load object 145
DEBUG   | 0x6000005e7700: try to load object 146
DEBUG   | 0x6000005e7700: try to load object 147
DEBUG   | 0x6000005e7700: try to load object 148
DEBUG   | 0x6000005e7700: try to load object 149
DEBUG   | 0x6000005e7700: try to load object 150
DEBUG   | 0x6000005e7700: try to load object 151
DEBUG   | 0x6000005e7700: try to load object 152
DEBUG   | 0x6000005e7700: try to load object 153
DEBUG   | 0x6000005e7700: try to load object 154
DEBUG   | 0x6000005e7700: try to load object 155
DEBUG   | 0x6000005e7700: try to load object 156
DEBUG   | 0x6000005e7700: try to load object 157
DEBUG   | 0x6000005e7700: try to load object 158
DEBUG   | 0x6000005e7700: try to load object 159
DEBUG   | 0x6000005e7700: try to load object 160
DEBUG   | 0x6000005e7700: try to load object 161
DEBUG   | 0x6000005e7700: try to load object 162
DEBUG   | 0x6000005e7700: try to load object 163
DEBUG   | 0x6000005e7700: try to load object 164
DEBUG   | 0x6000005e7700: try to load object 165
DEBUG   | 0x6000005e7700: try to load object 166
DEBUG   | 0x6000005e7700: try to load object 167
DEBUG   | 0x6000005e7700: try to load object 168
DEBUG   | 0x6000005e7700: try to load object 169
DEBUG   | 0x6000005e7700: try to load object 170
DEBUG   | 0x6000005e7700: try to load object 171
DEBUG   | 0x6000005e7700: try to load object 172
DEBUG   | 0x6000005e7700: try to load object 173
DEBUG   | 0x6000005e7700: try to load object 174
DEBUG   | 0x6000005e7700: try to load object 175
DEBUG   | 0x6000005e7700: try to load object 176
DEBUG   | 0x6000005e7700: try to load object 177
DEBUG   | 0x6000005e7700: try to load object 178
DEBUG   | 0x6000005e7700: try to load object 179
DEBUG   | 0x6000005e7700: try to load object 180
DEBUG   | 0x6000005e7700: try to load object 181
DEBUG   | 0x6000005e7700: try to load object 182
DEBUG   | 0x6000005e7700: try to load object 183
DEBUG   | 0x6000005e7700: try to load object 184
DEBUG   | 0x6000005e7700: try to load object 185
DEBUG   | 0x6000005e7700: try to load object 186
DEBUG   | 0x6000005e7700: try to load object 187
DEBUG   | 0x6000005e7700: try to load object 188
DEBUG   | 0x6000005e7700: try to load object 189
DEBUG   | 0x6000005e7700: try to load object 190
DEBUG   | 0x6000005e7700: try to load object 191
DEBUG   | 0x6000005e7700: try to load object 192
DEBUG   | 0x6000005e7700: try to load object 193
DEBUG   | 0x6000005e7700: try to load object 194
DEBUG   | 0x6000005e7700: try to load object 195
DEBUG   | 0x6000005e7700: try to load object 196
DEBUG   | 0x6000005e7700: try to load object 197
DEBUG   | 0x6000005e7700: try to load object 198
DEBUG   | 0x6000005e7700: try to load object 199
DEBUG   | 0x6000005e7700: try to load object 200
DEBUG   | 0x6000005e7700: try to load object 201
DEBUG   | 0x6000005e7700: try to load object 202
DEBUG   | 0x6000005e7700: try to load object 203
DEBUG   | 0x6000005e7700: try to load object 204
DEBUG   | 0x6000005e7700: try to load object 205
DEBUG   | 0x6000005e7700: try to load object 206
DEBUG   | 0x6000005e7700: try to load object 207
DEBUG   | 0x6000005e7700: try to load object 208
DEBUG   | 0x6000005e7700: try to load object 209
DEBUG   | 0x6000005e7700: try to load object 210
DEBUG   | 0x6000005e7700: try to load object 211
DEBUG   | 0x6000005e7700: try to load object 212
DEBUG   | 0x6000005e7700: try to load object 213
DEBUG   | 0x6000005e7700: try to load object 214
DEBUG   | 0x6000005e7700: try to load object 215
DEBUG   | 0x6000005e7700: try to load object 216
DEBUG   | 0x6000005e7700: try to load object 217
DEBUG   | 0x6000005e7700: try to load object 218
DEBUG   | 0x6000005e7700: try to load object 219
DEBUG   | 0x6000005e7700: try to load object 220
DEBUG   | 0x6000005e7700: try to load object 221
DEBUG   | 0x6000005e7700: try to load object 222
DEBUG   | 0x6000005e7700: try to load object 223
DEBUG   | 0x6000005e7700: try to load object 224
DEBUG   | 0x6000005e7700: try to load object 225
DEBUG   | 0x6000005e7700: try to load object 226
DEBUG   | 0x6000005e7700: try to load object 227
DEBUG   | 0x6000005e7700: try to load object 228
DEBUG   | 0x6000005e7700: try to load object 229
DEBUG   | 0x6000005e7700: try to load object 230
DEBUG   | 0x6000005e7700: try to load object 231
DEBUG   | 0x6000005e7700: try to load object 232
DEBUG   | 0x6000005e7700: try to load object 233
DEBUG   | 0x6000005e7700: try to load object 234
DEBUG   | 0x6000005e7700: try to load object 235
DEBUG   | 0x6000005e7700: try to load object 236
DEBUG   | 0x6000005e7700: try to load object 237
DEBUG   | 0x6000005e7700: try to load object 238
DEBUG   | 0x6000005e7700: try to load object 239
DEBUG   | 0x6000005e7700: try to load object 240
DEBUG   | 0x6000005e7700: try to load object 241
DEBUG   | 0x6000005e7700: try to load object 242
DEBUG   | 0x6000005e7700: try to load object 243
DEBUG   | 0x6000005e7700: try to load object 244
DEBUG   | 0x6000005e7700: try to load object 245
DEBUG   | 0x6000005e7700: try to load object 246
DEBUG   | 0x6000005e7700: try to load object 247
DEBUG   | 0x6000005e7700: try to load object 248
DEBUG   | 0x6000005e7700: try to load object 249
DEBUG   | 0x6000005e7700: try to load object 250
DEBUG   | 0x6000005e7700: try to load object 251
DEBUG   | 0x6000005e7700: try to load object 252
DEBUG   | 0x6000005e7700: try to load object 253
DEBUG   | 0x6000005e7700: try to load object 254
DEBUG   | 0x6000005e7700: try to load object 255
DEBUG   | 0x6000005e7700: try to load object 256
DEBUG   | 0x6000005e7700: try to load object 257
DEBUG   | 0x6000005e7700: try to load object 258
DEBUG   | 0x6000005e7700: try to load object 259
DEBUG   | 0x6000005e7700: try to load object 260
DEBUG   | 0x6000005e7700: try to load object 261
DEBUG   | 0x6000005e7700: try to load object 262
DEBUG   | 0x6000005e7700: try to load object 263
DEBUG   | 0x6000005e7700: try to load object 264
DEBUG   | 0x6000005e7700: try to load object 265
DEBUG   | 0x6000005e7700: try to load object 266
DEBUG   | 0x6000005e7700: try to load object 267
DEBUG   | 0x6000005e7700: try to load object 268
DEBUG   | 0x6000005e7700: try to load object 269
DEBUG   | 0x6000005e7700: try to load object 270
DEBUG   | 0x6000005e7700: try to load object 271
DEBUG   | 0x6000005e7700: try to load object 272
DEBUG   | 0x6000005e7700: try to load object 273
DEBUG   | 0x6000005e7700: try to load object 274
DEBUG   | 0x6000005e7700: try to load object 275
DEBUG   | 0x6000005e7700: try to load object 276
DEBUG   | 0x6000005e7700: try to load object 277
DEBUG   | 0x6000005e7700: try to load object 278
DEBUG   | 0x6000005e7700: try to load object 279
DEBUG   | 0x6000005e7700: try to load object 280
DEBUG   | 0x6000005e7700: try to load object 281
DEBUG   | 0x6000005e7700: try to load object 282
DEBUG   | 0x6000005e7700: try to load object 283
DEBUG   | 0x6000005e7700: try to load object 284
DEBUG   | 0x6000005e7700: try to load object 285
DEBUG   | 0x6000005e7700: try to load object 286
DEBUG   | 0x6000005e7700: try to load object 287
DEBUG   | 0x6000005e7700: try to load object 288
DEBUG   | 0x6000005e7700: try to load object 289
DEBUG   | 0x6000005e7700: try to load object 290
DEBUG   | 0x6000005e7700: try to load object 291
DEBUG   | 0x6000005e7700: try to load object 292
DEBUG   | 0x6000005e7700: try to load object 293
DEBUG   | 0x6000005e7700: try to load object 294
DEBUG   | 0x6000005e7700: try to load object 295
DEBUG   | 0x6000005e7700: try to load object 296
DEBUG   | 0x6000005e7700: try to load object 297
DEBUG   | 0x6000005e7700: try to load object 298
DEBUG   | 0x6000005e7700: try to load object 299
DEBUG   | 0x6000005e7700: try to load object 300
DEBUG   | 0x6000005e7700: try to load object 301
DEBUG   | 0x6000005e7700: try to load object 302
DEBUG   | 0x6000005e7700: try to load object 303
DEBUG   | 0x6000005e7700: try to load object 304
DEBUG   | 0x6000005e7700: try to load object 305
DEBUG   | 0x6000005e7700: try to load object 306
DEBUG   | 0x6000005e7700: try to load object 307
DEBUG   | 0x6000005e7700: try to load object 308
DEBUG   | 0x6000005e7700: try to load object 309
DEBUG   | 0x6000005e7700: try to load object 310
DEBUG   | 0x6000005e7700: try to load object 311
DEBUG   | 0x6000005e7700: try to load object 312
DEBUG   | 0x6000005e7700: try to load object 313
DEBUG   | 0x6000005e7700: try to load object 314
DEBUG   | 0x6000005e7700: try to load object 315
DEBUG   | 0x6000005e7700: try to load object 316
DEBUG   | 0x6000005e7700: try to load object 317
DEBUG   | 0x6000005e7700: try to load object 318
DEBUG   | 0x6000005e7700: try to load object 319
DEBUG   | 0x6000005e7700: try to load object 320
DEBUG   | 0x6000005e7700: try to load object 321
DEBUG   | 0x6000005e7700: try to load object 322
DEBUG   | 0x6000005e7700: try to load object 323
DEBUG   | 0x6000005e7700: try to load object 324
DEBUG   | 0x6000005e7700: try to load object 325
DEBUG   | 0x6000005e7700: try to load object 326
DEBUG   | 0x6000005e7700: try to load object 327
DEBUG   | 0x6000005e7700: try to load object 328
DEBUG   | 0x6000005e7700: try to load object 329
DEBUG   | 0x6000005e7700: try to load object 330
DEBUG   | 0x6000005e7700: try to load object 331
DEBUG   | 0x6000005e7700: try to load object 332
DEBUG   | 0x6000005e7700: try to load object 333
DEBUG   | 0x6000005e7700: try to load object 334
DEBUG   | 0x6000005e7700: try to load object 335
DEBUG   | 0x6000005e7700: try to load object 336
DEBUG   | 0x6000005e7700: try to load object 337
DEBUG   | 0x6000005e7700: try to load object 338
DEBUG   | 0x6000005e7700: try to load object 339
DEBUG   | 0x6000005e7700: try to load object 340
DEBUG   | 0x6000005e7700: try to load object 341
DEBUG   | 0x6000005e7700: try to load object 342
DEBUG   | 0x6000005e7700: try to load object 343
DEBUG   | 0x6000005e7700: try to load object 344
DEBUG   | 0x6000005e7700: try to load object 345
DEBUG   | 0x6000005e7700: try to load object 346
DEBUG   | 0x6000005e7700: try to load object 347
DEBUG   | 0x6000005e7700: try to load object 348
DEBUG   | 0x6000005e7700: try to load object 349
DEBUG   | 0x6000005e7700: try to load object 350
DEBUG   | 0x6000005e7700: try to load object 351
DEBUG   | 0x6000005e7700: try to load object 352
DEBUG   | 0x6000005e7700: try to load object 353
DEBUG   | 0x6000005e7700: try to load object 354
DEBUG   | 0x6000005e7700: try to load object 355
DEBUG   | 0x6000005e7700: try to load object 356
DEBUG   | 0x6000005e7700: try to load object 357
DEBUG   | 0x6000005e7700: try to load object 358
DEBUG   | 0x6000005e7700: try to load object 359
DEBUG   | 0x6000005e7700: try to load object 360
DEBUG   | 0x6000005e7700: try to load object 361
DEBUG   | 0x6000005e7700: try to load object 362
DEBUG   | 0x6000005e7700: try to load object 363
DEBUG   | 0x6000005e7700: try to load object 364
DEBUG   | 0x6000005e7700: try to load object 365
DEBUG   | 0x6000005e7700: try to load object 366
DEBUG   | 0x6000005e7700: try to load object 367
DEBUG   | 0x6000005e7700: try to load object 368
DEBUG   | 0x6000005e7700: try to load object 369
DEBUG   | 0x6000005e7700: try to load object 370
DEBUG   | 0x6000005e7700: try to load object 371
DEBUG   | 0x6000005e7700: try to load object 372
DEBUG   | 0x6000005e7700: try to load object 373
DEBUG   | 0x6000005e7700: try to load object 374
DEBUG   | 0x6000005e7700: try to load object 375
DEBUG   | 0x6000005e7700: try to load object 376
DEBUG   | 0x6000005e7700: try to load object 377
DEBUG   | 0x6000005e7700: try to load object 378
DEBUG   | 0x6000005e7700: try to load object 379
DEBUG   | 0x6000005e7700: try to load object 380
DEBUG   | 0x6000005e7700: try to load object 381
DEBUG   | 0x6000005e7700: try to load object 382
DEBUG   | 0x6000005e7700: try to load object 383
DEBUG   | 0x6000005e7700: try to load object 384
DEBUG   | 0x6000005e7700: try to load object 385
DEBUG   | 0x6000005e7700: try to load object 386
DEBUG   | 0x6000005e7700: try to load object 387
DEBUG   | 0x6000005e7700: try to load object 388
DEBUG   | 0x6000005e7700: try to load object 389
DEBUG   | 0x6000005e7700: try to load object 390
DEBUG   | 0x6000005e7700: try to load object 391
DEBUG   | 0x6000005e7700: try to load object 392
DEBUG   | 0x6000005e7700: try to load object 393
DEBUG   | 0x6000005e7700: try to load object 394
DEBUG   | 0x6000005e7700: try to load object 395
DEBUG   | 0x6000005e7700: try to load object 396
DEBUG   | 0x6000005e7700: try to load object 397
DEBUG   | 0x6000005e7700: try to load object 398
DEBUG   | 0x6000005e7700: try to load object 399
DEBUG   | 0x6000005e7700: try to load object 400
DEBUG   | 0x6000005e7700: try to load object 401
DEBUG   | 0x6000005e7700: try to load object 402
DEBUG   | ShareGroup::ShareGroup: 0x6000006feb20: finish restore namespace for type 5

DEBUG   | ShareGroup::ShareGroup: 0x6000006feb20: start restore namespace for type 6

DEBUG   | 0x6000005e6000: try to load object 1
DEBUG   | 0x6000005e6000: try to load object 2
DEBUG   | 0x6000005e6000: try to load object 3
DEBUG   | ShareGroup::ShareGroup: 0x6000006feb20: finish restore namespace for type 6

DEBUG   | ShareGroup::ShareGroup: 0x6000006feb20: start restore namespace for type 7

DEBUG   | ShareGroup::ShareGroup: 0x6000006feb20: finish restore namespace for type 7

DEBUG   | ShareGroup::ShareGroup: 0x6000006feb20: start restore namespace for type 8

DEBUG   | ShareGroup::ShareGroup: 0x6000006feb20: finish restore namespace for type 8

DEBUG   | ShareGroup::ShareGroup: 0x6000006feb20: start restore namespace for type 9

DEBUG   | ShareGroup::ShareGroup: 0x6000006feb20: finish restore namespace for type 9

DEBUG   | 0x6000005e5100: try to load object 8
DEBUG   | 0x6000005e5100: try to load object 41
DEBUG   | 0x6000005e5100: try to load object 6
DEBUG   | 0x6000005e5100: try to load object 7
DEBUG   | 0x6000005e5100: try to load object 24
DEBUG   | 0x6000005e5100: try to load object 35
DEBUG   | 0x6000005e5100: try to load object 25
DEBUG   | 0x6000005e5100: try to load object 33
DEBUG   | 0x6000005e5100: try to load object 34
DEBUG   | 0x6000005e5100: try to load object 32
DEBUG   | 0x6000005e5100: try to load object 37
DEBUG   | ShareGroup::ShareGroup: 0x6000006feee0: start restore namespace for type 0

DEBUG   | ShareGroup::ShareGroup: 0x6000006feee0: finish restore namespace for type 0

DEBUG   | ShareGroup::ShareGroup: 0x6000006feee0: start restore namespace for type 1

DEBUG   | ShareGroup::ShareGroup: 0x6000006feee0: finish restore namespace for type 1

DEBUG   | ShareGroup::ShareGroup: 0x6000006feee0: start restore namespace for type 2

DEBUG   | 0x6000005f2e00: try to load object 4294967296
DEBUG   | 0x6000005f2e00: try to load object 4294967297
DEBUG   | ShareGroup::ShareGroup: 0x6000006feee0: finish restore namespace for type 2

DEBUG   | ShareGroup::ShareGroup: 0x6000006feee0: start restore namespace for type 3

DEBUG   | ShareGroup::ShareGroup: 0x6000006feee0: finish restore namespace for type 3

DEBUG   | ShareGroup::ShareGroup: 0x6000006feee0: start restore namespace for type 4

DEBUG   | ShareGroup::ShareGroup: 0x6000006feee0: finish restore namespace for type 4

DEBUG   | ShareGroup::ShareGroup: 0x6000006feee0: start restore namespace for type 5

DEBUG   | ShareGroup::ShareGroup: 0x6000006feee0: finish restore namespace for type 5

DEBUG   | ShareGroup::ShareGroup: 0x6000006feee0: start restore namespace for type 6

DEBUG   | ShareGroup::ShareGroup: 0x6000006feee0: finish restore namespace for type 6

DEBUG   | ShareGroup::ShareGroup: 0x6000006feee0: start restore namespace for type 7

DEBUG   | ShareGroup::ShareGroup: 0x6000006feee0: finish restore namespace for type 7

DEBUG   | ShareGroup::ShareGroup: 0x6000006feee0: start restore namespace for type 8

DEBUG   | ShareGroup::ShareGroup: 0x6000006feee0: finish restore namespace for type 8

DEBUG   | ShareGroup::ShareGroup: 0x6000006feee0: start restore namespace for type 9

DEBUG   | ShareGroup::ShareGroup: 0x6000006feee0: finish restore namespace for type 9

DEBUG   | ShareGroup::ShareGroup: 0x6000006fefd0: start restore namespace for type 0

DEBUG   | ShareGroup::ShareGroup: 0x6000006fefd0: finish restore namespace for type 0

DEBUG   | ShareGroup::ShareGroup: 0x6000006fefd0: start restore namespace for type 1

DEBUG   | ShareGroup::ShareGroup: 0x6000006fefd0: finish restore namespace for type 1

DEBUG   | ShareGroup::ShareGroup: 0x6000006fefd0: start restore namespace for type 2

DEBUG   | 0x6000005f6500: try to load object 4294967296
DEBUG   | 0x6000005f6500: try to load object 4294967297
DEBUG   | ShareGroup::ShareGroup: 0x6000006fefd0: finish restore namespace for type 2

DEBUG   | ShareGroup::ShareGroup: 0x6000006fefd0: start restore namespace for type 3

DEBUG   | ShareGroup::ShareGroup: 0x6000006fefd0: finish restore namespace for type 3

DEBUG   | ShareGroup::ShareGroup: 0x6000006fefd0: start restore namespace for type 4

DEBUG   | ShareGroup::ShareGroup: 0x6000006fefd0: finish restore namespace for type 4

DEBUG   | ShareGroup::ShareGroup: 0x6000006fefd0: start restore namespace for type 5

DEBUG   | ShareGroup::ShareGroup: 0x6000006fefd0: finish restore namespace for type 5

DEBUG   | ShareGroup::ShareGroup: 0x6000006fefd0: start restore namespace for type 6

DEBUG   | ShareGroup::ShareGroup: 0x6000006fefd0: finish restore namespace for type 6

DEBUG   | ShareGroup::ShareGroup: 0x6000006fefd0: start restore namespace for type 7

DEBUG   | ShareGroup::ShareGroup: 0x6000006fefd0: finish restore namespace for type 7

DEBUG   | ShareGroup::ShareGroup: 0x6000006fefd0: start restore namespace for type 8

DEBUG   | ShareGroup::ShareGroup: 0x6000006fefd0: finish restore namespace for type 8

DEBUG   | ShareGroup::ShareGroup: 0x6000006fefd0: start restore namespace for type 9

DEBUG   | ShareGroup::ShareGroup: 0x6000006fefd0: finish restore namespace for type 9

DEBUG   | ShareGroup::ShareGroup: 0x6000006ff0c0: start restore namespace for type 0

DEBUG   | ShareGroup::ShareGroup: 0x6000006ff0c0: finish restore namespace for type 0

DEBUG   | ShareGroup::ShareGroup: 0x6000006ff0c0: start restore namespace for type 1

DEBUG   | 0x6000005f1c00: try to load object 1
DEBUG   | 0x6000005f1c00: try to load object 2
DEBUG   | 0x6000005f1c00: try to load object 3
DEBUG   | ShareGroup::ShareGroup: 0x6000006ff0c0: finish restore namespace for type 1

DEBUG   | ShareGroup::ShareGroup: 0x6000006ff0c0: start restore namespace for type 2

DEBUG   | 0x6000005fdf00: try to load object 4294967296
DEBUG   | 0x6000005fdf00: try to load object 4294967297
DEBUG   | 0x6000005fdf00: try to load object 18
DEBUG   | 0x6000005fdf00: try to load object 19
DEBUG   | 0x6000005fdf00: try to load object 20
DEBUG   | 0x6000005fdf00: try to load object 21
DEBUG   | ShareGroup::ShareGroup: 0x6000006ff0c0: finish restore namespace for type 2

DEBUG   | ShareGroup::ShareGroup: 0x6000006ff0c0: start restore namespace for type 3

DEBUG   | ShareGroup::ShareGroup: 0x6000006ff0c0: finish restore namespace for type 3

DEBUG   | ShareGroup::ShareGroup: 0x6000006ff0c0: start restore namespace for type 4

DEBUG   | ShareGroup::ShareGroup: 0x6000006ff0c0: finish restore namespace for type 4

DEBUG   | ShareGroup::ShareGroup: 0x6000006ff0c0: start restore namespace for type 5

DEBUG   | 0x6000005c5c00: try to load object 1
DEBUG   | 0x6000005c5c00: try to load object 2
DEBUG   | 0x6000005c5c00: try to load object 3
DEBUG   | 0x6000005c5c00: try to load object 4
DEBUG   | 0x6000005c5c00: try to load object 5
DEBUG   | 0x6000005c5c00: try to load object 6
DEBUG   | 0x6000005c5c00: try to load object 7
DEBUG   | 0x6000005c5c00: try to load object 8
DEBUG   | 0x6000005c5c00: try to load object 9
DEBUG   | 0x6000005c5c00: try to load object 10
DEBUG   | 0x6000005c5c00: try to load object 11
DEBUG   | 0x6000005c5c00: try to load object 12
DEBUG   | 0x6000005c5c00: try to load object 13
DEBUG   | 0x6000005c5c00: try to load object 14
DEBUG   | 0x6000005c5c00: try to load object 15
DEBUG   | ShareGroup::ShareGroup: 0x6000006ff0c0: finish restore namespace for type 5

DEBUG   | ShareGroup::ShareGroup: 0x6000006ff0c0: start restore namespace for type 6

DEBUG   | 0x6000005c4400: try to load object 1
DEBUG   | 0x6000005c4400: try to load object 2
DEBUG   | ShareGroup::ShareGroup: 0x6000006ff0c0: finish restore namespace for type 6

DEBUG   | ShareGroup::ShareGroup: 0x6000006ff0c0: start restore namespace for type 7

DEBUG   | ShareGroup::ShareGroup: 0x6000006ff0c0: finish restore namespace for type 7

DEBUG   | ShareGroup::ShareGroup: 0x6000006ff0c0: start restore namespace for type 8

DEBUG   | ShareGroup::ShareGroup: 0x6000006ff0c0: finish restore namespace for type 8

DEBUG   | ShareGroup::ShareGroup: 0x6000006ff0c0: start restore namespace for type 9

DEBUG   | ShareGroup::ShareGroup: 0x6000006ff0c0: finish restore namespace for type 9

DEBUG   | ShareGroup::ShareGroup: 0x6000006ff1b0: start restore namespace for type 0

DEBUG   | ShareGroup::ShareGroup: 0x6000006ff1b0: finish restore namespace for type 0

DEBUG   | ShareGroup::ShareGroup: 0x6000006ff1b0: start restore namespace for type 1

DEBUG   | 0x6000005c6100: try to load object 12
DEBUG   | 0x6000005c6100: try to load object 14813
DEBUG   | 0x6000005c6100: try to load object 14814
DEBUG   | 0x6000005c6100: try to load object 5
DEBUG   | 0x6000005c6100: try to load object 14815
DEBUG   | ShareGroup::ShareGroup: 0x6000006ff1b0: finish restore namespace for type 1

DEBUG   | ShareGroup::ShareGroup: 0x6000006ff1b0: start restore namespace for type 2

DEBUG   | 0x6000005c7f00: try to load object 4294967297
DEBUG   | 0x6000005c7f00: try to load object 4294967296
DEBUG   | 0x6000005c7f00: try to load object 37820
DEBUG   | 0x6000005c7f00: try to load object 37814
DEBUG   | 0x6000005c7f00: try to load object 8
DEBUG   | 0x6000005c7f00: try to load object 37815
DEBUG   | 0x6000005c7f00: try to load object 37817
DEBUG   | 0x6000005c7f00: try to load object 37818
DEBUG   | 0x6000005c7f00: try to load object 37819
DEBUG   | 0x6000005c7f00: try to load object 37816
DEBUG   | 0x6000005c7f00: try to load object 37821
DEBUG   | ShareGroup::ShareGroup: 0x6000006ff1b0: finish restore namespace for type 2

DEBUG   | ShareGroup::ShareGroup: 0x6000006ff1b0: start restore namespace for type 3

DEBUG   | 0x6000005c5700: try to load object 4919
DEBUG   | 0x6000005c5700: try to load object 4980
DEBUG   | ShareGroup::ShareGroup: 0x6000006ff1b0: finish restore namespace for type 3

DEBUG   | ShareGroup::ShareGroup: 0x6000006ff1b0: start restore namespace for type 4

DEBUG   | ShareGroup::ShareGroup: 0x6000006ff1b0: finish restore namespace for type 4

DEBUG   | ShareGroup::ShareGroup: 0x6000006ff1b0: start restore namespace for type 5

DEBUG   | 0x6000005c2b00: try to load object 1
DEBUG   | 0x6000005c2b00: try to load object 2
DEBUG   | 0x6000005c2b00: try to load object 3
DEBUG   | 0x6000005c2b00: try to load object 4
DEBUG   | 0x6000005c2b00: try to load object 5
DEBUG   | 0x6000005c2b00: try to load object 6
DEBUG   | 0x6000005c2b00: try to load object 7
DEBUG   | 0x6000005c2b00: try to load object 8
DEBUG   | 0x6000005c2b00: try to load object 9
DEBUG   | 0x6000005c2b00: try to load object 10
DEBUG   | 0x6000005c2b00: try to load object 11
DEBUG   | 0x6000005c2b00: try to load object 12
DEBUG   | 0x6000005c2b00: try to load object 13
DEBUG   | 0x6000005c2b00: try to load object 14
DEBUG   | 0x6000005c2b00: try to load object 15
DEBUG   | 0x6000005c2b00: try to load object 16
DEBUG   | 0x6000005c2b00: try to load object 17
DEBUG   | 0x6000005c2b00: try to load object 18
DEBUG   | 0x6000005c2b00: try to load object 19
DEBUG   | 0x6000005c2b00: try to load object 20
DEBUG   | 0x6000005c2b00: try to load object 21
DEBUG   | 0x6000005c2b00: try to load object 22
DEBUG   | 0x6000005c2b00: try to load object 23
DEBUG   | 0x6000005c2b00: try to load object 24
DEBUG   | 0x6000005c2b00: try to load object 25
DEBUG   | 0x6000005c2b00: try to load object 26
DEBUG   | 0x6000005c2b00: try to load object 27
DEBUG   | 0x6000005c2b00: try to load object 28
DEBUG   | 0x6000005c2b00: try to load object 29
DEBUG   | 0x6000005c2b00: try to load object 30
DEBUG   | 0x6000005c2b00: try to load object 31
DEBUG   | 0x6000005c2b00: try to load object 32
DEBUG   | 0x6000005c2b00: try to load object 33
DEBUG   | 0x6000005c2b00: try to load object 34
DEBUG   | 0x6000005c2b00: try to load object 35
DEBUG   | 0x6000005c2b00: try to load object 36
DEBUG   | 0x6000005c2b00: try to load object 37
DEBUG   | 0x6000005c2b00: try to load object 38
DEBUG   | 0x6000005c2b00: try to load object 39
DEBUG   | 0x6000005c2b00: try to load object 40
DEBUG   | 0x6000005c2b00: try to load object 41
DEBUG   | 0x6000005c2b00: try to load object 42
DEBUG   | 0x6000005c2b00: try to load object 43
DEBUG   | 0x6000005c2b00: try to load object 44
DEBUG   | 0x6000005c2b00: try to load object 45
DEBUG   | 0x6000005c2b00: try to load object 46
DEBUG   | 0x6000005c2b00: try to load object 47
DEBUG   | 0x6000005c2b00: try to load object 48
DEBUG   | 0x6000005c2b00: try to load object 49
DEBUG   | 0x6000005c2b00: try to load object 50
DEBUG   | 0x6000005c2b00: try to load object 51
DEBUG   | 0x6000005c2b00: try to load object 52
DEBUG   | 0x6000005c2b00: try to load object 53
DEBUG   | 0x6000005c2b00: try to load object 54
DEBUG   | 0x6000005c2b00: try to load object 55
DEBUG   | 0x6000005c2b00: try to load object 56
DEBUG   | 0x6000005c2b00: try to load object 57
DEBUG   | 0x6000005c2b00: try to load object 58
DEBUG   | 0x6000005c2b00: try to load object 59
DEBUG   | 0x6000005c2b00: try to load object 60
DEBUG   | 0x6000005c2b00: try to load object 61
DEBUG   | 0x6000005c2b00: try to load object 62
DEBUG   | 0x6000005c2b00: try to load object 63
DEBUG   | ShareGroup::ShareGroup: 0x6000006ff1b0: finish restore namespace for type 5

DEBUG   | ShareGroup::ShareGroup: 0x6000006ff1b0: start restore namespace for type 6

DEBUG   | 0x6000005c3100: try to load object 1
DEBUG   | 0x6000005c3100: try to load object 2
DEBUG   | ShareGroup::ShareGroup: 0x6000006ff1b0: finish restore namespace for type 6

DEBUG   | ShareGroup::ShareGroup: 0x6000006ff1b0: start restore namespace for type 7

DEBUG   | ShareGroup::ShareGroup: 0x6000006ff1b0: finish restore namespace for type 7

DEBUG   | ShareGroup::ShareGroup: 0x6000006ff1b0: start restore namespace for type 8

DEBUG   | ShareGroup::ShareGroup: 0x6000006ff1b0: finish restore namespace for type 8

DEBUG   | ShareGroup::ShareGroup: 0x6000006ff1b0: start restore namespace for type 9

DEBUG   | ShareGroup::ShareGroup: 0x6000006ff1b0: finish restore namespace for type 9

DEBUG   | 0x6000005c4b00: try to load object 24731
DEBUG   | 0x6000005c4b00: try to load object 24732
DEBUG   | 0x6000005c4b00: try to load object 24733
DEBUG   | 0x6000005c4b00: try to load object 24734
DEBUG   | 0x6000005c4b00: try to load object 24735
DEBUG   | ShareGroup::ShareGroup: 0x6000006ff570: start restore namespace for type 0

DEBUG   | ShareGroup::ShareGroup: 0x6000006ff570: finish restore namespace for type 0

DEBUG   | ShareGroup::ShareGroup: 0x6000006ff570: start restore namespace for type 1

DEBUG   | 0x6000005cc700: try to load object 5
DEBUG   | 0x6000005cc700: try to load object 6
DEBUG   | 0x6000005cc700: try to load object 11
DEBUG   | 0x6000005cc700: try to load object 7
DEBUG   | 0x6000005cc700: try to load object 12
DEBUG   | 0x6000005cc700: try to load object 13
DEBUG   | ShareGroup::ShareGroup: 0x6000006ff570: finish restore namespace for type 1

DEBUG   | ShareGroup::ShareGroup: 0x6000006ff570: start restore namespace for type 2

DEBUG   | 0x6000005cc000: try to load object 240
DEBUG   | 0x6000005cc000: try to load object 227
DEBUG   | 0x6000005cc000: try to load object 146
DEBUG   | 0x6000005cc000: try to load object 153
DEBUG   | 0x6000005cc000: try to load object 155
DEBUG   | 0x6000005cc000: try to load object 161
DEBUG   | 0x6000005cc000: try to load object 162
DEBUG   | 0x6000005cc000: try to load object 163
DEBUG   | 0x6000005cc000: try to load object 164
DEBUG   | 0x6000005cc000: try to load object 166
DEBUG   | 0x6000005cc000: try to load object 170
DEBUG   | 0x6000005cc000: try to load object 176
DEBUG   | 0x6000005cc000: try to load object 177
DEBUG   | 0x6000005cc000: try to load object 179
DEBUG   | 0x6000005cc000: try to load object 182
DEBUG   | 0x6000005cc000: try to load object 183
DEBUG   | 0x6000005cc000: try to load object 184
DEBUG   | 0x6000005cc000: try to load object 185
DEBUG   | 0x6000005cc000: try to load object 193
DEBUG   | 0x6000005cc000: try to load object 195
DEBUG   | 0x6000005cc000: try to load object 203
DEBUG   | 0x6000005cc000: try to load object 204
DEBUG   | 0x6000005cc000: try to load object 205
DEBUG   | 0x6000005cc000: try to load object 206
DEBUG   | 0x6000005cc000: try to load object 214
DEBUG   | 0x6000005cc000: try to load object 215
DEBUG   | 0x6000005cc000: try to load object 216
DEBUG   | 0x6000005cc000: try to load object 120
DEBUG   | 0x6000005cc000: try to load object 217
DEBUG   | 0x6000005cc000: try to load object 218
DEBUG   | 0x6000005cc000: try to load object 219
DEBUG   | 0x6000005cc000: try to load object 220
DEBUG   | 0x6000005cc000: try to load object 221
DEBUG   | 0x6000005cc000: try to load object 222
DEBUG   | 0x6000005cc000: try to load object 131
DEBUG   | 0x6000005cc000: try to load object 228
DEBUG   | 0x6000005cc000: try to load object 4294967296
DEBUG   | 0x6000005cc000: try to load object 132
DEBUG   | 0x6000005cc000: try to load object 229
DEBUG   | 0x6000005cc000: try to load object 4294967297
DEBUG   | 0x6000005cc000: try to load object 230
DEBUG   | 0x6000005cc000: try to load object 134
DEBUG   | 0x6000005cc000: try to load object 231
DEBUG   | 0x6000005cc000: try to load object 135
DEBUG   | 0x6000005cc000: try to load object 232
DEBUG   | 0x6000005cc000: try to load object 186
DEBUG   | 0x6000005cc000: try to load object 136
DEBUG   | 0x6000005cc000: try to load object 233
DEBUG   | 0x6000005cc000: try to load object 187
DEBUG   | 0x6000005cc000: try to load object 137
DEBUG   | 0x6000005cc000: try to load object 234
DEBUG   | 0x6000005cc000: try to load object 192
DEBUG   | 0x6000005cc000: try to load object 239
DEBUG   | 0x6000005cc000: try to load object 194
DEBUG   | 0x6000005cc000: try to load object 144
DEBUG   | 0x6000005cc000: try to load object 241
DEBUG   | 0x6000005cc000: try to load object 188
DEBUG   | 0x6000005cc000: try to load object 138
DEBUG   | 0x6000005cc000: try to load object 235
DEBUG   | 0x6000005cc000: try to load object 223
DEBUG   | 0x6000005cc000: try to load object 246
DEBUG   | 0x6000005cc000: try to load object 189
DEBUG   | 0x6000005cc000: try to load object 139
DEBUG   | 0x6000005cc000: try to load object 236
DEBUG   | 0x6000005cc000: try to load object 30
DEBUG   | 0x6000005cc000: try to load object 127
DEBUG   | 0x6000005cc000: try to load object 224
DEBUG   | 0x6000005cc000: try to load object 150
DEBUG   | 0x6000005cc000: try to load object 247
DEBUG   | 0x6000005cc000: try to load object 190
DEBUG   | 0x6000005cc000: try to load object 237
DEBUG   | 0x6000005cc000: try to load object 225
DEBUG   | 0x6000005cc000: try to load object 201
DEBUG   | 0x6000005cc000: try to load object 248
DEBUG   | 0x6000005cc000: try to load object 244
DEBUG   | 0x6000005cc000: try to load object 191
DEBUG   | 0x6000005cc000: try to load object 141
DEBUG   | 0x6000005cc000: try to load object 238
DEBUG   | 0x6000005cc000: try to load object 226
DEBUG   | 0x6000005cc000: try to load object 202
DEBUG   | 0x6000005cc000: try to load object 152
DEBUG   | 0x6000005cc000: try to load object 249
DEBUG   | ShareGroup::ShareGroup: 0x6000006ff570: finish restore namespace for type 2

DEBUG   | ShareGroup::ShareGroup: 0x6000006ff570: start restore namespace for type 3

DEBUG   | ShareGroup::ShareGroup: 0x6000006ff570: finish restore namespace for type 3

DEBUG   | ShareGroup::ShareGroup: 0x6000006ff570: start restore namespace for type 4

DEBUG   | ShareGroup::ShareGroup: 0x6000006ff570: finish restore namespace for type 4

DEBUG   | ShareGroup::ShareGroup: 0x6000006ff570: start restore namespace for type 5

DEBUG   | 0x6000005cc200: try to load object 1
DEBUG   | 0x6000005cc200: try to load object 2
DEBUG   | 0x6000005cc200: try to load object 3
DEBUG   | 0x6000005cc200: try to load object 4
DEBUG   | 0x6000005cc200: try to load object 5
DEBUG   | 0x6000005cc200: try to load object 6
DEBUG   | 0x6000005cc200: try to load object 7
DEBUG   | 0x6000005cc200: try to load object 8
DEBUG   | 0x6000005cc200: try to load object 9
DEBUG   | 0x6000005cc200: try to load object 10
DEBUG   | 0x6000005cc200: try to load object 11
DEBUG   | 0x6000005cc200: try to load object 12
DEBUG   | 0x6000005cc200: try to load object 13
DEBUG   | 0x6000005cc200: try to load object 14
DEBUG   | 0x6000005cc200: try to load object 15
DEBUG   | 0x6000005cc200: try to load object 16
DEBUG   | 0x6000005cc200: try to load object 17
DEBUG   | 0x6000005cc200: try to load object 18
DEBUG   | 0x6000005cc200: try to load object 19
DEBUG   | 0x6000005cc200: try to load object 20
DEBUG   | 0x6000005cc200: try to load object 21
DEBUG   | 0x6000005cc200: try to load object 22
DEBUG   | 0x6000005cc200: try to load object 23
DEBUG   | 0x6000005cc200: try to load object 24
DEBUG   | 0x6000005cc200: try to load object 25
DEBUG   | 0x6000005cc200: try to load object 26
DEBUG   | 0x6000005cc200: try to load object 27
DEBUG   | 0x6000005cc200: try to load object 28
DEBUG   | 0x6000005cc200: try to load object 29
DEBUG   | 0x6000005cc200: try to load object 30
DEBUG   | 0x6000005cc200: try to load object 31
DEBUG   | 0x6000005cc200: try to load object 32
DEBUG   | 0x6000005cc200: try to load object 33
DEBUG   | 0x6000005cc200: try to load object 34
DEBUG   | 0x6000005cc200: try to load object 35
DEBUG   | 0x6000005cc200: try to load object 36
DEBUG   | 0x6000005cc200: try to load object 37
DEBUG   | 0x6000005cc200: try to load object 38
DEBUG   | 0x6000005cc200: try to load object 39
DEBUG   | 0x6000005cc200: try to load object 40
DEBUG   | 0x6000005cc200: try to load object 41
DEBUG   | 0x6000005cc200: try to load object 42
DEBUG   | 0x6000005cc200: try to load object 43
DEBUG   | 0x6000005cc200: try to load object 44
DEBUG   | 0x6000005cc200: try to load object 45
DEBUG   | 0x6000005cc200: try to load object 46
DEBUG   | 0x6000005cc200: try to load object 47
DEBUG   | 0x6000005cc200: try to load object 48
DEBUG   | 0x6000005cc200: try to load object 49
DEBUG   | 0x6000005cc200: try to load object 50
DEBUG   | 0x6000005cc200: try to load object 51
DEBUG   | 0x6000005cc200: try to load object 52
DEBUG   | 0x6000005cc200: try to load object 53
DEBUG   | 0x6000005cc200: try to load object 54
DEBUG   | 0x6000005cc200: try to load object 55
DEBUG   | 0x6000005cc200: try to load object 56
DEBUG   | 0x6000005cc200: try to load object 57
DEBUG   | 0x6000005cc200: try to load object 58
DEBUG   | 0x6000005cc200: try to load object 59
DEBUG   | 0x6000005cc200: try to load object 60
DEBUG   | 0x6000005cc200: try to load object 61
DEBUG   | 0x6000005cc200: try to load object 62
DEBUG   | 0x6000005cc200: try to load object 63
DEBUG   | 0x6000005cc200: try to load object 64
DEBUG   | 0x6000005cc200: try to load object 65
DEBUG   | 0x6000005cc200: try to load object 66
DEBUG   | 0x6000005cc200: try to load object 67
DEBUG   | 0x6000005cc200: try to load object 68
DEBUG   | 0x6000005cc200: try to load object 69
DEBUG   | 0x6000005cc200: try to load object 70
DEBUG   | 0x6000005cc200: try to load object 71
DEBUG   | 0x6000005cc200: try to load object 72
DEBUG   | 0x6000005cc200: try to load object 73
DEBUG   | 0x6000005cc200: try to load object 74
DEBUG   | 0x6000005cc200: try to load object 75
DEBUG   | 0x6000005cc200: try to load object 76
DEBUG   | 0x6000005cc200: try to load object 77
DEBUG   | 0x6000005cc200: try to load object 78
DEBUG   | 0x6000005cc200: try to load object 79
DEBUG   | 0x6000005cc200: try to load object 80
DEBUG   | 0x6000005cc200: try to load object 81
DEBUG   | 0x6000005cc200: try to load object 82
DEBUG   | 0x6000005cc200: try to load object 83
DEBUG   | 0x6000005cc200: try to load object 84
DEBUG   | 0x6000005cc200: try to load object 85
DEBUG   | 0x6000005cc200: try to load object 86
DEBUG   | 0x6000005cc200: try to load object 87
DEBUG   | 0x6000005cc200: try to load object 88
DEBUG   | 0x6000005cc200: try to load object 89
DEBUG   | 0x6000005cc200: try to load object 90
DEBUG   | 0x6000005cc200: try to load object 91
DEBUG   | 0x6000005cc200: try to load object 92
DEBUG   | 0x6000005cc200: try to load object 93
DEBUG   | 0x6000005cc200: try to load object 94
DEBUG   | 0x6000005cc200: try to load object 95
DEBUG   | 0x6000005cc200: try to load object 96
DEBUG   | 0x6000005cc200: try to load object 97
DEBUG   | 0x6000005cc200: try to load object 98
DEBUG   | 0x6000005cc200: try to load object 99
DEBUG   | 0x6000005cc200: try to load object 100
DEBUG   | 0x6000005cc200: try to load object 101
DEBUG   | 0x6000005cc200: try to load object 102
DEBUG   | 0x6000005cc200: try to load object 103
DEBUG   | 0x6000005cc200: try to load object 104
DEBUG   | 0x6000005cc200: try to load object 105
DEBUG   | ShareGroup::ShareGroup: 0x6000006ff570: finish restore namespace for type 5

DEBUG   | ShareGroup::ShareGroup: 0x6000006ff570: start restore namespace for type 6

DEBUG   | 0x6000005cc500: try to load object 1
DEBUG   | 0x6000005cc500: try to load object 2
DEBUG   | 0x6000005cc500: try to load object 3
DEBUG   | ShareGroup::ShareGroup: 0x6000006ff570: finish restore namespace for type 6

DEBUG   | ShareGroup::ShareGroup: 0x6000006ff570: start restore namespace for type 7

DEBUG   | ShareGroup::ShareGroup: 0x6000006ff570: finish restore namespace for type 7

DEBUG   | ShareGroup::ShareGroup: 0x6000006ff570: start restore namespace for type 8

DEBUG   | ShareGroup::ShareGroup: 0x6000006ff570: finish restore namespace for type 8

DEBUG   | ShareGroup::ShareGroup: 0x6000006ff570: start restore namespace for type 9

DEBUG   | ShareGroup::ShareGroup: 0x6000006ff570: finish restore namespace for type 9

DEBUG   | 0x6000005c1200: try to load object 103
DEBUG   | 0x6000005c1200: try to load object 82
DEBUG   | 0x6000005c1200: try to load object 88
DEBUG   | 0x6000005c1200: try to load object 90
DEBUG   | 0x6000005c1200: try to load object 91
DEBUG   | 0x6000005c1200: try to load object 93
DEBUG   | 0x6000005c1200: try to load object 99
DEBUG   | 0x6000005c1200: try to load object 106
DEBUG   | 0x6000005c1200: try to load object 107
DEBUG   | 0x6000005c1200: try to load object 109
DEBUG   | 0x6000005c1200: try to load object 110
DEBUG   | 0x6000005c1200: try to load object 111
DEBUG   | 0x6000005c1200: try to load object 112
DEBUG   | 0x6000005c1200: try to load object 119
DEBUG   | 0x6000005c1200: try to load object 122
DEBUG   | 0x6000005c1200: try to load object 123
DEBUG   | 0x6000005c1200: try to load object 126
DEBUG   | 0x6000005c1200: try to load object 127
DEBUG   | 0x6000005c1200: try to load object 128
DEBUG   | 0x6000005c1200: try to load object 129
DEBUG   | 0x6000005c1200: try to load object 130
DEBUG   | 0x6000005c1200: try to load object 131
DEBUG   | 0x6000005c1200: try to load object 138
DEBUG   | 0x6000005c1200: try to load object 139
DEBUG   | 0x6000005c1200: try to load object 140
DEBUG   | 0x6000005c1200: try to load object 141
DEBUG   | 0x6000005c1200: try to load object 142
DEBUG   | 0x6000005c1200: try to load object 143
DEBUG   | 0x6000005c1200: try to load object 144
DEBUG   | 0x6000005c1200: try to load object 146
DEBUG   | 0x6000005c1200: try to load object 147
DEBUG   | 0x6000005c1200: try to load object 148
DEBUG   | 0x6000005c1200: try to load object 149
DEBUG   | 0x6000005c1200: try to load object 150
DEBUG   | 0x6000005c1200: try to load object 151
DEBUG   | 0x6000005c1200: try to load object 152
DEBUG   | 0x6000005c1200: try to load object 153
DEBUG   | 0x6000005c1200: try to load object 154
DEBUG   | 0x6000005c1200: try to load object 155
DEBUG   | 0x6000005c1200: try to load object 156
DEBUG   | 0x6000005c1200: try to load object 158
DEBUG   | 0x6000005c1200: try to load object 159
DEBUG   | 0x6000005c1200: try to load object 113
DEBUG   | 0x6000005c1200: try to load object 160
DEBUG   | 0x6000005c1200: try to load object 114
DEBUG   | 0x6000005c1200: try to load object 161
DEBUG   | 0x6000005c1200: try to load object 115
DEBUG   | 0x6000005c1200: try to load object 162
DEBUG   | 0x6000005c1200: try to load object 117
DEBUG   | 0x6000005c1200: try to load object 164
DEBUG   | 0x6000005c1200: try to load object 118
DEBUG   | 0x6000005c1200: try to load object 165
DEBUG   | 0x6000005c1200: try to load object 120
DEBUG   | 0x6000005c1200: try to load object 167
DEBUG   | 0x6000005c1200: try to load object 116
DEBUG   | 0x6000005c1200: try to load object 163
DEBUG   | 0x6000005c1200: try to load object 157
DEBUG   | 0x6000005c1200: try to load object 145
DEBUG   | 0x6000005c1200: try to load object 121
DEBUG   | 0x6000005c1200: try to load object 168
DEBUG   | ShareGroup::ShareGroup: 0x6000006ff930: start restore namespace for type 0

DEBUG   | ShareGroup::ShareGroup: 0x6000006ff930: finish restore namespace for type 0

DEBUG   | ShareGroup::ShareGroup: 0x6000006ff930: start restore namespace for type 1

DEBUG   | ShareGroup::ShareGroup: 0x6000006ff930: finish restore namespace for type 1

DEBUG   | ShareGroup::ShareGroup: 0x6000006ff930: start restore namespace for type 2

DEBUG   | 0x6000005bc400: try to load object 4294967296
DEBUG   | 0x6000005bc400: try to load object 4294967297
DEBUG   | ShareGroup::ShareGroup: 0x6000006ff930: finish restore namespace for type 2

DEBUG   | ShareGroup::ShareGroup: 0x6000006ff930: start restore namespace for type 3

DEBUG   | ShareGroup::ShareGroup: 0x6000006ff930: finish restore namespace for type 3

DEBUG   | ShareGroup::ShareGroup: 0x6000006ff930: start restore namespace for type 4

DEBUG   | ShareGroup::ShareGroup: 0x6000006ff930: finish restore namespace for type 4

DEBUG   | ShareGroup::ShareGroup: 0x6000006ff930: start restore namespace for type 5

DEBUG   | ShareGroup::ShareGroup: 0x6000006ff930: finish restore namespace for type 5

DEBUG   | ShareGroup::ShareGroup: 0x6000006ff930: start restore namespace for type 6

DEBUG   | ShareGroup::ShareGroup: 0x6000006ff930: finish restore namespace for type 6

DEBUG   | ShareGroup::ShareGroup: 0x6000006ff930: start restore namespace for type 7

DEBUG   | ShareGroup::ShareGroup: 0x6000006ff930: finish restore namespace for type 7

DEBUG   | ShareGroup::ShareGroup: 0x6000006ff930: start restore namespace for type 8

DEBUG   | ShareGroup::ShareGroup: 0x6000006ff930: finish restore namespace for type 8

DEBUG   | ShareGroup::ShareGroup: 0x6000006ff930: start restore namespace for type 9

DEBUG   | ShareGroup::ShareGroup: 0x6000006ff930: finish restore namespace for type 9

DEBUG   | ColorBuffer 1350, 32x32, VK_FORMAT_R8G8B8A8_UNORM, Memory [size: 4096, type: 0, props: 15 / 1]
DEBUG   | ColorBuffer 1347, 1x1, VK_FORMAT_R8G8B8A8_UNORM, Memory [size: 16, type: 0, props: 15 / 1]
DEBUG   | ColorBuffer 1344, 173x173, VK_FORMAT_R8G8B8A8_UNORM, Memory [size: 121104, type: 0, props: 15 / 1]
DEBUG   | ColorBuffer 1343, 1x1, VK_FORMAT_R8G8B8A8_UNORM, Memory [size: 16, type: 0, props: 15 / 1]
DEBUG   | ColorBuffer 1340, 173x173, VK_FORMAT_R8G8B8A8_UNORM, Memory [size: 121104, type: 0, props: 15 / 1]
DEBUG   | ColorBuffer 1334, 1192x674, VK_FORMAT_R8G8B8A8_UNORM, Memory [size: 3213632, type: 0, props: 15 / 1]
DEBUG   | ColorBuffer 1333, 1192x674, VK_FORMAT_R8G8B8A8_UNORM, Memory [size: 3213632, type: 0, props: 15 / 1]
DEBUG   | ColorBuffer 1302, 1x1, VK_FORMAT_R8G8B8A8_UNORM, Memory [size: 16, type: 0, props: 15 / 1]
DEBUG   | ColorBuffer 1291, 1x1, VK_FORMAT_R8G8B8A8_UNORM, Memory [size: 16, type: 0, props: 15 / 1]
DEBUG   | ColorBuffer 1281, 1x1, VK_FORMAT_R8G8B8A8_UNORM, Memory [size: 16, type: 0, props: 15 / 1]
DEBUG   | ColorBuffer 1267, 1x1, VK_FORMAT_R8G8B8A8_UNORM, Memory [size: 16, type: 0, props: 15 / 1]
DEBUG   | ColorBuffer 1262, 1x1, VK_FORMAT_R8G8B8A8_UNORM, Memory [size: 16, type: 0, props: 15 / 1]
DEBUG   | ColorBuffer 1248, 1080x2424, VK_FORMAT_R8G8B8A8_UNORM, Memory [size: 10471680, type: 0, props: 15 / 1]
DEBUG   | ColorBuffer 1238, 1x1, VK_FORMAT_R8G8B8A8_UNORM, Memory [size: 16, type: 0, props: 15 / 1]
DEBUG   | ColorBuffer 1235, 173x173, VK_FORMAT_R8G8B8A8_UNORM, Memory [size: 121104, type: 0, props: 15 / 1]
DEBUG   | ColorBuffer 1182, 173x173, VK_FORMAT_R8G8B8A8_UNORM, Memory [size: 121104, type: 0, props: 15 / 1]
DEBUG   | ColorBuffer 1181, 1x1, VK_FORMAT_R8G8B8A8_UNORM, Memory [size: 16, type: 0, props: 15 / 1]
DEBUG   | ColorBuffer 1177, 1x1, VK_FORMAT_R8G8B8A8_UNORM, Memory [size: 16, type: 0, props: 15 / 1]
DEBUG   | ColorBuffer 963, 1x1, VK_FORMAT_R8G8B8A8_UNORM, Memory [size: 16, type: 0, props: 15 / 1]
DEBUG   | ColorBuffer 960, 173x173, VK_FORMAT_R8G8B8A8_UNORM, Memory [size: 121104, type: 0, props: 15 / 1]
DEBUG   | ColorBuffer 1325, 1x1, VK_FORMAT_R8G8B8A8_UNORM, Memory [size: 16, type: 0, props: 15 / 1]
DEBUG   | ColorBuffer 931, 63x63, VK_FORMAT_R8G8B8A8_UNORM, Memory [size: 16384, type: 0, props: 15 / 1]
DEBUG   | ColorBuffer 930, 1x1, VK_FORMAT_R8G8B8A8_UNORM, Memory [size: 16, type: 0, props: 15 / 1]
DEBUG   | ColorBuffer 927, 63x63, VK_FORMAT_R8G8B8A8_UNORM, Memory [size: 16384, type: 0, props: 15 / 1]
DEBUG   | ColorBuffer 921, 1x1, VK_FORMAT_R8G8B8A8_UNORM, Memory [size: 16, type: 0, props: 15 / 1]
DEBUG   | ColorBuffer 866, 1x1, VK_FORMAT_R8G8B8A8_UNORM, Memory [size: 16, type: 0, props: 15 / 1]
DEBUG   | ColorBuffer 1251, 1080x2424, VK_FORMAT_R8G8B8A8_UNORM, Memory [size: 10471680, type: 0, props: 15 / 1]
DEBUG   | ColorBuffer 857, 1x1, VK_FORMAT_R8G8B8A8_UNORM, Memory [size: 16, type: 0, props: 15 / 1]
DEBUG   | ColorBuffer 1242, 1x1, VK_FORMAT_R8G8B8A8_UNORM, Memory [size: 16, type: 0, props: 15 / 1]
DEBUG   | ColorBuffer 848, 1x1, VK_FORMAT_R8G8B8A8_UNORM, Memory [size: 16, type: 0, props: 15 / 1]
DEBUG   | ColorBuffer 816, 1x1, VK_FORMAT_R8G8B8A8_UNORM, Memory [size: 16, type: 0, props: 15 / 1]
DEBUG   | ColorBuffer 800, 1x1, VK_FORMAT_R8G8B8A8_UNORM, Memory [size: 16, type: 0, props: 15 / 1]
DEBUG   | ColorBuffer 757, 1x1, VK_FORMAT_R8G8B8A8_UNORM, Memory [size: 16, type: 0, props: 15 / 1]
DEBUG   | ColorBuffer 1339, 173x173, VK_FORMAT_R8G8B8A8_UNORM, Memory [size: 121104, type: 0, props: 15 / 1]
DEBUG   | ColorBuffer 748, 1x1, VK_FORMAT_R8G8B8A8_UNORM, Memory [size: 16, type: 0, props: 15 / 1]
DEBUG   | ColorBuffer 705, 1x1, VK_FORMAT_R8G8B8A8_UNORM, Memory [size: 16, type: 0, props: 15 / 1]
DEBUG   | ColorBuffer 687, 1x1, VK_FORMAT_R8G8B8A8_UNORM, Memory [size: 16, type: 0, props: 15 / 1]
DEBUG   | ColorBuffer 684, 173x173, VK_FORMAT_R8G8B8A8_UNORM, Memory [size: 121104, type: 0, props: 15 / 1]
DEBUG   | ColorBuffer 683, 1x1, VK_FORMAT_R8G8B8A8_UNORM, Memory [size: 16, type: 0, props: 15 / 1]
DEBUG   | ColorBuffer 1255, 1x1, VK_FORMAT_R8G8B8A8_UNORM, Memory [size: 16, type: 0, props: 15 / 1]
DEBUG   | ColorBuffer 641, 173x173, VK_FORMAT_R8G8B8A8_UNORM, Memory [size: 121104, type: 0, props: 15 / 1]
DEBUG   | ColorBuffer 613, 173x173, VK_FORMAT_R8G8B8A8_UNORM, Memory [size: 121104, type: 0, props: 15 / 1]
DEBUG   | ColorBuffer 611, 173x173, VK_FORMAT_R8G8B8A8_UNORM, Memory [size: 121104, type: 0, props: 15 / 1]
DEBUG   | ColorBuffer 124, 42x42, VK_FORMAT_R8G8B8A8_UNORM, Memory [size: 7056, type: 0, props: 15 / 1]
DEBUG   | ColorBuffer 517, 173x173, VK_FORMAT_R8G8B8A8_UNORM, Memory [size: 121104, type: 0, props: 15 / 1]
DEBUG   | ColorBuffer 121, 48x48, VK_FORMAT_R8G8B8A8_UNORM, Memory [size: 9216, type: 0, props: 15 / 1]
DEBUG   | ColorBuffer 1102, 1x1, VK_FORMAT_R8G8B8A8_UNORM, Memory [size: 16, type: 0, props: 15 / 1]
DEBUG   | ColorBuffer 117, 1080x142, VK_FORMAT_R8G8B8A8_UNORM, Memory [size: 613440, type: 0, props: 15 / 1]
DEBUG   | ColorBuffer 1258, 173x173, VK_FORMAT_R8G8B8A8_UNORM, Memory [size: 121104, type: 0, props: 15 / 1]
DEBUG   | ColorBuffer 76, 2x2, VK_FORMAT_R8G8B8A8_UNORM, Memory [size: 16, type: 0, props: 15 / 1]
DEBUG   | ColorBuffer 25, 1x1, VK_FORMAT_R8G8B8A8_UNORM, Memory [size: 16, type: 0, props: 15 / 1]
DEBUG   | ColorBuffer 7, 1080x2424, VK_FORMAT_R8G8B8A8_UNORM, Memory [size: 10471680, type: 0, props: 15 / 1]
DEBUG   | ColorBuffer 204, 1x1, VK_FORMAT_R8G8B8A8_UNORM, Memory [size: 16, type: 0, props: 15 / 1]
DEBUG   | ColorBuffer 680, 173x173, VK_FORMAT_R8G8B8A8_UNORM, Memory [size: 121104, type: 0, props: 15 / 1]
DEBUG   | ColorBuffer 1250, 1080x2424, VK_FORMAT_R8G8B8A8_UNORM, Memory [size: 10471680, type: 0, props: 15 / 1]
DEBUG   | ColorBuffer 68, 284x10, VK_FORMAT_R8G8B8A8_UNORM, Memory [size: 11360, type: 0, props: 15 / 1]
DEBUG   | ColorBuffer 1329, 1x1, VK_FORMAT_R8G8B8A8_UNORM, Memory [size: 16, type: 0, props: 15 / 1]
DEBUG   | ColorBuffer 147, 1080x142, VK_FORMAT_R8G8B8A8_UNORM, Memory [size: 613440, type: 0, props: 15 / 1]
DEBUG   | ColorBuffer 138, 1080x142, VK_FORMAT_R8G8B8A8_UNORM, Memory [size: 613440, type: 0, props: 15 / 1]
DEBUG   | ColorBuffer 115, 1080x142, VK_FORMAT_R8G8B8A8_UNORM, Memory [size: 613440, type: 0, props: 15 / 1]
DEBUG   | ColorBuffer 505, 1x1, VK_FORMAT_R8G8B8A8_UNORM, Memory [size: 16, type: 0, props: 15 / 1]
DEBUG   | ColorBuffer 1185, 1x1, VK_FORMAT_R8G8B8A8_UNORM, Memory [size: 16, type: 0, props: 15 / 1]
DEBUG   | ColorBuffer 3, 1x1, VK_FORMAT_R8G8B8A8_UNORM, Memory [size: 16, type: 0, props: 15 / 1]
DEBUG   | ColorBuffer 200, 173x173, VK_FORMAT_R8G8B8A8_UNORM, Memory [size: 121104, type: 0, props: 15 / 1]
DEBUG   | ColorBuffer 6, 1080x2424, VK_FORMAT_R8G8B8A8_UNORM, Memory [size: 10471680, type: 0, props: 15 / 1]
DEBUG   | ColorBuffer 1285, 1x1, VK_FORMAT_R8G8B8A8_UNORM, Memory [size: 16, type: 0, props: 15 / 1]
DEBUG   | ColorBuffer 103, 1080x137, VK_FORMAT_R8G8B8A8_UNORM, Memory [size: 596160, type: 0, props: 15 / 1]
DEBUG   | ColorBuffer 37, 922x1024, VK_FORMAT_R8G8B8A8_UNORM, Memory [size: 3776512, type: 0, props: 15 / 1]
DEBUG   | ColorBuffer 134, 1080x137, VK_FORMAT_R8G8B8A8_UNORM, Memory [size: 596160, type: 0, props: 15 / 1]
DEBUG   | ColorBuffer 378, 173x173, VK_FORMAT_R8G8B8A8_UNORM, Memory [size: 121104, type: 0, props: 15 / 1]
DEBUG   | ColorBuffer 87, 1x1, VK_FORMAT_R8G8B8A8_UNORM, Memory [size: 16, type: 0, props: 15 / 1]
DEBUG   | ColorBuffer 456, 173x173, VK_FORMAT_R8G8B8A8_UNORM, Memory [size: 121104, type: 0, props: 15 / 1]
DEBUG   | ColorBuffer 1243, 540x1211, VK_FORMAT_R8G8B8A8_UNORM, Memory [size: 2617920, type: 0, props: 15 / 1]
DEBUG   | ColorBuffer 61, 1080x63, VK_FORMAT_R8G8B8A8_UNORM, Memory [size: 276480, type: 0, props: 15 / 1]
DEBUG   | ColorBuffer 455, 173x173, VK_FORMAT_R8G8B8A8_UNORM, Memory [size: 121104, type: 0, props: 15 / 1]
DEBUG   | ColorBuffer 64, 1080x63, VK_FORMAT_R8G8B8A8_UNORM, Memory [size: 276480, type: 0, props: 15 / 1]
DEBUG   | ColorBuffer 67, 1x1, VK_FORMAT_R8G8B8A8_UNORM, Memory [size: 16, type: 0, props: 15 / 1]
DEBUG   | ColorBuffer 63, 1080x63, VK_FORMAT_R8G8B8A8_UNORM, Memory [size: 276480, type: 0, props: 15 / 1]
DEBUG   | ColorBuffer 8, 1080x2424, VK_FORMAT_R8G8B8A8_UNORM, Memory [size: 10471680, type: 0, props: 15 / 1]
DEBUG   | ColorBuffer 696, 1x1, VK_FORMAT_R8G8B8A8_UNORM, Memory [size: 16, type: 0, props: 15 / 1]
DEBUG   | ColorBuffer 105, 1080x137, VK_FORMAT_R8G8B8A8_UNORM, Memory [size: 596160, type: 0, props: 15 / 1]
DEBUG   | ColorBuffer 1331, 1192x674, VK_FORMAT_R8G8B8A8_UNORM, Memory [size: 3213632, type: 0, props: 15 / 1]
DEBUG   | ColorBuffer 543, 173x173, VK_FORMAT_R8G8B8A8_UNORM, Memory [size: 121104, type: 0, props: 15 / 1]
DEBUG   | ColorBuffer 58, 173x173, VK_FORMAT_R8G8B8A8_UNORM, Memory [size: 121104, type: 0, props: 15 / 1]
DEBUG   | ColorBuffer 36, 1x1, VK_FORMAT_R8G8B8A8_UNORM, Memory [size: 16, type: 0, props: 15 / 1]
DEBUG   | ColorBuffer 199, 1080x142, VK_FORMAT_R8G8B8A8_UNORM, Memory [size: 613440, type: 0, props: 15 / 1]
DEBUG   | ColorBuffer 5, 1080x2424, VK_FORMAT_R8G8B8A8_UNORM, Memory [size: 10471680, type: 0, props: 15 / 1]
DEBUG   | ColorBuffer 4, 1080x2424, VK_FORMAT_R8G8B8A8_UNORM, Memory [size: 10471680, type: 0, props: 15 / 1]
DEBUG   | ColorBuffer 146, 1080x142, VK_FORMAT_R8G8B8A8_UNORM, Memory [size: 613440, type: 0, props: 15 / 1]
DEBUG   | ColorBuffer 1231, 1x1, VK_FORMAT_R8G8B8A8_UNORM, Memory [size: 16, type: 0, props: 15 / 1]
DEBUG   | ColorBuffer 49, 48x48, VK_FORMAT_R8G8B8A8_UNORM, Memory [size: 9216, type: 0, props: 15 / 1]
DEBUG   | Got lasted posted color buffer from snapshot
DEBUG   | Reposting framebuffer.
DEBUG   | Has last posted colorbuffer and is initialized; post.
DEBUG   | Started new RenderThread (total 1) @0x12d1367b0
DEBUG   | Started new RenderThread (total 2) @0x12d2053e0
DEBUG   | Started new RenderThread (total 3) @0x12d2059c0
DEBUG   | Started new RenderThread (total 4) @0x12d206400
DEBUG   | Started new RenderThread (total 5) @0x12d204da0
DEBUG   | Started new RenderThread (total 6) @0x10fe0eb40
DEBUG   | Started new RenderThread (total 7) @0x10fe0f680
DEBUG   | Started new RenderThread (total 8) @0x10fe0ff10
DEBUG   | Started new RenderThread (total 9) @0x10fe10950
DEBUG   | Started new RenderThread (total 10) @0x10fe10f30
DEBUG   | Started new RenderThread (total 11) @0x10fe11510
DEBUG   | Started new RenderThread (total 12) @0x10fe11af0
DEBUG   | Started new RenderThread (total 13) @0x10fe120d0
DEBUG   | Started new RenderThread (total 14) @0x10fe126b0
DEBUG   | Started new RenderThread (total 15) @0x10fe12c90
DEBUG   | Started new RenderThread (total 16) @0x10fe13270
DEBUG   | Started new RenderThread (total 17) @0x10fe13850
DEBUG   | Started new RenderThread (total 18) @0x10fe14030
DEBUG   | Started new RenderThread (total 19) @0x10fe14460
DEBUG   | Loaded RenderThread @0x12d1367b0 from snapshot
DEBUG   | Loaded RenderThread @0x12d2053e0 from snapshot
DEBUG   | Sending CMD_REPAINT to reposting thread
DEBUG   | DEBUG   | Loaded RenderThread @0x12d206400 from snapshot
Loaded RenderThread @0x10fe10950 from snapshot
DEBUG   | Loaded RenderThread @0x12d204da0 from snapshot
DEBUG   | Loaded RenderThread @0x10fe0eb40 from snapshot
DEBUG   | Loaded RenderThread @0x12d2059c0 from snapshot
DEBUG   | Loaded RenderThread @0x10fe0f680 from snapshot
DEBUG   | Loaded RenderThread @0x10fe0ff10 from snapshot
DEBUG   | Loaded RenderThread @0x10fe10f30 from snapshot
DEBUG   | Loaded RenderThread @0x10fe11510 from snapshot
DEBUG   | Loaded RenderThread @0x10fe11af0 from snapshot
DEBUG   | Loaded RenderThread @0x10fe120d0 from snapshot
DEBUG   | Loaded RenderThread @0x10fe126b0 from snapshot
DEBUG   | Loaded RenderThread @0x10fe12c90 from snapshot
DEBUG   | Loaded RenderThread @0x10fe13270 from snapshot
DEBUG   | Loaded RenderThread @0x10fe13850 from snapshot
DEBUG   | Loaded RenderThread @0x10fe14030 from snapshot
DEBUG   | Loaded RenderThread @0x10fe14460 from snapshot
DEBUG   | Registering pipe service multidisplay
DEBUG   | MultiDisplayPipe created 0x6000002ac820
DEBUG   | loaded display 0
DEBUG   | _hwFingerprint_connect: connect finger print listen is called
INFO         | Successfully loaded snapshot 'default_boot' using 796 ms
DEBUG   | Begin setupSubWindow
DEBUG   | setupSubwindow: draw last posted cb
DEBUG   | Exit setupSubWindow (successful setup)
DEBUG   | Begin setupSubWindow
DEBUG   | Exit setupSubWindow (nothing to do)
DEBUG   | Sending CMD_REPAINT to reposting thread
DEBUG   | Reposting thread dequeueing a CMD_REPAINT
DEBUG   | Reposting framebuffer.
DEBUG   | Has last posted colorbuffer and is initialized; post.
DEBUG   | Begin setupSubWindow
DEBUG   | setupSubwindow: draw last posted cb
DEBUG   | Exit setupSubWindow (successful setup)
DEBUG   | Begin setupSubWindow
DEBUG   | Exit setupSubWindow (nothing to do)
DEBUG   | Begin setupSubWindow
DEBUG   | Exit setupSubWindow (nothing to do)
DEBUG   | Begin setupSubWindow
DEBUG   | Exit setupSubWindow (nothing to do)
WARNING      | adb command '/Users/coding/Library/Android/sdk/platform-tools/adb -s emulator-13282 shell am start-foreground-service -e meter on com.android.emulator.radio.config/.MeterService ' failed: 'adb: device offline'
DEBUG   | calling ctec from remote
DEBUG   | added one remote client
DEBUG   | Sending CMD_REPAINT to reposting thread
DEBUG   | Reposting thread dequeueing a CMD_REPAINT
DEBUG   | Reposting framebuffer.
DEBUG   | Has last posted colorbuffer and is initialized; post.
DEBUG   | Begin setupSubWindow
DEBUG   | Exit setupSubWindow (nothing to do)
DEBUG   | Begin setupSubWindow
DEBUG   | setupSubwindow: draw last posted cb
DEBUG   | Exit setupSubWindow (successful setup)
DEBUG   | Begin setupSubWindow
DEBUG   | Exit setupSubWindow (nothing to do)
DEBUG   | Begin setupSubWindow
DEBUG   | Exit setupSubWindow (nothing to do)
DEBUG   | ShareGroup::postLoadRestore: 0x6000006ff570: start post load restore namespace for type 0

DEBUG   | ShareGroup::postLoadRestore: 0x6000006ff570: end post load restore namespace for type 0

DEBUG   | ShareGroup::postLoadRestore: 0x6000006ff570: start post load restore namespace for type 1

DEBUG   | ShareGroup::postLoadRestore: 0x6000006ff570: end post load restore namespace for type 1

DEBUG   | ShareGroup::postLoadRestore: 0x6000006ff570: start post load restore namespace for type 2

DEBUG   | ShareGroup::postLoadRestore: 0x6000006ff570: end post load restore namespace for type 2

DEBUG   | ShareGroup::postLoadRestore: 0x6000006ff570: start post load restore namespace for type 3

DEBUG   | ShareGroup::postLoadRestore: 0x6000006ff570: end post load restore namespace for type 3

DEBUG   | ShareGroup::postLoadRestore: 0x6000006ff570: start post load restore namespace for type 4

DEBUG   | ShareGroup::postLoadRestore: 0x6000006ff570: end post load restore namespace for type 4

DEBUG   | ShareGroup::postLoadRestore: 0x6000006ff570: start post load restore namespace for type 5

DEBUG   | ShareGroup::postLoadRestore: 0x6000006ff570: end post load restore namespace for type 5

DEBUG   | ShareGroup::postLoadRestore: 0x6000006ff570: start post load restore namespace for type 6

DEBUG   | ShareGroup::postLoadRestore: 0x6000006ff570: end post load restore namespace for type 6

DEBUG   | ShareGroup::postLoadRestore: 0x6000006ff570: start post load restore namespace for type 7

DEBUG   | ShareGroup::postLoadRestore: 0x6000006ff570: end post load restore namespace for type 7

DEBUG   | ShareGroup::postLoadRestore: 0x6000006ff570: start post load restore namespace for type 8

DEBUG   | ShareGroup::postLoadRestore: 0x6000006ff570: end post load restore namespace for type 8

DEBUG   | ShareGroup::postLoadRestore: 0x6000006ff570: start post load restore namespace for type 9

DEBUG   | ShareGroup::postLoadRestore: 0x6000006ff570: end post load restore namespace for type 9

DEBUG   | ColorBuffer 9, 173x173, VK_FORMAT_R8G8B8A8_UNORM, Memory [size: 121104, type: 0, props: 15 / 1]
DEBUG   | ShareGroup::postLoadRestore: 0x6000006ff1b0: start post load restore namespace for type 0

DEBUG   | ShareGroup::postLoadRestore: 0x6000006ff1b0: end post load restore namespace for type 0

DEBUG   | ShareGroup::postLoadRestore: 0x6000006ff1b0: start post load restore namespace for type 1

DEBUG   | ShareGroup::postLoadRestore: 0x6000006ff1b0: end post load restore namespace for type 1

DEBUG   | ShareGroup::postLoadRestore: 0x6000006ff1b0: start post load restore namespace for type 2

DEBUG   | ShareGroup::postLoadRestore: 0x6000006ff1b0: end post load restore namespace for type 2

DEBUG   | ShareGroup::postLoadRestore: 0x6000006ff1b0: start post load restore namespace for type 3

DEBUG   | ShareGroup::postLoadRestore: 0x6000006ff1b0: end post load restore namespace for type 3

DEBUG   | ShareGroup::postLoadRestore: 0x6000006ff1b0: start post load restore namespace for type 4

DEBUG   | ShareGroup::postLoadRestore: 0x6000006ff1b0: end post load restore namespace for type 4

DEBUG   | ShareGroup::postLoadRestore: 0x6000006ff1b0: start post load restore namespace for type 5

DEBUG   | Started new RenderThread (total 20) @0x12d0752e0
DEBUG   | ShareGroup::postLoadRestore: 0x6000006ff1b0: end post load restore namespace for type 5

DEBUG   | ShareGroup::postLoadRestore: 0x6000006ff1b0: start post load restore namespace for type 6

DEBUG   | ShareGroup::postLoadRestore: 0x6000006ff1b0: end post load restore namespace for type 6

DEBUG   | ShareGroup::postLoadRestore: 0x6000006ff1b0: start post load restore namespace for type 7

DEBUG   | ShareGroup::postLoadRestore: 0x6000006ff1b0: end post load restore namespace for type 7

DEBUG   | ShareGroup::postLoadRestore: 0x6000006ff1b0: start post load restore namespace for type 8

DEBUG   | ShareGroup::postLoadRestore: 0x6000006ff1b0: end post load restore namespace for type 8

DEBUG   | ShareGroup::postLoadRestore: 0x6000006ff1b0: start post load restore namespace for type 9

DEBUG   | ShareGroup::postLoadRestore: 0x6000006ff1b0: end post load restore namespace for type 9

DEBUG   | ColorBuffer 12, 1x1, VK_FORMAT_R8G8B8A8_UNORM, Memory [size: 16, type: 0, props: 15 / 1]
DEBUG   | ShareGroup::postLoadRestore: 0x6000006ff930: start post load restore namespace for type 0

DEBUG   | ShareGroup::postLoadRestore: 0x6000006ff930: end post load restore namespace for type 0

DEBUG   | ShareGroup::postLoadRestore: 0x6000006ff930: start post load restore namespace for type 1

DEBUG   | ShareGroup::postLoadRestore: 0x6000006ff930: end post load restore namespace for type 1

DEBUG   | ShareGroup::postLoadRestore: 0x6000006ff930: start post load restore namespace for type 2

DEBUG   | ShareGroup::postLoadRestore: 0x6000006ff930: end post load restore namespace for type 2

DEBUG   | ShareGroup::postLoadRestore: 0x6000006ff930: start post load restore namespace for type 3

DEBUG   | ShareGroup::postLoadRestore: 0x6000006ff930: end post load restore namespace for type 3

DEBUG   | ShareGroup::postLoadRestore: 0x6000006ff930: start post load restore namespace for type 4

DEBUG   | ShareGroup::postLoadRestore: 0x6000006ff930: end post load restore namespace for type 4

DEBUG   | ShareGroup::postLoadRestore: 0x6000006ff930: start post load restore namespace for type 5

DEBUG   | ShareGroup::postLoadRestore: 0x6000006ff930: end post load restore namespace for type 5

DEBUG   | ShareGroup::postLoadRestore: 0x6000006ff930: start post load restore namespace for type 6

DEBUG   | ShareGroup::postLoadRestore: 0x6000006ff930: end post load restore namespace for type 6

DEBUG   | ShareGroup::postLoadRestore: 0x6000006ff930: start post load restore namespace for type 7

DEBUG   | ShareGroup::postLoadRestore: 0x6000006ff930: end post load restore namespace for type 7

DEBUG   | ShareGroup::postLoadRestore: 0x6000006ff930: start post load restore namespace for type 8

DEBUG   | ShareGroup::postLoadRestore: 0x6000006ff930: end post load restore namespace for type 8

DEBUG   | ShareGroup::postLoadRestore: 0x6000006ff930: start post load restore namespace for type 9

DEBUG   | ShareGroup::postLoadRestore: 0x6000006ff930: end post load restore namespace for type 9

DEBUG   | ShareGroup::postLoadRestore: 0x6000006feb20: start post load restore namespace for type 0

DEBUG   | ShareGroup::postLoadRestore: 0x6000006feb20: end post load restore namespace for type 0

DEBUG   | ShareGroup::postLoadRestore: 0x6000006feb20: start post load restore namespace for type 1

DEBUG   | ShareGroup::postLoadRestore: 0x6000006feb20: end post load restore namespace for type 1

DEBUG   | ShareGroup::postLoadRestore: 0x6000006feb20: start post load restore namespace for type 2

DEBUG   | ShareGroup::postLoadRestore: 0x6000006feb20: end post load restore namespace for type 2

DEBUG   | ShareGroup::postLoadRestore: 0x6000006feb20: start post load restore namespace for type 3

DEBUG   | ShareGroup::postLoadRestore: 0x6000006feb20: end post load restore namespace for type 3

DEBUG   | ShareGroup::postLoadRestore: 0x6000006feb20: start post load restore namespace for type 4

DEBUG   | ShareGroup::postLoadRestore: 0x6000006feb20: end post load restore namespace for type 4

DEBUG   | ShareGroup::postLoadRestore: 0x6000006feb20: start post load restore namespace for type 5


01:29:45.926 detox[67967] i settled on emulator-13282 (Pixel_9)
  data: {
    "id": "emulator-13282",
    "adbName": "emulator-13282",
    "name": "emulator-13282 (Pixel_9)"
  }
01:29:45.926 detox[67967] E allocate
01:29:45.927 detox[67967] B post-allocate: emulator-13282
  data: {
    "id": "emulator-13282",
    "adbName": "emulator-13282",
    "name": "emulator-13282 (Pixel_9)"
  }
01:29:45.927 detox[67967] i "/Users/coding/Library/Android/sdk/platform-tools/adb" -s emulator-13282 shell "getprop dev.bootcomplete"
01:29:45.971 detox[67967] i 1

01:29:45.972 detox[67967] i "/Users/coding/Library/Android/sdk/platform-tools/adb" -s emulator-13282 shell "getprop ro.build.version.sdk"
01:29:46.000 detox[67967] i 36

01:29:46.001 detox[67967] i "/Users/coding/Library/Android/sdk/platform-tools/adb" -s emulator-13282 shell "settings put global animator_duration_scale 0"
01:29:46.092 detox[67967] i 
01:29:46.092 detox[67967] i "/Users/coding/Library/Android/sdk/platform-tools/adb" -s emulator-13282 shell "settings put global window_animation_scale 0"
01:29:46.125 detox[67967] i 
01:29:46.125 detox[67967] i "/Users/coding/Library/Android/sdk/platform-tools/adb" -s emulator-13282 shell "settings put global transition_animation_scale 0"
01:29:46.168 detox[67967] i 
01:29:46.168 detox[67967] i "/Users/coding/Library/Android/sdk/platform-tools/adb" -s emulator-13282 shell "dumpsys power | grep \"^[ ]*m[UW].*=\""
01:29:46.229 detox[67967] i   mWakefulness=Awake
  mWakefulnessChanging=false
  mUseAutoSuspend=true
  mWakeLockSummary=0x1
  mWakeUpWhenPluggedOrUnpluggedConfig=false
  mWakeUpWhenPluggedOrUnpluggedInTheaterModeConfig=false
  mUserActivityTimeoutOverrideFromWindowManager=-1
  mUserInactiveOverrideFromWindowManager=false
  mUseNormalBrightnessForDoze=false
  mUserId=0
  mWakeLockSummary=0x1
  mUserInteractionBackoffMillis=60000

01:29:46.229 detox[67967] E post-allocate: emulator-13282
01:29:46.229 detox[67967] i dispatching event to socket  :  allocateDeviceDone {
  deviceCookie: {
    id: 'emulator-13282',
    adbName: 'emulator-13282',
    name: 'emulator-13282 (Pixel_9)'
  }
}
01:29:46.229 detox[67968] i ## received events ##
01:29:46.229 detox[67968] i detected event allocateDeviceDone {
  deviceCookie: {
    id: 'emulator-13282',
    adbName: 'emulator-13282',
    name: 'emulator-13282 (Pixel_9)'
  }
}
01:29:46.251 detox[67968] B onBootDevice
  args: ({"deviceId":"emulator-13282"})
01:29:46.251 detox[67968] E onBootDevice
01:29:46.251 detox[67968] B installUtilBinaries
  args: ()
01:29:46.251 detox[67968] E installUtilBinaries
01:29:46.252 detox[67968] B selectApp
  args: ("default")
01:29:46.253 detox[67968] i "/Users/coding/Library/Android/sdk/build-tools/36.1.0/aapt" dump badging "/Users/coding/Projects/notes_brain/apps/mobile/android/app/build/outputs/apk/detox/app-detox.apk"
01:29:46.267 detox[67968] i package: name='com.notesbrain.echo' versionCode='1' versionName='1.0.0' platformBuildVersionName='16' platformBuildVersionCode='36' compileSdkVersion='36' compileSdkVersionCodename='16'
sdkVersion:'24'
targetSdkVersion:'36'
uses-permission: name='android.permission.INTERNET'
uses-permission: name='android.permission.MODIFY_AUDIO_SETTINGS'
uses-permission: name='android.permission.READ_EXTERNAL_STORAGE'
uses-permission: name='android.permission.RECORD_AUDIO'
uses-permission: name='android.permission.SYSTEM_ALERT_WINDOW'
uses-permission: name='android.permission.VIBRATE'
uses-permission: name='android.permission.WRITE_EXTERNAL_STORAGE'
uses-permission: name='android.permission.ACCESS_NETWORK_STATE'
uses-permission: name='android.permission.ACCESS_WIFI_STATE'
uses-permission: name='android.permission.FOREGROUND_SERVICE'
uses-permission: name='android.permission.FOREGROUND_SERVICE_MEDIA_PLAYBACK'
uses-permission: name='android.permission.RECEIVE_BOOT_COMPLETED'
uses-permission: name='android.permission.POST_NOTIFICATIONS'
uses-permission: name='android.permission.WAKE_LOCK'
uses-permission: name='com.google.android.c2dm.permission.RECEIVE'
uses-permission: name='android.permission.USE_BIOMETRIC'
uses-permission: name='android.permission.USE_FINGERPRINT'
uses-permission: name='com.notesbrain.echo.DYNAMIC_RECEIVER_NOT_EXPORTED_PERMISSION'
uses-permission: name='com.google.android.finsky.permission.BIND_GET_INSTALL_REFERRER_SERVICE'
uses-permission: name='com.sec.android.provider.badge.permission.READ'
uses-permission: name='com.sec.android.provider.badge.permission.WRITE'
uses-permission: name='com.htc.launcher.permission.READ_SETTINGS'
uses-permission: name='com.htc.launcher.permission.UPDATE_SHORTCUT'
uses-permission: name='com.sonyericsson.home.permission.BROADCAST_BADGE'
uses-permission: name='com.sonymobile.home.permission.PROVIDER_INSERT_BADGE'
uses-permission: name='com.anddoes.launcher.permission.UPDATE_COUNT'
uses-permission: name='com.majeur.launcher.permission.UPDATE_BADGE'
uses-permission: name='com.huawei.android.launcher.permission.CHANGE_BADGE'
uses-permission: name='com.huawei.android.launcher.permission.READ_SETTINGS'
uses-permission: name='com.huawei.android.launcher.permission.WRITE_SETTINGS'
uses-permission: name='android.permission.READ_APP_BADGE'
uses-permission: name='com.oppo.launcher.permission.READ_SETTINGS'
uses-permission: name='com.oppo.launcher.permission.WRITE_SETTINGS'
uses-permission: name='me.everything.badger.permission.BADGE_COUNT_READ'
uses-permission: name='me.everything.badger.permission.BADGE_COUNT_WRITE'
application-label:'Echo'
application-label-af:'Echo'
application-label-am:'Echo'
application-label-ar:'Echo'
application-label-as:'Echo'
application-label-az:'Echo'
application-label-be:'Echo'
application-label-bg:'Echo'
application-label-bn:'Echo'
application-label-bs:'Echo'
application-label-ca:'Echo'
application-label-cs:'Echo'
application-label-da:'Echo'
application-label-de:'Echo'
application-label-el:'Echo'
application-label-en-AU:'Echo'
application-label-en-CA:'Echo'
application-label-en-GB:'Echo'
application-label-en-IN:'Echo'
application-label-en-XC:'Echo'
application-label-es:'Echo'
application-label-es-419:'Echo'
application-label-es-ES:'Echo'
application-label-es-US:'Echo'
application-label-et:'Echo'
application-label-eu:'Echo'
application-label-fa:'Echo'
application-label-fi:'Echo'
application-label-fr:'Echo'
application-label-fr-CA:'Echo'
application-label-gl:'Echo'
application-label-gu:'Echo'
application-label-hi:'Echo'
application-label-hr:'Echo'
application-label-hu:'Echo'
application-label-hy:'Echo'
application-label-in:'Echo'
application-label-is:'Echo'
application-label-it:'Echo'
application-label-iw:'Echo'
application-label-ja:'Echo'
application-label-ka:'Echo'
application-label-kk:'Echo'
application-label-km:'Echo'
application-label-kn:'Echo'
application-label-ko:'Echo'
application-label-ky:'Echo'
application-label-lo:'Echo'
application-label-lt:'Echo'
application-label-lv:'Echo'
application-label-mk:'Echo'
application-label-ml:'Echo'
application-label-mn:'Echo'
application-label-mr:'Echo'
application-label-ms:'Echo'
application-label-my:'Echo'
application-label-nb:'Echo'
application-label-ne:'Echo'
application-label-nl:'Echo'
application-label-or:'Echo'
application-label-pa:'Echo'
application-label-pl:'Echo'
application-label-pt:'Echo'
application-label-pt-BR:'Echo'
application-label-pt-PT:'Echo'
application-label-ro:'Echo'
application-label-ru:'Echo'
application-label-si:'Echo'
application-label-sk:'Echo'
application-label-sl:'Echo'
application-label-sq:'Echo'
application-label-sr:'Echo'
application-label-sr-Latn:'Echo'
application-label-sv:'Echo'
application-label-sw:'Echo'
application-label-ta:'Echo'
application-label-te:'Echo'
application-label-th:'Echo'
application-label-tl:'Echo'
application-label-tr:'Echo'
application-label-uk:'Echo'
application-label-ur:'Echo'
application-label-uz:'Echo'
application-label-vi:'Echo'
application-label-zh-CN:'Echo'
application-label-zh-HK:'Echo'
application-label-zh-TW:'Echo'
application-label-zu:'Echo'
application-icon-120:'res/BW.xml'
application-icon-160:'res/BW.xml'
application-icon-240:'res/BW.xml'
application-icon-320:'res/BW.xml'
application-icon-480:'res/BW.xml'
application-icon-640:'res/BW.xml'
application-icon-65534:'res/BW.xml'
application: label='Echo' icon='res/BW.xml'
launchable-activity: name='com.notesbrain.echo.MainActivity'  label='' icon=''
feature-group: label=''
  uses-feature: name='android.hardware.faketouch'
  uses-implied-feature: name='android.hardware.faketouch' reason='default feature for all apps'
  uses-feature: name='android.hardware.microphone'
  uses-implied-feature: name='android.hardware.microphone' reason='requested android.permission.RECORD_AUDIO permission'
  uses-feature: name='android.hardware.screen.portrait'
  uses-implied-feature: name='android.hardware.screen.portrait' reason='one or more activities have specified a portrait orientation'
  uses-feature: name='android.hardware.wifi'
  uses-implied-feature: name='android.hardware.wifi' reason='requested android.permission.ACCESS_WIFI_STATE permission'
main
other-activities
other-receivers
other-services
supports-screens: 'small' 'normal' 'large' 'xlarge'
supports-any-density: 'true'
locales: '--_--' 'af' 'am' 'ar' 'as' 'az' 'be' 'bg' 'bn' 'bs' 'ca' 'cs' 'da' 'de' 'el' 'en-AU' 'en-CA' 'en-GB' 'en-IN' 'en-XC' 'es' 'es-419' 'es-ES' 'es-US' 'et' 'eu' 'fa' 'fi' 'fr' 'fr-CA' 'gl' 'gu' 'hi' 'hr' 'hu' 'hy' 'in' 'is' 'it' 'iw' 'ja' 'ka' 'kk' 'km' 'kn' 'ko' 'ky' 'lo' 'lt' 'lv' 'mk' 'ml' 'mn' 'mr' 'ms' 'my' 'nb' 'ne' 'nl' 'or' 'pa' 'pl' 'pt' 'pt-BR' 'pt-PT' 'ro' 'ru' 'si' 'sk' 'sl' 'sq' 'sr' 'sr-Latn' 'sv' 'sw' 'ta' 'te' 'th' 'tl' 'tr' 'uk' 'ur' 'uz' 'vi' 'zh-CN' 'zh-HK' 'zh-TW' 'zu'
densities: '120' '160' '240' '320' '480' '640' '65534'
native-code: 'arm64-v8a' 'x86_64'

01:29:46.268 detox[67968] E selectApp
01:29:46.268 detox[67968] B uninstallApp
  args: ()
01:29:46.268 detox[67968] B onBeforeUninstallApp
  args: ({"deviceId":"emulator-13282","bundleId":"com.notesbrain.echo"})
01:29:46.268 detox[67968] E onBeforeUninstallApp
01:29:46.268 detox[67968] i "/Users/coding/Library/Android/sdk/platform-tools/adb" -s emulator-13282 shell "pm list packages com.notesbrain.echo"
01:29:46.303 detox[67968] i 
01:29:46.304 detox[67968] i "/Users/coding/Library/Android/sdk/platform-tools/adb" -s emulator-13282 shell "pm list packages com.notesbrain.echo.test"
01:29:46.344 detox[67968] i 
01:29:46.344 detox[67968] E uninstallApp
01:29:46.344 detox[67968] B selectApp
  args: ("default")
01:29:46.344 detox[67968] B terminateApp
  args: ()
01:29:46.344 detox[67968] B onBeforeTerminateApp
  args: ({"deviceId":"emulator-13282","bundleId":"com.notesbrain.echo"})
01:29:46.344 detox[67968] E onBeforeTerminateApp
01:29:46.344 detox[67968] i "/Users/coding/Library/Android/sdk/platform-tools/adb" -s emulator-13282 shell "am force-stop com.notesbrain.echo"
01:29:46.390 detox[67968] i 
01:29:46.390 detox[67968] B onTerminateApp
  args: ({"deviceId":"emulator-13282","bundleId":"com.notesbrain.echo"})
01:29:46.390 detox[67968] E onTerminateApp
01:29:46.391 detox[67968] E terminateApp
01:29:46.391 detox[67968] E selectApp
01:29:46.391 detox[67968] B installApp
  args: ()
01:29:46.391 detox[67968] i "/Users/coding/Library/Android/sdk/build-tools/36.1.0/aapt" dump xmlstrings "/Users/coding/Projects/notes_brain/apps/mobile/android/app/build/outputs/apk/detox/app-detox.apk" AndroidManifest.xml
01:29:46.405 detox[67968] i String pool of 190 unique UTF-16 non-sorted strings, 190 entries and 0 styles using 14400 bytes:
String #0: theme
String #1: label
String #2: icon
String #3: name
String #4: permission
String #5: protectionLevel
String #6: enabled
String #7: exported
String #8: taskAffinity
String #9: excludeFromRecents
String #10: authorities
String #11: initOrder
String #12: grantUriPermissions
String #13: priority
String #14: launchMode
String #15: screenOrientation
String #16: configChanges
String #17: value
String #18: resource
String #19: mimeType
String #20: scheme
String #21: minSdkVersion
String #22: versionCode
String #23: versionName
String #24: windowSoftInputMode
String #25: noHistory
String #26: targetSdkVersion
String #27: allowBackup
String #28: supportsRtl
String #29: extractNativeLibs
String #30: fullBackupContent
String #31: usesCleartextTraffic
String #32: directBootAware
String #33: roundIcon
String #34: compileSdkVersion
String #35: compileSdkVersionCodename
String #36: appComponentFactory
String #37: foregroundServiceType
String #38: dataExtractionRules
String #39: enableOnBackInvokedCallback
String #40: 
String #41: 1.0.0
String #42: 16
String #43: ALWAYS
String #44: action
String #45: activity
String #46: android
String #47: android.intent.action.BOOT_COMPLETED
String #48: android.intent.action.MAIN
String #49: android.intent.action.MY_PACKAGE_REPLACED
String #50: android.intent.action.OPEN_DOCUMENT_TREE
String #51: android.intent.action.QUICKBOOT_POWERON
String #52: android.intent.action.REBOOT
String #53: android.intent.action.SEND
String #54: android.intent.action.SEND_MULTIPLE
String #55: android.intent.action.VIEW
String #56: android.intent.category.BROWSABLE
String #57: android.intent.category.DEFAULT
String #58: android.intent.category.LAUNCHER
String #59: android.permission.ACCESS_NETWORK_STATE
String #60: android.permission.ACCESS_WIFI_STATE
String #61: android.permission.BIND_JOB_SERVICE
String #62: android.permission.DUMP
String #63: android.permission.FOREGROUND_SERVICE
String #64: android.permission.FOREGROUND_SERVICE_MEDIA_PLAYBACK
String #65: android.permission.INTERNET
String #66: android.permission.MODIFY_AUDIO_SETTINGS
String #67: android.permission.POST_NOTIFICATIONS
String #68: android.permission.READ_APP_BADGE
String #69: android.permission.READ_EXTERNAL_STORAGE
String #70: android.permission.RECEIVE_BOOT_COMPLETED
String #71: android.permission.RECORD_AUDIO
String #72: android.permission.SYSTEM_ALERT_WINDOW
String #73: android.permission.USE_BIOMETRIC
String #74: android.permission.USE_FINGERPRINT
String #75: android.permission.VIBRATE
String #76: android.permission.WAKE_LOCK
String #77: android.permission.WRITE_EXTERNAL_STORAGE
String #78: android.support.FILE_PROVIDER_PATHS
String #79: androidx.compose.ui.tooling.PreviewActivity
String #80: androidx.core.app.CoreComponentFactory
String #81: androidx.emoji2.text.EmojiCompatInitializer
String #82: androidx.lifecycle.ProcessLifecycleInitializer
String #83: androidx.media3.session.MediaSessionService
String #84: androidx.profileinstaller.ProfileInstallReceiver
String #85: androidx.profileinstaller.ProfileInstallerInitializer
String #86: androidx.profileinstaller.action.BENCHMARK_OPERATION
String #87: androidx.profileinstaller.action.INSTALL_PROFILE
String #88: androidx.profileinstaller.action.SAVE_PROFILE
String #89: androidx.profileinstaller.action.SKIP_FILE
String #90: androidx.startup
String #91: androidx.startup.InitializationProvider
String #92: application
String #93: application/pdf
String #94: backend:com.google.android.datatransport.cct.CctBackendFactory
String #95: barcode_ui
String #96: category
String #97: cct
String #98: com.anddoes.launcher.permission.UPDATE_COUNT
String #99: com.facebook.soloader.enabled
String #100: com.google.android.c2dm.intent.RECEIVE
String #101: com.google.android.c2dm.permission.RECEIVE
String #102: com.google.android.c2dm.permission.SEND
String #103: com.google.android.datatransport.runtime.backends.TransportBackendDiscovery
String #104: com.google.android.datatransport.runtime.scheduling.jobscheduling.AlarmManagerSchedulerBroadcastReceiver
String #105: com.google.android.datatransport.runtime.scheduling.jobscheduling.JobInfoSchedulerService
String #106: com.google.android.finsky.permission.BIND_GET_INSTALL_REFERRER_SERVICE
String #107: com.google.android.gms.cloudmessaging.FINISHED_AFTER_HANDLED
String #108: com.google.android.gms.common.api.GoogleApiActivity
String #109: com.google.android.gms.version
String #110: com.google.firebase.MESSAGING_EVENT
String #111: com.google.firebase.components.ComponentDiscoveryService
String #112: com.google.firebase.components.ComponentRegistrar
String #113: com.google.firebase.components:com.google.firebase.FirebaseCommonKtxRegistrar
String #114: com.google.firebase.components:com.google.firebase.datatransport.TransportRegistrar
String #115: com.google.firebase.components:com.google.firebase.installations.FirebaseInstallationsKtxRegistrar
String #116: com.google.firebase.components:com.google.firebase.installations.FirebaseInstallationsRegistrar
String #117: com.google.firebase.components:com.google.firebase.ktx.FirebaseCommonLegacyRegistrar
String #118: com.google.firebase.components:com.google.firebase.messaging.FirebaseMessagingKtxRegistrar
String #119: com.google.firebase.components:com.google.firebase.messaging.FirebaseMessagingRegistrar
String #120: com.google.firebase.components:com.google.mlkit.common.internal.CommonComponentRegistrar
String #121: com.google.firebase.components:com.google.mlkit.vision.barcode.internal.BarcodeRegistrar
String #122: com.google.firebase.components:com.google.mlkit.vision.common.internal.VisionCommonRegistrar
String #123: com.google.firebase.iid.FirebaseInstanceIdReceiver
String #124: com.google.firebase.messaging.FirebaseMessagingService
String #125: com.google.firebase.messaging.default_notification_color
String #126: com.google.firebase.messaging.default_notification_icon
String #127: com.google.firebase.provider.FirebaseInitProvider
String #128: com.google.mlkit.common.internal.MlKitComponentDiscoveryService
String #129: com.google.mlkit.common.internal.MlKitInitProvider
String #130: com.google.mlkit.vision.DEPENDENCIES
String #131: com.google.mlkit.vision.codescanner.internal.GmsBarcodeScanningDelegateActivity
String #132: com.htc.intent.action.QUICKBOOT_POWERON
String #133: com.htc.launcher.permission.READ_SETTINGS
String #134: com.htc.launcher.permission.UPDATE_SHORTCUT
String #135: com.huawei.android.launcher.permission.CHANGE_BADGE
String #136: com.huawei.android.launcher.permission.READ_SETTINGS
String #137: com.huawei.android.launcher.permission.WRITE_SETTINGS
String #138: com.majeur.launcher.permission.UPDATE_BADGE
String #139: com.notesbrain.echo
String #140: com.notesbrain.echo.DYNAMIC_RECEIVER_NOT_EXPORTED_PERMISSION
String #141: com.notesbrain.echo.FileSystemFileProvider
String #142: com.notesbrain.echo.MainActivity
String #143: com.notesbrain.echo.MainApplication
String #144: com.notesbrain.echo.androidx-startup
String #145: com.notesbrain.echo.firebaseinitprovider
String #146: com.notesbrain.echo.mlkitinitprovider
String #147: com.oppo.launcher.permission.READ_SETTINGS
String #148: com.oppo.launcher.permission.WRITE_SETTINGS
String #149: com.sec.android.provider.badge.permission.READ
String #150: com.sec.android.provider.badge.permission.WRITE
String #151: com.sonyericsson.home.permission.BROADCAST_BADGE
String #152: com.sonymobile.home.permission.PROVIDER_INSERT_BADGE
String #153: data
String #154: echo
String #155: exp+echo
String #156: expo.modules.adapters.react.apploader.RNHeadlessAppLoader
String #157: expo.modules.audio.service.AudioControlsService
String #158: expo.modules.audio.service.AudioRecordingService
String #159: expo.modules.filesystem.FileSystemFileProvider
String #160: expo.modules.notifications.NOTIFICATION_EVENT
String #161: expo.modules.notifications.default_notification_color
String #162: expo.modules.notifications.default_notification_icon
String #163: expo.modules.notifications.service.ExpoFirebaseMessagingService
String #164: expo.modules.notifications.service.NotificationForwarderActivity
String #165: expo.modules.notifications.service.NotificationsService
String #166: expo.modules.updates.ENABLED
String #167: expo.modules.updates.EXPO_UPDATES_CHECK_ON_LAUNCH
String #168: expo.modules.updates.EXPO_UPDATES_LAUNCH_WAIT_MS
String #169: http://schemas.android.com/apk/res/android
String #170: https
String #171: image/*
String #172: intent
String #173: intent-filter
String #174: manifest
String #175: me.everything.badger.permission.BADGE_COUNT_READ
String #176: me.everything.badger.permission.BADGE_COUNT_WRITE
String #177: meta-data
String #178: org.unimodules.core.AppLoader#react-native-headless
String #179: package
String #180: permission
String #181: platformBuildVersionCode
String #182: platformBuildVersionName
String #183: provider
String #184: queries
String #185: receiver
String #186: service
String #187: text/*
String #188: uses-permission
String #189: uses-sdk

01:29:46.405 detox[67968] i "/Users/coding/Library/Android/sdk/build-tools/36.1.0/aapt" dump xmlstrings "/Users/coding/Projects/notes_brain/apps/mobile/android/app/build/outputs/apk/androidTest/detox/app-detox-androidTest.apk" AndroidManifest.xml
01:29:46.419 detox[67968] i String pool of 42 unique UTF-16 non-sorted strings, 42 entries and 0 styles using 2112 bytes:
String #0: theme
String #1: label
String #2: name
String #3: exported
String #4: priority
String #5: targetPackage
String #6: handleProfiling
String #7: functionalTest
String #8: minSdkVersion
String #9: targetSdkVersion
String #10: extractNativeLibs
String #11: compileSdkVersion
String #12: compileSdkVersionCodename
String #13: 16
String #14: Tests for com.notesbrain.echo
String #15: activity
String #16: android
String #17: android.intent.category.LAUNCHER
String #18: android.permission.REORDER_TASKS
String #19: android.test.runner
String #20: androidx.test.core.app.InstrumentationActivityInvoker$BootstrapActivity
String #21: androidx.test.core.app.InstrumentationActivityInvoker$EmptyActivity
String #22: androidx.test.core.app.InstrumentationActivityInvoker$EmptyFloatingActivity
String #23: androidx.test.orchestrator
String #24: androidx.test.runner.AndroidJUnitRunner
String #25: androidx.test.services
String #26: application
String #27: category
String #28: com.google.android.apps.common.testing.services
String #29: com.notesbrain.echo
String #30: com.notesbrain.echo.test
String #31: http://schemas.android.com/apk/res/android
String #32: instrumentation
String #33: intent-filter
String #34: manifest
String #35: package
String #36: platformBuildVersionCode
String #37: platformBuildVersionName
String #38: queries
String #39: uses-library
String #40: uses-permission
String #41: uses-sdk

01:29:46.419 detox[67968] i "/Users/coding/Library/Android/sdk/platform-tools/adb" -s emulator-13282 shell "rm -fr /data/local/tmp/detox"
01:29:46.452 detox[67968] i 
01:29:46.452 detox[67968] i "/Users/coding/Library/Android/sdk/platform-tools/adb" -s emulator-13282 shell "mkdir -p /data/local/tmp/detox"
01:29:46.483 detox[67968] i 
01:29:46.483 detox[67968] i "/Users/coding/Library/Android/sdk/platform-tools/adb" -s emulator-13282 push "/Users/coding/Projects/notes_brain/apps/mobile/android/app/build/outputs/apk/detox/app-detox.apk" "/data/local/tmp/detox/Application.apk"
01:29:46.757 detox[67968] i /Users/coding/Projects/notes_brain/apps/mobile/android/app/build/outputs/apk/detox/app-detox.apk: 1 file pushed, 0 skipped. 350.1 MB/s (66811203 bytes in 0.182s)

01:29:46.757 detox[67968] i "/Users/coding/Library/Android/sdk/platform-tools/adb" -s emulator-13282 shell "getprop ro.build.version.sdk"
01:29:46.816 detox[67968] i 36

01:29:46.817 detox[67968] i /Users/coding/Library/Android/sdk/platform-tools/adb -s emulator-13282 shell pm install -r -g -t /data/local/tmp/detox/Application.apk
01:29:48.606 detox[67968] i Success

01:29:48.608 detox[67968] i /Users/coding/Library/Android/sdk/platform-tools/adb -s emulator-13282 shell pm install -r -g -t /data/local/tmp/detox/Application.apk exited with code #0
01:29:48.608 detox[67968] i "/Users/coding/Library/Android/sdk/platform-tools/adb" -s emulator-13282 push "/Users/coding/Projects/notes_brain/apps/mobile/android/app/build/outputs/apk/androidTest/detox/app-detox-androidTest.apk" "/data/local/tmp/detox/Test.apk"
01:29:48.641 detox[67968] i /Users/coding/Projects/notes_brain/apps/mobile/android/app/build/outputs/apk/androidTest/detox/app-detox-androidTest.apk: 1 file pushed, 0 skipped. 396.0 MB/s (3215302 bytes in 0.008s)

01:29:48.642 detox[67968] i /Users/coding/Library/Android/sdk/platform-tools/adb -s emulator-13282 shell pm install -r -g -t /data/local/tmp/detox/Test.apk
01:29:49.266 detox[67968] i Success

01:29:49.270 detox[67968] i /Users/coding/Library/Android/sdk/platform-tools/adb -s emulator-13282 shell pm install -r -g -t /data/local/tmp/detox/Test.apk exited with code #0
01:29:49.270 detox[67968] E installApp
01:29:49.270 detox[67968] B selectApp
  args: ("default")
01:29:49.270 detox[67968] B terminateApp
  args: ()
01:29:49.270 detox[67968] B onBeforeTerminateApp
  args: ({"deviceId":"emulator-13282","bundleId":"com.notesbrain.echo"})
01:29:49.270 detox[67968] E onBeforeTerminateApp
01:29:49.270 detox[67968] i "/Users/coding/Library/Android/sdk/platform-tools/adb" -s emulator-13282 shell "am force-stop com.notesbrain.echo"
01:29:49.316 detox[67968] i 
01:29:49.316 detox[67968] B onTerminateApp
  args: ({"deviceId":"emulator-13282","bundleId":"com.notesbrain.echo"})
01:29:49.316 detox[67968] E onTerminateApp
01:29:49.316 detox[67968] E terminateApp
01:29:49.316 detox[67968] E selectApp
01:29:49.317 detox[67968] E set up environment
01:29:49.423 detox[67968] i capture-and-summary.e2e.js is assigned to emulator-13282 (Pixel_9)
01:29:49.424 detox[67968] B run the tests
01:29:49.424 detox[67968] B onRunDescribeStart
  args: ({"name":"ROOT_DESCRIBE_BLOCK"})
01:29:49.424 detox[67968] E onRunDescribeStart
01:29:49.424 detox[67968] B mobile e2e: capture and summary
01:29:49.424 detox[67968] B onRunDescribeStart
  args: ({"name":"mobile e2e: capture and summary"})
01:29:49.424 detox[67968] E onRunDescribeStart
01:29:49.424 detox[67968] B beforeAll
01:29:49.859 detox[67968] E beforeAll
01:29:49.859 detox[67968] B captures a text note and displays it in the notes tab
01:29:49.859 detox[67968] i mobile e2e: capture and summary: captures a text note and displays it in the notes tab
01:29:49.860 detox[67968] B onTestStart
  args: ({"title":"captures a text note and displays it in the notes tab","fullName":"mobile e2e: capture and summary captures a text note and displays it in the notes tab","status":"running","invocations":1})
01:29:49.861 detox[67968] i starting ADBLogcatRecording
01:29:49.862 detox[67968] i /Users/coding/Library/Android/sdk/platform-tools/adb -s emulator-13282 shell "logcat -f /sdcard/12942579_0.log"
01:29:49.862 detox[67968] i starting ADBScreencapRecording
01:29:49.862 detox[67968] i "/Users/coding/Library/Android/sdk/platform-tools/adb" -s emulator-13282 shell "screencap /sdcard/12942579_1.png"
01:29:50.162 detox[67968] i "/Users/coding/Library/Android/sdk/platform-tools/adb" -s emulator-13282 shell du /sdcard/12942579_0.log
01:29:50.190 detox[67968] i 4	/sdcard/12942579_0.log

01:29:50.449 detox[67968] i 
01:29:50.450 detox[67968] i stopping ADBScreencapRecording
01:29:50.450 detox[67968] E onTestStart
01:29:50.450 detox[67968] B beforeEach
01:29:50.450 detox[67968] E beforeEach
01:29:50.450 detox[67968] B beforeEach
01:29:50.689 detox[67968] B launchApp
  args: ({"newInstance":true,"delete":true})
01:29:50.689 detox[67968] B terminateApp
  args: ("com.notesbrain.echo")
01:29:50.689 detox[67968] B onBeforeTerminateApp
  args: ({"deviceId":"emulator-13282","bundleId":"com.notesbrain.echo"})
01:29:50.689 detox[67968] E onBeforeTerminateApp
01:29:50.689 detox[67968] i "/Users/coding/Library/Android/sdk/platform-tools/adb" -s emulator-13282 shell "am force-stop com.notesbrain.echo"
01:29:50.760 detox[67968] i 
01:29:50.760 detox[67968] B onTerminateApp
  args: ({"deviceId":"emulator-13282","bundleId":"com.notesbrain.echo"})
01:29:50.760 detox[67968] E onTerminateApp
01:29:50.760 detox[67968] E terminateApp
01:29:50.760 detox[67968] B uninstallApp
  args: ()
01:29:50.760 detox[67968] B onBeforeUninstallApp
  args: ({"deviceId":"emulator-13282","bundleId":"com.notesbrain.echo"})
01:29:50.760 detox[67968] E onBeforeUninstallApp
01:29:50.760 detox[67968] i "/Users/coding/Library/Android/sdk/platform-tools/adb" -s emulator-13282 shell "pm list packages com.notesbrain.echo"
01:29:50.791 detox[67968] i package:com.notesbrain.echo.test
package:com.notesbrain.echo

01:29:50.792 detox[67968] i "/Users/coding/Library/Android/sdk/platform-tools/adb" -s emulator-13282 uninstall com.notesbrain.echo
01:29:50.880 detox[67968] i Success

01:29:50.880 detox[67968] i "/Users/coding/Library/Android/sdk/platform-tools/adb" -s emulator-13282 shell "pm list packages com.notesbrain.echo.test"
01:29:50.919 detox[67968] i package:com.notesbrain.echo.test

01:29:50.919 detox[67968] i "/Users/coding/Library/Android/sdk/platform-tools/adb" -s emulator-13282 uninstall com.notesbrain.echo.test
01:29:51.045 detox[67968] i Success

01:29:51.045 detox[67968] E uninstallApp
01:29:51.045 detox[67968] B installApp
  args: ()
01:29:51.045 detox[67968] i "/Users/coding/Library/Android/sdk/build-tools/36.1.0/aapt" dump xmlstrings "/Users/coding/Projects/notes_brain/apps/mobile/android/app/build/outputs/apk/detox/app-detox.apk" AndroidManifest.xml
01:29:51.058 detox[67968] i String pool of 190 unique UTF-16 non-sorted strings, 190 entries and 0 styles using 14400 bytes:
String #0: theme
String #1: label
String #2: icon
String #3: name
String #4: permission
String #5: protectionLevel
String #6: enabled
String #7: exported
String #8: taskAffinity
String #9: excludeFromRecents
String #10: authorities
String #11: initOrder
String #12: grantUriPermissions
String #13: priority
String #14: launchMode
String #15: screenOrientation
String #16: configChanges
String #17: value
String #18: resource
String #19: mimeType
String #20: scheme
String #21: minSdkVersion
String #22: versionCode
String #23: versionName
String #24: windowSoftInputMode
String #25: noHistory
String #26: targetSdkVersion
String #27: allowBackup
String #28: supportsRtl
String #29: extractNativeLibs
String #30: fullBackupContent
String #31: usesCleartextTraffic
String #32: directBootAware
String #33: roundIcon
String #34: compileSdkVersion
String #35: compileSdkVersionCodename
String #36: appComponentFactory
String #37: foregroundServiceType
String #38: dataExtractionRules
String #39: enableOnBackInvokedCallback
String #40: 
String #41: 1.0.0
String #42: 16
String #43: ALWAYS
String #44: action
String #45: activity
String #46: android
String #47: android.intent.action.BOOT_COMPLETED
String #48: android.intent.action.MAIN
String #49: android.intent.action.MY_PACKAGE_REPLACED
String #50: android.intent.action.OPEN_DOCUMENT_TREE
String #51: android.intent.action.QUICKBOOT_POWERON
String #52: android.intent.action.REBOOT
String #53: android.intent.action.SEND
String #54: android.intent.action.SEND_MULTIPLE
String #55: android.intent.action.VIEW
String #56: android.intent.category.BROWSABLE
String #57: android.intent.category.DEFAULT
String #58: android.intent.category.LAUNCHER
String #59: android.permission.ACCESS_NETWORK_STATE
String #60: android.permission.ACCESS_WIFI_STATE
String #61: android.permission.BIND_JOB_SERVICE
String #62: android.permission.DUMP
String #63: android.permission.FOREGROUND_SERVICE
String #64: android.permission.FOREGROUND_SERVICE_MEDIA_PLAYBACK
String #65: android.permission.INTERNET
String #66: android.permission.MODIFY_AUDIO_SETTINGS
String #67: android.permission.POST_NOTIFICATIONS
String #68: android.permission.READ_APP_BADGE
String #69: android.permission.READ_EXTERNAL_STORAGE
String #70: android.permission.RECEIVE_BOOT_COMPLETED
String #71: android.permission.RECORD_AUDIO
String #72: android.permission.SYSTEM_ALERT_WINDOW
String #73: android.permission.USE_BIOMETRIC
String #74: android.permission.USE_FINGERPRINT
String #75: android.permission.VIBRATE
String #76: android.permission.WAKE_LOCK
String #77: android.permission.WRITE_EXTERNAL_STORAGE
String #78: android.support.FILE_PROVIDER_PATHS
String #79: androidx.compose.ui.tooling.PreviewActivity
String #80: androidx.core.app.CoreComponentFactory
String #81: androidx.emoji2.text.EmojiCompatInitializer
String #82: androidx.lifecycle.ProcessLifecycleInitializer
String #83: androidx.media3.session.MediaSessionService
String #84: androidx.profileinstaller.ProfileInstallReceiver
String #85: androidx.profileinstaller.ProfileInstallerInitializer
String #86: androidx.profileinstaller.action.BENCHMARK_OPERATION
String #87: androidx.profileinstaller.action.INSTALL_PROFILE
String #88: androidx.profileinstaller.action.SAVE_PROFILE
String #89: androidx.profileinstaller.action.SKIP_FILE
String #90: androidx.startup
String #91: androidx.startup.InitializationProvider
String #92: application
String #93: application/pdf
String #94: backend:com.google.android.datatransport.cct.CctBackendFactory
String #95: barcode_ui
String #96: category
String #97: cct
String #98: com.anddoes.launcher.permission.UPDATE_COUNT
String #99: com.facebook.soloader.enabled
String #100: com.google.android.c2dm.intent.RECEIVE
String #101: com.google.android.c2dm.permission.RECEIVE
String #102: com.google.android.c2dm.permission.SEND
String #103: com.google.android.datatransport.runtime.backends.TransportBackendDiscovery
String #104: com.google.android.datatransport.runtime.scheduling.jobscheduling.AlarmManagerSchedulerBroadcastReceiver
String #105: com.google.android.datatransport.runtime.scheduling.jobscheduling.JobInfoSchedulerService
String #106: com.google.android.finsky.permission.BIND_GET_INSTALL_REFERRER_SERVICE
String #107: com.google.android.gms.cloudmessaging.FINISHED_AFTER_HANDLED
String #108: com.google.android.gms.common.api.GoogleApiActivity
String #109: com.google.android.gms.version
String #110: com.google.firebase.MESSAGING_EVENT
String #111: com.google.firebase.components.ComponentDiscoveryService
String #112: com.google.firebase.components.ComponentRegistrar
String #113: com.google.firebase.components:com.google.firebase.FirebaseCommonKtxRegistrar
String #114: com.google.firebase.components:com.google.firebase.datatransport.TransportRegistrar
String #115: com.google.firebase.components:com.google.firebase.installations.FirebaseInstallationsKtxRegistrar
String #116: com.google.firebase.components:com.google.firebase.installations.FirebaseInstallationsRegistrar
String #117: com.google.firebase.components:com.google.firebase.ktx.FirebaseCommonLegacyRegistrar
String #118: com.google.firebase.components:com.google.firebase.messaging.FirebaseMessagingKtxRegistrar
String #119: com.google.firebase.components:com.google.firebase.messaging.FirebaseMessagingRegistrar
String #120: com.google.firebase.components:com.google.mlkit.common.internal.CommonComponentRegistrar
String #121: com.google.firebase.components:com.google.mlkit.vision.barcode.internal.BarcodeRegistrar
String #122: com.google.firebase.components:com.google.mlkit.vision.common.internal.VisionCommonRegistrar
String #123: com.google.firebase.iid.FirebaseInstanceIdReceiver
String #124: com.google.firebase.messaging.FirebaseMessagingService
String #125: com.google.firebase.messaging.default_notification_color
String #126: com.google.firebase.messaging.default_notification_icon
String #127: com.google.firebase.provider.FirebaseInitProvider
String #128: com.google.mlkit.common.internal.MlKitComponentDiscoveryService
String #129: com.google.mlkit.common.internal.MlKitInitProvider
String #130: com.google.mlkit.vision.DEPENDENCIES
String #131: com.google.mlkit.vision.codescanner.internal.GmsBarcodeScanningDelegateActivity
String #132: com.htc.intent.action.QUICKBOOT_POWERON
String #133: com.htc.launcher.permission.READ_SETTINGS
String #134: com.htc.launcher.permission.UPDATE_SHORTCUT
String #135: com.huawei.android.launcher.permission.CHANGE_BADGE
String #136: com.huawei.android.launcher.permission.READ_SETTINGS
String #137: com.huawei.android.launcher.permission.WRITE_SETTINGS
String #138: com.majeur.launcher.permission.UPDATE_BADGE
String #139: com.notesbrain.echo
String #140: com.notesbrain.echo.DYNAMIC_RECEIVER_NOT_EXPORTED_PERMISSION
String #141: com.notesbrain.echo.FileSystemFileProvider
String #142: com.notesbrain.echo.MainActivity
String #143: com.notesbrain.echo.MainApplication
String #144: com.notesbrain.echo.androidx-startup
String #145: com.notesbrain.echo.firebaseinitprovider
String #146: com.notesbrain.echo.mlkitinitprovider
String #147: com.oppo.launcher.permission.READ_SETTINGS
String #148: com.oppo.launcher.permission.WRITE_SETTINGS
String #149: com.sec.android.provider.badge.permission.READ
String #150: com.sec.android.provider.badge.permission.WRITE
String #151: com.sonyericsson.home.permission.BROADCAST_BADGE
String #152: com.sonymobile.home.permission.PROVIDER_INSERT_BADGE
String #153: data
String #154: echo
String #155: exp+echo
String #156: expo.modules.adapters.react.apploader.RNHeadlessAppLoader
String #157: expo.modules.audio.service.AudioControlsService
String #158: expo.modules.audio.service.AudioRecordingService
String #159: expo.modules.filesystem.FileSystemFileProvider
String #160: expo.modules.notifications.NOTIFICATION_EVENT
String #161: expo.modules.notifications.default_notification_color
String #162: expo.modules.notifications.default_notification_icon
String #163: expo.modules.notifications.service.ExpoFirebaseMessagingService
String #164: expo.modules.notifications.service.NotificationForwarderActivity
String #165: expo.modules.notifications.service.NotificationsService
String #166: expo.modules.updates.ENABLED
String #167: expo.modules.updates.EXPO_UPDATES_CHECK_ON_LAUNCH
String #168: expo.modules.updates.EXPO_UPDATES_LAUNCH_WAIT_MS
String #169: http://schemas.android.com/apk/res/android
String #170: https
String #171: image/*
String #172: intent
String #173: intent-filter
String #174: manifest
String #175: me.everything.badger.permission.BADGE_COUNT_READ
String #176: me.everything.badger.permission.BADGE_COUNT_WRITE
String #177: meta-data
String #178: org.unimodules.core.AppLoader#react-native-headless
String #179: package
String #180: permission
String #181: platformBuildVersionCode
String #182: platformBuildVersionName
String #183: provider
String #184: queries
String #185: receiver
String #186: service
String #187: text/*
String #188: uses-permission
String #189: uses-sdk

01:29:51.059 detox[67968] i "/Users/coding/Library/Android/sdk/build-tools/36.1.0/aapt" dump xmlstrings "/Users/coding/Projects/notes_brain/apps/mobile/android/app/build/outputs/apk/androidTest/detox/app-detox-androidTest.apk" AndroidManifest.xml
01:29:51.072 detox[67968] i String pool of 42 unique UTF-16 non-sorted strings, 42 entries and 0 styles using 2112 bytes:
String #0: theme
String #1: label
String #2: name
String #3: exported
String #4: priority
String #5: targetPackage
String #6: handleProfiling
String #7: functionalTest
String #8: minSdkVersion
String #9: targetSdkVersion
String #10: extractNativeLibs
String #11: compileSdkVersion
String #12: compileSdkVersionCodename
String #13: 16
String #14: Tests for com.notesbrain.echo
String #15: activity
String #16: android
String #17: android.intent.category.LAUNCHER
String #18: android.permission.REORDER_TASKS
String #19: android.test.runner
String #20: androidx.test.core.app.InstrumentationActivityInvoker$BootstrapActivity
String #21: androidx.test.core.app.InstrumentationActivityInvoker$EmptyActivity
String #22: androidx.test.core.app.InstrumentationActivityInvoker$EmptyFloatingActivity
String #23: androidx.test.orchestrator
String #24: androidx.test.runner.AndroidJUnitRunner
String #25: androidx.test.services
String #26: application
String #27: category
String #28: com.google.android.apps.common.testing.services
String #29: com.notesbrain.echo
String #30: com.notesbrain.echo.test
String #31: http://schemas.android.com/apk/res/android
String #32: instrumentation
String #33: intent-filter
String #34: manifest
String #35: package
String #36: platformBuildVersionCode
String #37: platformBuildVersionName
String #38: queries
String #39: uses-library
String #40: uses-permission
String #41: uses-sdk

01:29:51.073 detox[67968] i "/Users/coding/Library/Android/sdk/platform-tools/adb" -s emulator-13282 shell "rm -fr /data/local/tmp/detox"
01:29:51.115 detox[67968] i 
01:29:51.115 detox[67968] i "/Users/coding/Library/Android/sdk/platform-tools/adb" -s emulator-13282 shell "mkdir -p /data/local/tmp/detox"
01:29:51.172 detox[67968] i 
01:29:51.172 detox[67968] i "/Users/coding/Library/Android/sdk/platform-tools/adb" -s emulator-13282 push "/Users/coding/Projects/notes_brain/apps/mobile/android/app/build/outputs/apk/detox/app-detox.apk" "/data/local/tmp/detox/Application.apk"
01:29:51.405 detox[67968] i /Users/coding/Projects/notes_brain/apps/mobile/android/app/build/outputs/apk/detox/app-detox.apk: 1 file pushed, 0 skipped. 427.9 MB/s (66811203 bytes in 0.149s)

01:29:51.406 detox[67968] i /Users/coding/Library/Android/sdk/platform-tools/adb -s emulator-13282 shell pm install -r -g -t /data/local/tmp/detox/Application.apk
01:29:52.839 detox[67968] i Success

01:29:52.841 detox[67968] i /Users/coding/Library/Android/sdk/platform-tools/adb -s emulator-13282 shell pm install -r -g -t /data/local/tmp/detox/Application.apk exited with code #0
01:29:52.841 detox[67968] i "/Users/coding/Library/Android/sdk/platform-tools/adb" -s emulator-13282 push "/Users/coding/Projects/notes_brain/apps/mobile/android/app/build/outputs/apk/androidTest/detox/app-detox-androidTest.apk" "/data/local/tmp/detox/Test.apk"
01:29:52.875 detox[67968] i /Users/coding/Projects/notes_brain/apps/mobile/android/app/build/outputs/apk/androidTest/detox/app-detox-androidTest.apk: 1 file pushed, 0 skipped. 388.7 MB/s (3215302 bytes in 0.008s)

01:29:52.876 detox[67968] i /Users/coding/Library/Android/sdk/platform-tools/adb -s emulator-13282 shell pm install -r -g -t /data/local/tmp/detox/Test.apk
01:29:53.326 detox[67968] i Success

01:29:53.332 detox[67968] i /Users/coding/Library/Android/sdk/platform-tools/adb -s emulator-13282 shell pm install -r -g -t /data/local/tmp/detox/Test.apk exited with code #0
01:29:53.332 detox[67968] E installApp
01:29:53.333 detox[67968] B onBeforeLaunchApp
  args: ({"deviceId":"emulator-13282","bundleId":"com.notesbrain.echo","launchArgs":{"detoxServer":"ws://localhost:64019","detoxSessionId":"58e5ef5c-118d-f35d-4ae6-aa5894f64d6e"}})
01:29:53.333 detox[67968] i "/Users/coding/Library/Android/sdk/platform-tools/adb" -s emulator-13282 shell "date +\"%m-%d %T.000\""
01:29:53.374 detox[67968] i 03-09 01:29:52.000

01:29:53.374 detox[67968] E onBeforeLaunchApp
01:29:53.374 detox[67968] i "/Users/coding/Library/Android/sdk/platform-tools/adb" -s emulator-13282 reverse tcp:64019 tcp:64019
01:29:53.392 detox[67968] i 64019

01:29:53.393 detox[67968] i "/Users/coding/Library/Android/sdk/platform-tools/adb" -s emulator-13282 shell "pm list instrumentation"
01:29:53.457 detox[67968] i instrumentation:com.notesbrain.echo.test/androidx.test.runner.AndroidJUnitRunner (target=com.notesbrain.echo)

01:29:53.458 detox[67968] i /Users/coding/Library/Android/sdk/platform-tools/adb -s emulator-13282 shell am instrument -w -r -e detoxServer ws://localhost:64019 -e detoxSessionId 58e5ef5c-118d-f35d-4ae6-aa5894f64d6e -e debug false com.notesbrain.echo.test/androidx.test.runner.AndroidJUnitRunner
01:29:53.960 detox[67968] i "/Users/coding/Library/Android/sdk/platform-tools/adb" -s emulator-13282 shell "ps | grep \"com\.notesbrain\.echo$\""
01:29:54.408 detox[67968] i INSTRUMENTATION_STATUS: class=com.notesbrain.echo.DetoxTest
INSTRUMENTATION_STATUS: current=1
INSTRUMENTATION_STATUS: id=AndroidJUnitRunner
INSTRUMENTATION_STATUS: numtests=1
INSTRUMENTATION_STATUS: stream=
com.notesbrain.echo.DetoxTest:
INSTRUMENTATION_STATUS: test=runDetoxTests
INSTRUMENTATION_STATUS_CODE: 1

01:29:54.420 detox[67967] B connection :64019<->:64247
01:29:54.422 detox[67967] i get
  data: {"messageId":0,"type":"login","params":{"role":"app","sessionId":"58e5ef5c-118d-f35d-4ae6-aa5894f64d6e"}}
01:29:54.422 detox[67967] i send
  data: {
    "messageId": 0,
    "type": "loginSuccess",
    "params": {
      "testerConnected": true,
      "appConnected": true
    }
  }
01:29:54.422 detox[67967] i app joined session 58e5ef5c-118d-f35d-4ae6-aa5894f64d6e
01:29:54.422 detox[67967] i send
  data: {
    "type": "appConnected"
  }
01:29:54.423 detox[67968] i get message
  data: {"type":"appConnected"}
   
01:29:55.039 detox[67968] i u0_a224      18532   452   20835148 212372 0                   0 S com.notesbrain.echo

01:29:55.039 detox[67968] B onLaunchApp
  args: ({"deviceId":"emulator-13282","bundleId":"com.notesbrain.echo","launchArgs":{"detoxServer":"ws://localhost:64019","detoxSessionId":"58e5ef5c-118d-f35d-4ae6-aa5894f64d6e"},"pid":18532})
01:29:55.040 detox[67968] i starting ADBLogcatRecording
01:29:55.040 detox[67968] i stopping ADBLogcatRecording
01:29:55.040 detox[67968] i "/Users/coding/Library/Android/sdk/platform-tools/adb" -s emulator-13282 shell "date +\"%m-%d %T.000\""
01:29:55.067 detox[67968] i 03-09 01:29:53.000

01:29:55.069 detox[67968] i sending SIGINT to: /Users/coding/Library/Android/sdk/platform-tools/adb -s emulator-13282 shell logcat -f /sdcard/12942579_0.log
01:29:55.070 detox[67968] i /Users/coding/Library/Android/sdk/platform-tools/adb -s emulator-13282 shell "logcat -f /sdcard/12942579_0.log" terminated with SIGINT
01:29:55.071 detox[67968] i /Users/coding/Library/Android/sdk/platform-tools/adb -s emulator-13282 shell "logcat -T \"03-09 01:29:53.000\" --pid=18532 -f /sdcard/12942579_0.log"
01:29:55.071 detox[67968] E onLaunchApp
01:29:55.071 detox[67968] i send message
  data: {"type":"isReady","params":{},"messageId":-1000}
01:29:55.072 detox[67967] i get
  data: {"type":"isReady","params":{},"messageId":-1000}
01:29:55.072 detox[67967] i send
  data: {
    "type": "isReady",
    "params": {},
    "messageId": -1000
  }
01:29:55.373 detox[67968] i "/Users/coding/Library/Android/sdk/platform-tools/adb" -s emulator-13282 shell du /sdcard/12942579_0.log
01:29:55.396 detox[67968] i 22792	/sdcard/12942579_0.log

01:30:00.105 detox[67967] i get
  data: {"messageId":-1000,"type":"ready","params":{}}
01:30:00.105 detox[67967] i send
  data: {
    "messageId": -1000,
    "type": "ready",
    "params": {}
  }
01:30:00.105 detox[67968] i get message
  data: {"messageId":-1000,"type":"ready","params":{}}
   
01:30:00.105 detox[67968] B onAppReady
  args: ({"deviceId":"emulator-13282","bundleId":"com.notesbrain.echo","pid":18532})
01:30:00.105 detox[67968] E onAppReady
01:30:00.105 detox[67968] E launchApp
01:30:00.105 detox[67968] E beforeEach
01:30:00.106 detox[67968] B test_fn
01:30:00.107 detox[67967] i get
  data: {"type":"invoke","params":{"target":{"type":"Class","value":"com.wix.detox.espresso.DetoxAssertion"},"method":"waitForAssertMatcher","args":[{"type":"Invocation","value":{"target":{"type":"Class","value":"androidx.test.espresso.Espresso"},"method":"onView","args":[{"type":"Invocation","value":{"target":{"type":"Class","value":"com.wix.detox.espresso.DetoxMatcher"},"method":"matcherForTestId","args":["login-email-input",{"type":"boolean","value":false}]}}]}},{"type":"Invocation","value":{"target":{"type":"Class","value":"com.wix.detox.espresso.DetoxMatcher"},"method":"matcherForSufficientlyVisible","args":[{"type":"Integer","value":75}]}},{"type":"Double","value":15}]},"messageId":1}
01:30:00.107 detox[67968] i send message
  data: {"type":"invoke","params":{"target":{"type":"Class","value":"com.wix.detox.espresso.DetoxAssertion"},"method":"waitForAssertMatcher","args":[{"type":"Invocation","value":{"target":{"type":"Class","value":"androidx.test.espresso.Espresso"},"method":"onView","args":[{"type":"Invocation","value":{"target":{"type":"Class","value":"com.wix.detox.espresso.DetoxMatcher"},"method":"matcherForTestId","args":["login-email-input",{"type":"boolean","value":false}]}}]}},{"type":"Invocation","value":{"target":{"type":"Class","value":"com.wix.detox.espresso.DetoxMatcher"},"method":"matcherForSufficientlyVisible","args":[{"type":"Integer","value":75}]}},{"type":"Double","value":15}]},"messageId":1}
01:30:00.108 detox[67967] i send
  data: {
    "type": "invoke",
    "params": {
      "target": {
        "type": "Class",
        "value": "com.wix.detox.espresso.DetoxAssertion"
      },
      "method": "waitForAssertMatcher",
      "args": [
        {
          "type": "Invocation",
          "value": {
            "target": {
              "type": "Class",
              "value": "androidx.test.espresso.Espresso"
            },
            "method": "onView",
            "args": [
              {
                "type": "Invocation",
                "value": {
                  "target": {
                    "type": "Class",
                    "value": "com.wix.detox.espresso.DetoxMatcher"
                  },
                  "method": "matcherForTestId",
                  "args": [
                    "login-email-input",
                    {
                      "type": "boolean",
                      "value": false
                    }
                  ]
                }
              }
            ]
          }
        },
        {
          "type": "Invocation",
          "value": {
            "target": {
              "type": "Class",
              "value": "com.wix.detox.espresso.DetoxMatcher"
            },
            "method": "matcherForSufficientlyVisible",
            "args": [
              {
                "type": "Integer",
                "value": 75
              }
            ]
          }
        },
        {
          "type": "Double",
          "value": 15
        }
      ]
    },
    "messageId": 1
  }
01:30:00.108 detox[67968] B undefined with timeout (15000 ms)
  data: {
    "target": {
      "type": "Class",
      "value": "com.wix.detox.espresso.DetoxAssertion"
    },
    "method": "waitForAssertMatcher",
    "args": [
      {
        "type": "Invocation",
        "value": {
          "target": {
            "type": "Class",
            "value": "androidx.test.espresso.Espresso"
          },
          "method": "onView",
          "args": [
            {
              "type": "Invocation",
              "value": {
                "target": {
                  "type": "Class",
                  "value": "com.wix.detox.espresso.DetoxMatcher"
                },
                "method": "matcherForTestId",
                "args": [
                  "login-email-input",
                  {
                    "type": "boolean",
                    "value": false
                  }
                ]
              }
            }
          ]
        }
      },
      {
        "type": "Invocation",
        "value": {
          "target": {
            "type": "Class",
            "value": "com.wix.detox.espresso.DetoxMatcher"
          },
          "method": "matcherForSufficientlyVisible",
          "args": [
            {
              "type": "Integer",
              "value": 75
            }
          ]
        }
      },
      {
        "type": "Double",
        "value": 15
      }
    ]
  }
01:30:10.109 detox[67967] i get
  data: {"type":"currentStatus","params":{},"messageId":2}
01:30:10.109 detox[67967] i send
  data: {
    "type": "currentStatus",
    "params": {},
    "messageId": 2
  }
01:30:10.109 detox[67968] i send message
  data: {"type":"currentStatus","params":{},"messageId":2}
01:30:10.112 detox[67967] i get
  data: {"messageId":2,"type":"currentStatusResult","params":{"status":{"app_status":"idle"}}}
01:30:10.112 detox[67967] i send
  data: {
    "messageId": 2,
    "type": "currentStatusResult",
    "params": {
      "status": {
        "app_status": "idle"
      }
    }
  }
01:30:10.112 detox[67968] i get message
  data: {"messageId":2,"type":"currentStatusResult","params":{"status":{"app_status":"idle"}}}
   
01:30:10.114 detox[67968] i The app seems to be idle
01:30:10.744 detox[67967] i get
  data: {"messageId":1,"type":"testFailed","params":{"details":"Waited for the root of the view hierarchy to have window focus and not request layout for 10 seconds. If you specified a non default root matcher, it may be picking a root that never takes focus. Root:\nRoot{application-window-token=android.view.ViewRootImpl$W@6bc7802, window-token=android.view.ViewRootImpl$W@6bc7802, has-window-focus=false, layout-params-type=1, layout-params-string={(0,0)(fillxfill) sim={adjust=resize forwardNavigation} layoutInDisplayCutoutMode=always ty=BASE_APPLICATION wanim=0x103030e\n  fl=LAYOUT_IN_SCREEN LAYOUT_INSET_DECOR SPLIT_TOUCH HARDWARE_ACCELERATED DRAWS_SYSTEM_BAR_BACKGROUNDS\n  pfl=NO_MOVE_ANIMATION EDGE_TO_EDGE_ENFORCED FORCE_DRAW_STATUS_BAR_BACKGROUND FIT_INSETS_CONTROLLED\n  bhv=DEFAULT\n  fitSides=\n  frameRateBoostOnTouch=true\n  dvrrWindowFrameRateHint=true}, decor-view-string=DecorView{id=-1, visibility=VISIBLE, width=1080, height=2424, has-focus=true, has-focusable=true, has-window-focus=false, is-clickable=false, is-enabled=true, is-focused=false, is-focusable=false, is-layout-requested=false, is-selected=false, layout-params={(0,0)(fillxfill) sim={adjust=resize forwardNavigation} layoutInDisplayCutoutMode=always ty=BASE_APPLICATION wanim=0x103030e\n  fl=LAYOUT_IN_SCREEN LAYOUT_INSET_DECOR SPLIT_TOUCH HARDWARE_ACCELERATED DRAWS_SYSTEM_BAR_BACKGROUNDS\n  pfl=NO_MOVE_ANIMATION EDGE_TO_EDGE_ENFORCED FORCE_DRAW_STATUS_BAR_BACKGROUND FIT_INSETS_CONTROLLED\n  bhv=DEFAULT\n  fitSides=\n  frameRateBoostOnTouch=true\n  dvrrWindowFrameRateHint=true}, tag=null, root-is-layout-requested=false, has-input-connection=false, x=0.0, y=0.0, child-count=1}}\n","viewHierarchy":null}}
01:30:10.744 detox[67967] i send
  data: {
    "messageId": 1,
    "type": "testFailed",
    "params": {
      "details": "Waited for the root of the view hierarchy to have window focus and not request layout for 10 seconds. If you specified a non default root matcher, it may be picking a root that never takes focus. Root:\nRoot{application-window-token=android.view.ViewRootImpl$W@6bc7802, window-token=android.view.ViewRootImpl$W@6bc7802, has-window-focus=false, layout-params-type=1, layout-params-string={(0,0)(fillxfill) sim={adjust=resize forwardNavigation} layoutInDisplayCutoutMode=always ty=BASE_APPLICATION wanim=0x103030e\n  fl=LAYOUT_IN_SCREEN LAYOUT_INSET_DECOR SPLIT_TOUCH HARDWARE_ACCELERATED DRAWS_SYSTEM_BAR_BACKGROUNDS\n  pfl=NO_MOVE_ANIMATION EDGE_TO_EDGE_ENFORCED FORCE_DRAW_STATUS_BAR_BACKGROUND FIT_INSETS_CONTROLLED\n  bhv=DEFAULT\n  fitSides=\n  frameRateBoostOnTouch=true\n  dvrrWindowFrameRateHint=true}, decor-view-string=DecorView{id=-1, visibility=VISIBLE, width=1080, height=2424, has-focus=true, has-focusable=true, has-window-focus=false, is-clickable=false, is-enabled=true, is-focused=false, is-focusable=false, is-layout-requested=false, is-selected=false, layout-params={(0,0)(fillxfill) sim={adjust=resize forwardNavigation} layoutInDisplayCutoutMode=always ty=BASE_APPLICATION wanim=0x103030e\n  fl=LAYOUT_IN_SCREEN LAYOUT_INSET_DECOR SPLIT_TOUCH HARDWARE_ACCELERATED DRAWS_SYSTEM_BAR_BACKGROUNDS\n  pfl=NO_MOVE_ANIMATION EDGE_TO_EDGE_ENFORCED FORCE_DRAW_STATUS_BAR_BACKGROUND FIT_INSETS_CONTROLLED\n  bhv=DEFAULT\n  fitSides=\n  frameRateBoostOnTouch=true\n  dvrrWindowFrameRateHint=true}, tag=null, root-is-layout-requested=false, has-input-connection=false, x=0.0, y=0.0, child-count=1}}\n",
      "viewHierarchy": null
    }
  }
01:30:10.745 detox[67968] i get message
  data: {"messageId":1,"type":"testFailed","params":{"details":"Waited for the root of the view hierarchy to have window focus and not request layout for 10 seconds. If you specified a non default root matcher, it may be picking a root that never takes focus. Root:\nRoot{application-window-token=android.view.ViewRootImpl$W@6bc7802, window-token=android.view.ViewRootImpl$W@6bc7802, has-window-focus=false, layout-params-type=1, layout-params-string={(0,0)(fillxfill) sim={adjust=resize forwardNavigation} layoutInDisplayCutoutMode=always ty=BASE_APPLICATION wanim=0x103030e\n  fl=LAYOUT_IN_SCREEN LAYOUT_INSET_DECOR SPLIT_TOUCH HARDWARE_ACCELERATED DRAWS_SYSTEM_BAR_BACKGROUNDS\n  pfl=NO_MOVE_ANIMATION EDGE_TO_EDGE_ENFORCED FORCE_DRAW_STATUS_BAR_BACKGROUND FIT_INSETS_CONTROLLED\n  bhv=DEFAULT\n  fitSides=\n  frameRateBoostOnTouch=true\n  dvrrWindowFrameRateHint=true}, decor-view-string=DecorView{id=-1, visibility=VISIBLE, width=1080, height=2424, has-focus=true, has-focusable=true, has-window-focus=false, is-clickable=false, is-enabled=true, is-focused=false, is-focusable=false, is-layout-requested=false, is-selected=false, layout-params={(0,0)(fillxfill) sim={adjust=resize forwardNavigation} layoutInDisplayCutoutMode=always ty=BASE_APPLICATION wanim=0x103030e\n  fl=LAYOUT_IN_SCREEN LAYOUT_INSET_DECOR SPLIT_TOUCH HARDWARE_ACCELERATED DRAWS_SYSTEM_BAR_BACKGROUNDS\n  pfl=NO_MOVE_ANIMATION EDGE_TO_EDGE_ENFORCED FORCE_DRAW_STATUS_BAR_BACKGROUND FIT_INSETS_CONTROLLED\n  bhv=DEFAULT\n  fitSides=\n  frameRateBoostOnTouch=true\n  dvrrWindowFrameRateHint=true}, tag=null, root-is-layout-requested=false, has-input-connection=false, x=0.0, y=0.0, child-count=1}}\n","viewHierarchy":null}}
   
01:30:10.746 detox[67968] E undefined with timeout (15000 ms)
  error: Test Failed: Waited for the root of the view hierarchy to have window focus and not request layout for 10 seconds. If you specified a non default root matcher, it may be picking a root that never takes focus. Root:
  Root{application-window-token=android.view.ViewRootImpl$W@6bc7802, window-token=android.view.ViewRootImpl$W@6bc7802, has-window-focus=false, layout-params-type=1, layout-params-string={(0,0)(fillxfill) sim={adjust=resize forwardNavigation} layoutInDisplayCutoutMode=always ty=BASE_APPLICATION wanim=0x103030e
    fl=LAYOUT_IN_SCREEN LAYOUT_INSET_DECOR SPLIT_TOUCH HARDWARE_ACCELERATED DRAWS_SYSTEM_BAR_BACKGROUNDS
    pfl=NO_MOVE_ANIMATION EDGE_TO_EDGE_ENFORCED FORCE_DRAW_STATUS_BAR_BACKGROUND FIT_INSETS_CONTROLLED
    bhv=DEFAULT
    fitSides=
    frameRateBoostOnTouch=true
    dvrrWindowFrameRateHint=true}, decor-view-string=DecorView{id=-1, visibility=VISIBLE, width=1080, height=2424, has-focus=true, has-focusable=true, has-window-focus=false, is-clickable=false, is-enabled=true, is-focused=false, is-focusable=false, is-layout-requested=false, is-selected=false, layout-params={(0,0)(fillxfill) sim={adjust=resize forwardNavigation} layoutInDisplayCutoutMode=always ty=BASE_APPLICATION wanim=0x103030e
    fl=LAYOUT_IN_SCREEN LAYOUT_INSET_DECOR SPLIT_TOUCH HARDWARE_ACCELERATED DRAWS_SYSTEM_BAR_BACKGROUNDS
    pfl=NO_MOVE_ANIMATION EDGE_TO_EDGE_ENFORCED FORCE_DRAW_STATUS_BAR_BACKGROUND FIT_INSETS_CONTROLLED
    bhv=DEFAULT
    fitSides=
    frameRateBoostOnTouch=true
    dvrrWindowFrameRateHint=true}, tag=null, root-is-layout-requested=false, has-input-connection=false, x=0.0, y=0.0, child-count=1}}
  
01:30:10.746 detox[67968] B onTestFnFailure
  args: ({"error":{"name":"DetoxRuntimeError"}})
01:30:10.746 detox[67968] i starting ADBScreencapRecording
01:30:10.746 detox[67968] i "/Users/coding/Library/Android/sdk/platform-tools/adb" -s emulator-13282 shell "screencap /sdcard/12942579_2.png"
01:30:10.977 detox[67968] i 
01:30:10.977 detox[67968] i stopping ADBScreencapRecording
01:30:10.977 detox[67968] E onTestFnFailure
01:30:10.977 detox[67968] E test_fn
  error: Test Failed: Waited for the root of the view hierarchy to have window focus and not request layout for 10 seconds. If you specified a non default root matcher, it may be picking a root that never takes focus. Root:
  Root{application-window-token=android.view.ViewRootImpl$W@6bc7802, window-token=android.view.ViewRootImpl$W@6bc7802, has-window-focus=false, layout-params-type=1, layout-params-string={(0,0)(fillxfill) sim={adjust=resize forwardNavigation} layoutInDisplayCutoutMode=always ty=BASE_APPLICATION wanim=0x103030e
    fl=LAYOUT_IN_SCREEN LAYOUT_INSET_DECOR SPLIT_TOUCH HARDWARE_ACCELERATED DRAWS_SYSTEM_BAR_BACKGROUNDS
    pfl=NO_MOVE_ANIMATION EDGE_TO_EDGE_ENFORCED FORCE_DRAW_STATUS_BAR_BACKGROUND FIT_INSETS_CONTROLLED
    bhv=DEFAULT
    fitSides=
    frameRateBoostOnTouch=true
    dvrrWindowFrameRateHint=true}, decor-view-string=DecorView{id=-1, visibility=VISIBLE, width=1080, height=2424, has-focus=true, has-focusable=true, has-window-focus=false, is-clickable=false, is-enabled=true, is-focused=false, is-focusable=false, is-layout-requested=false, is-selected=false, layout-params={(0,0)(fillxfill) sim={adjust=resize forwardNavigation} layoutInDisplayCutoutMode=always ty=BASE_APPLICATION wanim=0x103030e
    fl=LAYOUT_IN_SCREEN LAYOUT_INSET_DECOR SPLIT_TOUCH HARDWARE_ACCELERATED DRAWS_SYSTEM_BAR_BACKGROUNDS
    pfl=NO_MOVE_ANIMATION EDGE_TO_EDGE_ENFORCED FORCE_DRAW_STATUS_BAR_BACKGROUND FIT_INSETS_CONTROLLED
    bhv=DEFAULT
    fitSides=
    frameRateBoostOnTouch=true
    dvrrWindowFrameRateHint=true}, tag=null, root-is-layout-requested=false, has-input-connection=false, x=0.0, y=0.0, child-count=1}}
  
01:30:10.978 detox[67968] B onTestDone
  args: ({"title":"captures a text note and displays it in the notes tab","fullName":"mobile e2e: capture and summary captures a text note and displays it in the notes tab","status":"failed","invocations":1,"timedOut":false})
01:30:10.978 detox[67968] i stopping ADBLogcatRecording
01:30:10.978 detox[67968] i starting ADBScreencapRecording
01:30:10.978 detox[67968] i "/Users/coding/Library/Android/sdk/platform-tools/adb" -s emulator-13282 shell "screencap /sdcard/12942579_3.png"
01:30:10.978 detox[67968] i "/Users/coding/Library/Android/sdk/platform-tools/adb" -s emulator-13282 shell "date +\"%m-%d %T.000\""
01:30:11.004 detox[67968] i 03-09 01:30:09.000

01:30:11.005 detox[67968] i sending SIGINT to: /Users/coding/Library/Android/sdk/platform-tools/adb -s emulator-13282 shell logcat -T "03-09 01:29:53.000" --pid=18532 -f /sdcard/12942579_0.log
01:30:11.006 detox[67968] i /Users/coding/Library/Android/sdk/platform-tools/adb -s emulator-13282 shell "logcat -T \"03-09 01:29:53.000\" --pid=18532 -f /sdcard/12942579_0.log" terminated with SIGINT
01:30:11.007 detox[67968] i saving ADBLogcatRecording to: artifacts/android.emu.detox.2026-03-09 08-29-41Z/✗ mobile e2e_ capture and summary captures a text note and displays it in the notes tab/device.log
01:30:11.007 detox[67968] i "/Users/coding/Library/Android/sdk/platform-tools/adb" -s emulator-13282 pull "/sdcard/12942579_0.log" "artifacts/android.emu.detox.2026-03-09 08-29-41Z/✗ mobile e2e_ capture and summary captures a text note and displays it in the notes tab/device.log"
01:30:11.131 detox[67968] i /sdcard/12942579_0.log: 1 file pulled, 0 skipped. 213.4 MB/s (23363584 bytes in 0.104s)

01:30:11.131 detox[67968] i "/Users/coding/Library/Android/sdk/platform-tools/adb" -s emulator-13282 shell "rm  \"/sdcard/12942579_0.log\""
01:30:11.169 detox[67968] i 
01:30:11.173 detox[67968] i 
01:30:11.173 detox[67968] i stopping ADBScreencapRecording
01:30:11.174 detox[67968] E onTestDone
01:30:11.174 detox[67968] E captures a text note and displays it in the notes tab
01:30:11.174 detox[67968] i mobile e2e: capture and summary: captures a text note and displays it in the notes tab [FAIL]
01:30:11.175 detox[67968] B shows a seeded daily summary on the summary tab
01:30:11.175 detox[67968] i mobile e2e: capture and summary: shows a seeded daily summary on the summary tab
01:30:11.175 detox[67968] B onTestStart
  args: ({"title":"shows a seeded daily summary on the summary tab","fullName":"mobile e2e: capture and summary shows a seeded daily summary on the summary tab","status":"running","invocations":1})
01:30:11.175 detox[67968] i starting ADBLogcatRecording
01:30:11.176 detox[67968] i /Users/coding/Library/Android/sdk/platform-tools/adb -s emulator-13282 shell "logcat -T \"03-09 01:30:09.000\" --pid=18532 -f /sdcard/12942579_4.log"
01:30:11.176 detox[67968] i starting ADBScreencapRecording
01:30:11.176 detox[67968] i "/Users/coding/Library/Android/sdk/platform-tools/adb" -s emulator-13282 shell "screencap /sdcard/12942579_5.png"
01:30:11.176 detox[67968] i saving ADBScreencapRecording to: artifacts/android.emu.detox.2026-03-09 08-29-41Z/✗ mobile e2e_ capture and summary captures a text note and displays it in the notes tab/testStart.png
01:30:11.177 detox[67968] i "/Users/coding/Library/Android/sdk/platform-tools/adb" -s emulator-13282 pull "/sdcard/12942579_1.png" "artifacts/android.emu.detox.2026-03-09 08-29-41Z/✗ mobile e2e_ capture and summary captures a text note and displays it in the notes tab/testStart.png"
01:30:11.206 detox[67968] i /sdcard/12942579_1.png: 1 file pulled, 0 skipped. 119.8 MB/s (546111 bytes in 0.004s)

01:30:11.206 detox[67968] i "/Users/coding/Library/Android/sdk/platform-tools/adb" -s emulator-13282 shell "rm  \"/sdcard/12942579_1.png\""
01:30:11.232 detox[67968] i 
01:30:11.232 detox[67968] i saving ADBScreencapRecording to: artifacts/android.emu.detox.2026-03-09 08-29-41Z/✗ mobile e2e_ capture and summary captures a text note and displays it in the notes tab/testFnFailure.png
01:30:11.232 detox[67968] i "/Users/coding/Library/Android/sdk/platform-tools/adb" -s emulator-13282 pull "/sdcard/12942579_2.png" "artifacts/android.emu.detox.2026-03-09 08-29-41Z/✗ mobile e2e_ capture and summary captures a text note and displays it in the notes tab/testFnFailure.png"
01:30:11.254 detox[67968] i /sdcard/12942579_2.png: 1 file pulled, 0 skipped. 63.9 MB/s (102267 bytes in 0.002s)

01:30:11.254 detox[67968] i "/Users/coding/Library/Android/sdk/platform-tools/adb" -s emulator-13282 shell "rm  \"/sdcard/12942579_2.png\""
01:30:11.280 detox[67968] i 
01:30:11.280 detox[67968] i saving ADBScreencapRecording to: artifacts/android.emu.detox.2026-03-09 08-29-41Z/✗ mobile e2e_ capture and summary captures a text note and displays it in the notes tab/testDone.png
01:30:11.280 detox[67968] i "/Users/coding/Library/Android/sdk/platform-tools/adb" -s emulator-13282 pull "/sdcard/12942579_3.png" "artifacts/android.emu.detox.2026-03-09 08-29-41Z/✗ mobile e2e_ capture and summary captures a text note and displays it in the notes tab/testDone.png"
01:30:11.299 detox[67968] i /sdcard/12942579_3.png: 1 file pulled, 0 skipped. 54.7 MB/s (102223 bytes in 0.002s)

01:30:11.299 detox[67968] i "/Users/coding/Library/Android/sdk/platform-tools/adb" -s emulator-13282 shell "rm  \"/sdcard/12942579_3.png\""
01:30:11.325 detox[67968] i 
01:30:11.354 detox[67968] i 
01:30:11.354 detox[67968] i stopping ADBScreencapRecording
01:30:11.354 detox[67968] E onTestStart
01:30:11.354 detox[67968] B beforeEach
01:30:11.354 detox[67968] E beforeEach
01:30:11.354 detox[67968] B beforeEach
01:30:11.476 detox[67968] i "/Users/coding/Library/Android/sdk/platform-tools/adb" -s emulator-13282 shell du /sdcard/12942579_4.log
01:30:11.500 detox[67968] i 4	/sdcard/12942579_4.log

01:30:11.678 detox[67968] B launchApp
  args: ({"newInstance":true,"delete":true})
01:30:11.679 detox[67968] B terminateApp
  args: ("com.notesbrain.echo")
01:30:11.679 detox[67968] B onBeforeTerminateApp
  args: ({"deviceId":"emulator-13282","bundleId":"com.notesbrain.echo"})
01:30:11.679 detox[67968] E onBeforeTerminateApp
01:30:11.680 detox[67968] i sending SIGINT to: /Users/coding/Library/Android/sdk/platform-tools/adb -s emulator-13282 shell am instrument -w -r -e detoxServer ws://localhost:64019 -e detoxSessionId 58e5ef5c-118d-f35d-4ae6-aa5894f64d6e -e debug false com.notesbrain.echo.test/androidx.test.runner.AndroidJUnitRunner
01:30:11.682 detox[67968] i /Users/coding/Library/Android/sdk/platform-tools/adb -s emulator-13282 shell am instrument -w -r -e detoxServer ws://localhost:64019 -e detoxSessionId 58e5ef5c-118d-f35d-4ae6-aa5894f64d6e -e debug false com.notesbrain.echo.test/androidx.test.runner.AndroidJUnitRunner terminated with SIGINT
01:30:11.682 detox[67968] i "/Users/coding/Library/Android/sdk/platform-tools/adb" -s emulator-13282 shell "am force-stop com.notesbrain.echo"
01:30:11.683 detox[67968] i "/Users/coding/Library/Android/sdk/platform-tools/adb" -s emulator-13282 reverse --remove tcp:64019
01:30:11.706 detox[67968] i 
01:30:11.734 detox[67967] i app exited session 58e5ef5c-118d-f35d-4ae6-aa5894f64d6e
01:30:11.734 detox[67967] i send
  data: {
    "type": "appDisconnected"
  }
01:30:11.735 detox[67967] E connection :64019<->:64247
01:30:11.735 detox[67968] i get message
  data: {"type":"appDisconnected"}
   
01:30:11.771 detox[67968] i 
01:30:11.771 detox[67968] B onTerminateApp
  args: ({"deviceId":"emulator-13282","bundleId":"com.notesbrain.echo"})
01:30:11.771 detox[67968] E onTerminateApp
01:30:11.771 detox[67968] E terminateApp
01:30:11.771 detox[67968] B uninstallApp
  args: ()
01:30:11.771 detox[67968] B onBeforeUninstallApp
  args: ({"deviceId":"emulator-13282","bundleId":"com.notesbrain.echo"})
01:30:11.771 detox[67968] E onBeforeUninstallApp
01:30:11.771 detox[67968] i "/Users/coding/Library/Android/sdk/platform-tools/adb" -s emulator-13282 shell "pm list packages com.notesbrain.echo"
01:30:11.810 detox[67968] i package:com.notesbrain.echo.test
package:com.notesbrain.echo

01:30:11.810 detox[67968] i "/Users/coding/Library/Android/sdk/platform-tools/adb" -s emulator-13282 uninstall com.notesbrain.echo
01:30:11.886 detox[67968] i Success

01:30:11.886 detox[67968] i "/Users/coding/Library/Android/sdk/platform-tools/adb" -s emulator-13282 shell "pm list packages com.notesbrain.echo.test"
01:30:11.931 detox[67968] i package:com.notesbrain.echo.test

01:30:11.931 detox[67968] i "/Users/coding/Library/Android/sdk/platform-tools/adb" -s emulator-13282 uninstall com.notesbrain.echo.test
01:30:12.105 detox[67968] i Success

01:30:12.105 detox[67968] E uninstallApp
01:30:12.105 detox[67968] B installApp
  args: ()
01:30:12.105 detox[67968] i "/Users/coding/Library/Android/sdk/build-tools/36.1.0/aapt" dump xmlstrings "/Users/coding/Projects/notes_brain/apps/mobile/android/app/build/outputs/apk/detox/app-detox.apk" AndroidManifest.xml
01:30:12.118 detox[67968] i String pool of 190 unique UTF-16 non-sorted strings, 190 entries and 0 styles using 14400 bytes:
String #0: theme
String #1: label
String #2: icon
String #3: name
String #4: permission
String #5: protectionLevel
String #6: enabled
String #7: exported
String #8: taskAffinity
String #9: excludeFromRecents
String #10: authorities
String #11: initOrder
String #12: grantUriPermissions
String #13: priority
String #14: launchMode
String #15: screenOrientation
String #16: configChanges
String #17: value
String #18: resource
String #19: mimeType
String #20: scheme
String #21: minSdkVersion
String #22: versionCode
String #23: versionName
String #24: windowSoftInputMode
String #25: noHistory
String #26: targetSdkVersion
String #27: allowBackup
String #28: supportsRtl
String #29: extractNativeLibs
String #30: fullBackupContent
String #31: usesCleartextTraffic
String #32: directBootAware
String #33: roundIcon
String #34: compileSdkVersion
String #35: compileSdkVersionCodename
String #36: appComponentFactory
String #37: foregroundServiceType
String #38: dataExtractionRules
String #39: enableOnBackInvokedCallback
String #40: 
String #41: 1.0.0
String #42: 16
String #43: ALWAYS
String #44: action
String #45: activity
String #46: android
String #47: android.intent.action.BOOT_COMPLETED
String #48: android.intent.action.MAIN
String #49: android.intent.action.MY_PACKAGE_REPLACED
String #50: android.intent.action.OPEN_DOCUMENT_TREE
String #51: android.intent.action.QUICKBOOT_POWERON
String #52: android.intent.action.REBOOT
String #53: android.intent.action.SEND
String #54: android.intent.action.SEND_MULTIPLE
String #55: android.intent.action.VIEW
String #56: android.intent.category.BROWSABLE
String #57: android.intent.category.DEFAULT
String #58: android.intent.category.LAUNCHER
String #59: android.permission.ACCESS_NETWORK_STATE
String #60: android.permission.ACCESS_WIFI_STATE
String #61: android.permission.BIND_JOB_SERVICE
String #62: android.permission.DUMP
String #63: android.permission.FOREGROUND_SERVICE
String #64: android.permission.FOREGROUND_SERVICE_MEDIA_PLAYBACK
String #65: android.permission.INTERNET
String #66: android.permission.MODIFY_AUDIO_SETTINGS
String #67: android.permission.POST_NOTIFICATIONS
String #68: android.permission.READ_APP_BADGE
String #69: android.permission.READ_EXTERNAL_STORAGE
String #70: android.permission.RECEIVE_BOOT_COMPLETED
String #71: android.permission.RECORD_AUDIO
String #72: android.permission.SYSTEM_ALERT_WINDOW
String #73: android.permission.USE_BIOMETRIC
String #74: android.permission.USE_FINGERPRINT
String #75: android.permission.VIBRATE
String #76: android.permission.WAKE_LOCK
String #77: android.permission.WRITE_EXTERNAL_STORAGE
String #78: android.support.FILE_PROVIDER_PATHS
String #79: androidx.compose.ui.tooling.PreviewActivity
String #80: androidx.core.app.CoreComponentFactory
String #81: androidx.emoji2.text.EmojiCompatInitializer
String #82: androidx.lifecycle.ProcessLifecycleInitializer
String #83: androidx.media3.session.MediaSessionService
String #84: androidx.profileinstaller.ProfileInstallReceiver
String #85: androidx.profileinstaller.ProfileInstallerInitializer
String #86: androidx.profileinstaller.action.BENCHMARK_OPERATION
String #87: androidx.profileinstaller.action.INSTALL_PROFILE
String #88: androidx.profileinstaller.action.SAVE_PROFILE
String #89: androidx.profileinstaller.action.SKIP_FILE
String #90: androidx.startup
String #91: androidx.startup.InitializationProvider
String #92: application
String #93: application/pdf
String #94: backend:com.google.android.datatransport.cct.CctBackendFactory
String #95: barcode_ui
String #96: category
String #97: cct
String #98: com.anddoes.launcher.permission.UPDATE_COUNT
String #99: com.facebook.soloader.enabled
String #100: com.google.android.c2dm.intent.RECEIVE
String #101: com.google.android.c2dm.permission.RECEIVE
String #102: com.google.android.c2dm.permission.SEND
String #103: com.google.android.datatransport.runtime.backends.TransportBackendDiscovery
String #104: com.google.android.datatransport.runtime.scheduling.jobscheduling.AlarmManagerSchedulerBroadcastReceiver
String #105: com.google.android.datatransport.runtime.scheduling.jobscheduling.JobInfoSchedulerService
String #106: com.google.android.finsky.permission.BIND_GET_INSTALL_REFERRER_SERVICE
String #107: com.google.android.gms.cloudmessaging.FINISHED_AFTER_HANDLED
String #108: com.google.android.gms.common.api.GoogleApiActivity
String #109: com.google.android.gms.version
String #110: com.google.firebase.MESSAGING_EVENT
String #111: com.google.firebase.components.ComponentDiscoveryService
String #112: com.google.firebase.components.ComponentRegistrar
String #113: com.google.firebase.components:com.google.firebase.FirebaseCommonKtxRegistrar
String #114: com.google.firebase.components:com.google.firebase.datatransport.TransportRegistrar
String #115: com.google.firebase.components:com.google.firebase.installations.FirebaseInstallationsKtxRegistrar
String #116: com.google.firebase.components:com.google.firebase.installations.FirebaseInstallationsRegistrar
String #117: com.google.firebase.components:com.google.firebase.ktx.FirebaseCommonLegacyRegistrar
String #118: com.google.firebase.components:com.google.firebase.messaging.FirebaseMessagingKtxRegistrar
String #119: com.google.firebase.components:com.google.firebase.messaging.FirebaseMessagingRegistrar
String #120: com.google.firebase.components:com.google.mlkit.common.internal.CommonComponentRegistrar
String #121: com.google.firebase.components:com.google.mlkit.vision.barcode.internal.BarcodeRegistrar
String #122: com.google.firebase.components:com.google.mlkit.vision.common.internal.VisionCommonRegistrar
String #123: com.google.firebase.iid.FirebaseInstanceIdReceiver
String #124: com.google.firebase.messaging.FirebaseMessagingService
String #125: com.google.firebase.messaging.default_notification_color
String #126: com.google.firebase.messaging.default_notification_icon
String #127: com.google.firebase.provider.FirebaseInitProvider
String #128: com.google.mlkit.common.internal.MlKitComponentDiscoveryService
String #129: com.google.mlkit.common.internal.MlKitInitProvider
String #130: com.google.mlkit.vision.DEPENDENCIES
String #131: com.google.mlkit.vision.codescanner.internal.GmsBarcodeScanningDelegateActivity
String #132: com.htc.intent.action.QUICKBOOT_POWERON
String #133: com.htc.launcher.permission.READ_SETTINGS
String #134: com.htc.launcher.permission.UPDATE_SHORTCUT
String #135: com.huawei.android.launcher.permission.CHANGE_BADGE
String #136: com.huawei.android.launcher.permission.READ_SETTINGS
String #137: com.huawei.android.launcher.permission.WRITE_SETTINGS
String #138: com.majeur.launcher.permission.UPDATE_BADGE
String #139: com.notesbrain.echo
String #140: com.notesbrain.echo.DYNAMIC_RECEIVER_NOT_EXPORTED_PERMISSION
String #141: com.notesbrain.echo.FileSystemFileProvider
String #142: com.notesbrain.echo.MainActivity
String #143: com.notesbrain.echo.MainApplication
String #144: com.notesbrain.echo.androidx-startup
String #145: com.notesbrain.echo.firebaseinitprovider
String #146: com.notesbrain.echo.mlkitinitprovider
String #147: com.oppo.launcher.permission.READ_SETTINGS
String #148: com.oppo.launcher.permission.WRITE_SETTINGS
String #149: com.sec.android.provider.badge.permission.READ
String #150: com.sec.android.provider.badge.permission.WRITE
String #151: com.sonyericsson.home.permission.BROADCAST_BADGE
String #152: com.sonymobile.home.permission.PROVIDER_INSERT_BADGE
String #153: data
String #154: echo
String #155: exp+echo
String #156: expo.modules.adapters.react.apploader.RNHeadlessAppLoader
String #157: expo.modules.audio.service.AudioControlsService
String #158: expo.modules.audio.service.AudioRecordingService
String #159: expo.modules.filesystem.FileSystemFileProvider
String #160: expo.modules.notifications.NOTIFICATION_EVENT
String #161: expo.modules.notifications.default_notification_color
String #162: expo.modules.notifications.default_notification_icon
String #163: expo.modules.notifications.service.ExpoFirebaseMessagingService
String #164: expo.modules.notifications.service.NotificationForwarderActivity
String #165: expo.modules.notifications.service.NotificationsService
String #166: expo.modules.updates.ENABLED
String #167: expo.modules.updates.EXPO_UPDATES_CHECK_ON_LAUNCH
String #168: expo.modules.updates.EXPO_UPDATES_LAUNCH_WAIT_MS
String #169: http://schemas.android.com/apk/res/android
String #170: https
String #171: image/*
String #172: intent
String #173: intent-filter
String #174: manifest
String #175: me.everything.badger.permission.BADGE_COUNT_READ
String #176: me.everything.badger.permission.BADGE_COUNT_WRITE
String #177: meta-data
String #178: org.unimodules.core.AppLoader#react-native-headless
String #179: package
String #180: permission
String #181: platformBuildVersionCode
String #182: platformBuildVersionName
String #183: provider
String #184: queries
String #185: receiver
String #186: service
String #187: text/*
String #188: uses-permission
String #189: uses-sdk

01:30:12.119 detox[67968] i "/Users/coding/Library/Android/sdk/build-tools/36.1.0/aapt" dump xmlstrings "/Users/coding/Projects/notes_brain/apps/mobile/android/app/build/outputs/apk/androidTest/detox/app-detox-androidTest.apk" AndroidManifest.xml
01:30:12.132 detox[67968] i String pool of 42 unique UTF-16 non-sorted strings, 42 entries and 0 styles using 2112 bytes:
String #0: theme
String #1: label
String #2: name
String #3: exported
String #4: priority
String #5: targetPackage
String #6: handleProfiling
String #7: functionalTest
String #8: minSdkVersion
String #9: targetSdkVersion
String #10: extractNativeLibs
String #11: compileSdkVersion
String #12: compileSdkVersionCodename
String #13: 16
String #14: Tests for com.notesbrain.echo
String #15: activity
String #16: android
String #17: android.intent.category.LAUNCHER
String #18: android.permission.REORDER_TASKS
String #19: android.test.runner
String #20: androidx.test.core.app.InstrumentationActivityInvoker$BootstrapActivity
String #21: androidx.test.core.app.InstrumentationActivityInvoker$EmptyActivity
String #22: androidx.test.core.app.InstrumentationActivityInvoker$EmptyFloatingActivity
String #23: androidx.test.orchestrator
String #24: androidx.test.runner.AndroidJUnitRunner
String #25: androidx.test.services
String #26: application
String #27: category
String #28: com.google.android.apps.common.testing.services
String #29: com.notesbrain.echo
String #30: com.notesbrain.echo.test
String #31: http://schemas.android.com/apk/res/android
String #32: instrumentation
String #33: intent-filter
String #34: manifest
String #35: package
String #36: platformBuildVersionCode
String #37: platformBuildVersionName
String #38: queries
String #39: uses-library
String #40: uses-permission
String #41: uses-sdk

01:30:12.132 detox[67968] i "/Users/coding/Library/Android/sdk/platform-tools/adb" -s emulator-13282 shell "rm -fr /data/local/tmp/detox"
01:30:12.164 detox[67968] i 
01:30:12.164 detox[67968] i "/Users/coding/Library/Android/sdk/platform-tools/adb" -s emulator-13282 shell "mkdir -p /data/local/tmp/detox"
01:30:12.198 detox[67968] i 
01:30:12.198 detox[67968] i "/Users/coding/Library/Android/sdk/platform-tools/adb" -s emulator-13282 push "/Users/coding/Projects/notes_brain/apps/mobile/android/app/build/outputs/apk/detox/app-detox.apk" "/data/local/tmp/detox/Application.apk"
01:30:12.431 detox[67968] i /Users/coding/Projects/notes_brain/apps/mobile/android/app/build/outputs/apk/detox/app-detox.apk: 1 file pushed, 0 skipped. 419.3 MB/s (66811203 bytes in 0.152s)

01:30:12.432 detox[67968] i /Users/coding/Library/Android/sdk/platform-tools/adb -s emulator-13282 shell pm install -r -g -t /data/local/tmp/detox/Application.apk
01:30:13.861 detox[67968] i Success

01:30:13.867 detox[67968] i /Users/coding/Library/Android/sdk/platform-tools/adb -s emulator-13282 shell pm install -r -g -t /data/local/tmp/detox/Application.apk exited with code #0
01:30:13.867 detox[67968] i "/Users/coding/Library/Android/sdk/platform-tools/adb" -s emulator-13282 push "/Users/coding/Projects/notes_brain/apps/mobile/android/app/build/outputs/apk/androidTest/detox/app-detox-androidTest.apk" "/data/local/tmp/detox/Test.apk"
01:30:13.923 detox[67968] i /Users/coding/Projects/notes_brain/apps/mobile/android/app/build/outputs/apk/androidTest/detox/app-detox-androidTest.apk: 1 file pushed, 0 skipped. 257.7 MB/s (3215302 bytes in 0.012s)

01:30:13.924 detox[67968] i /Users/coding/Library/Android/sdk/platform-tools/adb -s emulator-13282 shell pm install -r -g -t /data/local/tmp/detox/Test.apk
01:30:14.430 detox[67968] i Success

01:30:14.434 detox[67968] i /Users/coding/Library/Android/sdk/platform-tools/adb -s emulator-13282 shell pm install -r -g -t /data/local/tmp/detox/Test.apk exited with code #0
01:30:14.434 detox[67968] E installApp
01:30:14.434 detox[67968] B onBeforeLaunchApp
  args: ({"deviceId":"emulator-13282","bundleId":"com.notesbrain.echo","launchArgs":{"detoxServer":"ws://localhost:64019","detoxSessionId":"58e5ef5c-118d-f35d-4ae6-aa5894f64d6e"}})
01:30:14.434 detox[67968] i "/Users/coding/Library/Android/sdk/platform-tools/adb" -s emulator-13282 shell "date +\"%m-%d %T.000\""
01:30:14.474 detox[67968] i 03-09 01:30:13.000

01:30:14.475 detox[67968] E onBeforeLaunchApp
01:30:14.475 detox[67968] i "/Users/coding/Library/Android/sdk/platform-tools/adb" -s emulator-13282 reverse tcp:64019 tcp:64019
01:30:14.494 detox[67968] i 64019

01:30:14.494 detox[67968] i "/Users/coding/Library/Android/sdk/platform-tools/adb" -s emulator-13282 shell "pm list instrumentation"
01:30:14.544 detox[67968] i instrumentation:com.notesbrain.echo.test/androidx.test.runner.AndroidJUnitRunner (target=com.notesbrain.echo)

01:30:14.545 detox[67968] i /Users/coding/Library/Android/sdk/platform-tools/adb -s emulator-13282 shell am instrument -w -r -e detoxServer ws://localhost:64019 -e detoxSessionId 58e5ef5c-118d-f35d-4ae6-aa5894f64d6e -e debug false com.notesbrain.echo.test/androidx.test.runner.AndroidJUnitRunner
01:30:15.046 detox[67968] i "/Users/coding/Library/Android/sdk/platform-tools/adb" -s emulator-13282 shell "ps | grep \"com\.notesbrain\.echo$\""
01:30:15.085 detox[67968] i u0_a226      19045   452   16963924 115288 0                   0 S com.notesbrain.echo

01:30:15.085 detox[67968] B onLaunchApp
  args: ({"deviceId":"emulator-13282","bundleId":"com.notesbrain.echo","launchArgs":{"detoxServer":"ws://localhost:64019","detoxSessionId":"58e5ef5c-118d-f35d-4ae6-aa5894f64d6e"},"pid":19045})
01:30:15.085 detox[67968] i starting ADBLogcatRecording
01:30:15.085 detox[67968] i stopping ADBLogcatRecording
01:30:15.085 detox[67968] i "/Users/coding/Library/Android/sdk/platform-tools/adb" -s emulator-13282 shell "date +\"%m-%d %T.000\""
01:30:15.113 detox[67968] i INSTRUMENTATION_STATUS: class=com.notesbrain.echo.DetoxTest
INSTRUMENTATION_STATUS: current=1
INSTRUMENTATION_STATUS: id=AndroidJUnitRunner
INSTRUMENTATION_STATUS: numtests=1
INSTRUMENTATION_STATUS: stream=
com.notesbrain.echo.DetoxTest:
INSTRUMENTATION_STATUS: test=runDetoxTests
INSTRUMENTATION_STATUS_CODE: 1

01:30:15.114 detox[67968] i 03-09 01:30:13.000

01:30:15.115 detox[67968] i sending SIGINT to: /Users/coding/Library/Android/sdk/platform-tools/adb -s emulator-13282 shell logcat -T "03-09 01:30:09.000" --pid=18532 -f /sdcard/12942579_4.log
01:30:15.116 detox[67968] i /Users/coding/Library/Android/sdk/platform-tools/adb -s emulator-13282 shell "logcat -T \"03-09 01:30:09.000\" --pid=18532 -f /sdcard/12942579_4.log" terminated with SIGINT
01:30:15.117 detox[67968] i /Users/coding/Library/Android/sdk/platform-tools/adb -s emulator-13282 shell "logcat -T \"03-09 01:30:13.000\" --pid=19045 -f /sdcard/12942579_4.log"
01:30:15.117 detox[67968] E onLaunchApp
01:30:15.134 detox[67967] B connection :64019<->:64413
01:30:15.136 detox[67967] i get
  data: {"messageId":0,"type":"login","params":{"role":"app","sessionId":"58e5ef5c-118d-f35d-4ae6-aa5894f64d6e"}}
01:30:15.136 detox[67967] i send
  data: {
    "messageId": 0,
    "type": "loginSuccess",
    "params": {
      "testerConnected": true,
      "appConnected": true
    }
  }
01:30:15.136 detox[67967] i app joined session 58e5ef5c-118d-f35d-4ae6-aa5894f64d6e
01:30:15.136 detox[67967] i send
  data: {
    "type": "appConnected"
  }
01:30:15.136 detox[67968] i get message
  data: {"type":"appConnected"}
   
01:30:15.136 detox[67968] i send message
  data: {"type":"isReady","params":{},"messageId":-1000}
01:30:15.137 detox[67967] i get
  data: {"type":"isReady","params":{},"messageId":-1000}
01:30:15.137 detox[67967] i send
  data: {
    "type": "isReady",
    "params": {},
    "messageId": -1000
  }
01:30:15.419 detox[67968] i "/Users/coding/Library/Android/sdk/platform-tools/adb" -s emulator-13282 shell du /sdcard/12942579_4.log
01:30:15.447 detox[67968] i 8	/sdcard/12942579_4.log

01:30:20.394 detox[67967] i get
  data: {"messageId":-1000,"type":"ready","params":{}}
01:30:20.395 detox[67967] i send
  data: {
    "messageId": -1000,
    "type": "ready",
    "params": {}
  }
01:30:20.395 detox[67968] i get message
  data: {"messageId":-1000,"type":"ready","params":{}}
   
01:30:20.395 detox[67968] B onAppReady
  args: ({"deviceId":"emulator-13282","bundleId":"com.notesbrain.echo","pid":19045})
01:30:20.395 detox[67968] E onAppReady
01:30:20.395 detox[67968] E launchApp
01:30:20.395 detox[67968] E beforeEach
01:30:20.395 detox[67968] B test_fn
01:30:20.534 detox[67968] i send message
  data: {"type":"invoke","params":{"target":{"type":"Class","value":"com.wix.detox.espresso.DetoxAssertion"},"method":"waitForAssertMatcher","args":[{"type":"Invocation","value":{"target":{"type":"Class","value":"androidx.test.espresso.Espresso"},"method":"onView","args":[{"type":"Invocation","value":{"target":{"type":"Class","value":"com.wix.detox.espresso.DetoxMatcher"},"method":"matcherForTestId","args":["login-email-input",{"type":"boolean","value":false}]}}]}},{"type":"Invocation","value":{"target":{"type":"Class","value":"com.wix.detox.espresso.DetoxMatcher"},"method":"matcherForSufficientlyVisible","args":[{"type":"Integer","value":75}]}},{"type":"Double","value":15}]},"messageId":3}
01:30:20.534 detox[67968] B undefined with timeout (15000 ms)
  data: {
    "target": {
      "type": "Class",
      "value": "com.wix.detox.espresso.DetoxAssertion"
    },
    "method": "waitForAssertMatcher",
    "args": [
      {
        "type": "Invocation",
        "value": {
          "target": {
            "type": "Class",
            "value": "androidx.test.espresso.Espresso"
          },
          "method": "onView",
          "args": [
            {
              "type": "Invocation",
              "value": {
                "target": {
                  "type": "Class",
                  "value": "com.wix.detox.espresso.DetoxMatcher"
                },
                "method": "matcherForTestId",
                "args": [
                  "login-email-input",
                  {
                    "type": "boolean",
                    "value": false
                  }
                ]
              }
            }
          ]
        }
      },
      {
        "type": "Invocation",
        "value": {
          "target": {
            "type": "Class",
            "value": "com.wix.detox.espresso.DetoxMatcher"
          },
          "method": "matcherForSufficientlyVisible",
          "args": [
            {
              "type": "Integer",
              "value": 75
            }
          ]
        }
      },
      {
        "type": "Double",
        "value": 15
      }
    ]
  }
01:30:20.535 detox[67967] i get
  data: {"type":"invoke","params":{"target":{"type":"Class","value":"com.wix.detox.espresso.DetoxAssertion"},"method":"waitForAssertMatcher","args":[{"type":"Invocation","value":{"target":{"type":"Class","value":"androidx.test.espresso.Espresso"},"method":"onView","args":[{"type":"Invocation","value":{"target":{"type":"Class","value":"com.wix.detox.espresso.DetoxMatcher"},"method":"matcherForTestId","args":["login-email-input",{"type":"boolean","value":false}]}}]}},{"type":"Invocation","value":{"target":{"type":"Class","value":"com.wix.detox.espresso.DetoxMatcher"},"method":"matcherForSufficientlyVisible","args":[{"type":"Integer","value":75}]}},{"type":"Double","value":15}]},"messageId":3}
01:30:20.535 detox[67967] i send
  data: {
    "type": "invoke",
    "params": {
      "target": {
        "type": "Class",
        "value": "com.wix.detox.espresso.DetoxAssertion"
      },
      "method": "waitForAssertMatcher",
      "args": [
        {
          "type": "Invocation",
          "value": {
            "target": {
              "type": "Class",
              "value": "androidx.test.espresso.Espresso"
            },
            "method": "onView",
            "args": [
              {
                "type": "Invocation",
                "value": {
                  "target": {
                    "type": "Class",
                    "value": "com.wix.detox.espresso.DetoxMatcher"
                  },
                  "method": "matcherForTestId",
                  "args": [
                    "login-email-input",
                    {
                      "type": "boolean",
                      "value": false
                    }
                  ]
                }
              }
            ]
          }
        },
        {
          "type": "Invocation",
          "value": {
            "target": {
              "type": "Class",
              "value": "com.wix.detox.espresso.DetoxMatcher"
            },
            "method": "matcherForSufficientlyVisible",
            "args": [
              {
                "type": "Integer",
                "value": 75
              }
            ]
          }
        },
        {
          "type": "Double",
          "value": 15
        }
      ]
    },
    "messageId": 3
  }
01:30:30.536 detox[67967] i get
  data: {"type":"currentStatus","params":{},"messageId":4}
01:30:30.536 detox[67967] i send
  data: {
    "type": "currentStatus",
    "params": {},
    "messageId": 4
  }
01:30:30.536 detox[67968] i send message
  data: {"type":"currentStatus","params":{},"messageId":4}
01:30:30.541 detox[67967] i get
  data: {"messageId":4,"type":"currentStatusResult","params":{"status":{"app_status":"idle"}}}
01:30:30.541 detox[67967] i send
  data: {
    "messageId": 4,
    "type": "currentStatusResult",
    "params": {
      "status": {
        "app_status": "idle"
      }
    }
  }
01:30:30.541 detox[67968] i get message
  data: {"messageId":4,"type":"currentStatusResult","params":{"status":{"app_status":"idle"}}}
   
01:30:30.541 detox[67968] i The app seems to be idle
01:30:31.195 detox[67967] i get
  data: {"messageId":3,"type":"testFailed","params":{"details":"Waited for the root of the view hierarchy to have window focus and not request layout for 10 seconds. If you specified a non default root matcher, it may be picking a root that never takes focus. Root:\nRoot{application-window-token=android.view.ViewRootImpl$W@5ec5f87, window-token=android.view.ViewRootImpl$W@5ec5f87, has-window-focus=false, layout-params-type=1, layout-params-string={(0,0)(fillxfill) sim={adjust=resize forwardNavigation} layoutInDisplayCutoutMode=always ty=BASE_APPLICATION wanim=0x103030e\n  fl=LAYOUT_IN_SCREEN LAYOUT_INSET_DECOR SPLIT_TOUCH HARDWARE_ACCELERATED DRAWS_SYSTEM_BAR_BACKGROUNDS\n  pfl=NO_MOVE_ANIMATION EDGE_TO_EDGE_ENFORCED FORCE_DRAW_STATUS_BAR_BACKGROUND FIT_INSETS_CONTROLLED\n  bhv=DEFAULT\n  fitSides=\n  frameRateBoostOnTouch=true\n  dvrrWindowFrameRateHint=true}, decor-view-string=DecorView{id=-1, visibility=VISIBLE, width=1080, height=2424, has-focus=true, has-focusable=true, has-window-focus=false, is-clickable=false, is-enabled=true, is-focused=false, is-focusable=false, is-layout-requested=false, is-selected=false, layout-params={(0,0)(fillxfill) sim={adjust=resize forwardNavigation} layoutInDisplayCutoutMode=always ty=BASE_APPLICATION wanim=0x103030e\n  fl=LAYOUT_IN_SCREEN LAYOUT_INSET_DECOR SPLIT_TOUCH HARDWARE_ACCELERATED DRAWS_SYSTEM_BAR_BACKGROUNDS\n  pfl=NO_MOVE_ANIMATION EDGE_TO_EDGE_ENFORCED FORCE_DRAW_STATUS_BAR_BACKGROUND FIT_INSETS_CONTROLLED\n  bhv=DEFAULT\n  fitSides=\n  frameRateBoostOnTouch=true\n  dvrrWindowFrameRateHint=true}, tag=null, root-is-layout-requested=false, has-input-connection=false, x=0.0, y=0.0, child-count=1}}\n","viewHierarchy":null}}
01:30:31.196 detox[67967] i send
  data: {
    "messageId": 3,
    "type": "testFailed",
    "params": {
      "details": "Waited for the root of the view hierarchy to have window focus and not request layout for 10 seconds. If you specified a non default root matcher, it may be picking a root that never takes focus. Root:\nRoot{application-window-token=android.view.ViewRootImpl$W@5ec5f87, window-token=android.view.ViewRootImpl$W@5ec5f87, has-window-focus=false, layout-params-type=1, layout-params-string={(0,0)(fillxfill) sim={adjust=resize forwardNavigation} layoutInDisplayCutoutMode=always ty=BASE_APPLICATION wanim=0x103030e\n  fl=LAYOUT_IN_SCREEN LAYOUT_INSET_DECOR SPLIT_TOUCH HARDWARE_ACCELERATED DRAWS_SYSTEM_BAR_BACKGROUNDS\n  pfl=NO_MOVE_ANIMATION EDGE_TO_EDGE_ENFORCED FORCE_DRAW_STATUS_BAR_BACKGROUND FIT_INSETS_CONTROLLED\n  bhv=DEFAULT\n  fitSides=\n  frameRateBoostOnTouch=true\n  dvrrWindowFrameRateHint=true}, decor-view-string=DecorView{id=-1, visibility=VISIBLE, width=1080, height=2424, has-focus=true, has-focusable=true, has-window-focus=false, is-clickable=false, is-enabled=true, is-focused=false, is-focusable=false, is-layout-requested=false, is-selected=false, layout-params={(0,0)(fillxfill) sim={adjust=resize forwardNavigation} layoutInDisplayCutoutMode=always ty=BASE_APPLICATION wanim=0x103030e\n  fl=LAYOUT_IN_SCREEN LAYOUT_INSET_DECOR SPLIT_TOUCH HARDWARE_ACCELERATED DRAWS_SYSTEM_BAR_BACKGROUNDS\n  pfl=NO_MOVE_ANIMATION EDGE_TO_EDGE_ENFORCED FORCE_DRAW_STATUS_BAR_BACKGROUND FIT_INSETS_CONTROLLED\n  bhv=DEFAULT\n  fitSides=\n  frameRateBoostOnTouch=true\n  dvrrWindowFrameRateHint=true}, tag=null, root-is-layout-requested=false, has-input-connection=false, x=0.0, y=0.0, child-count=1}}\n",
      "viewHierarchy": null
    }
  }
01:30:31.197 detox[67968] i get message
  data: {"messageId":3,"type":"testFailed","params":{"details":"Waited for the root of the view hierarchy to have window focus and not request layout for 10 seconds. If you specified a non default root matcher, it may be picking a root that never takes focus. Root:\nRoot{application-window-token=android.view.ViewRootImpl$W@5ec5f87, window-token=android.view.ViewRootImpl$W@5ec5f87, has-window-focus=false, layout-params-type=1, layout-params-string={(0,0)(fillxfill) sim={adjust=resize forwardNavigation} layoutInDisplayCutoutMode=always ty=BASE_APPLICATION wanim=0x103030e\n  fl=LAYOUT_IN_SCREEN LAYOUT_INSET_DECOR SPLIT_TOUCH HARDWARE_ACCELERATED DRAWS_SYSTEM_BAR_BACKGROUNDS\n  pfl=NO_MOVE_ANIMATION EDGE_TO_EDGE_ENFORCED FORCE_DRAW_STATUS_BAR_BACKGROUND FIT_INSETS_CONTROLLED\n  bhv=DEFAULT\n  fitSides=\n  frameRateBoostOnTouch=true\n  dvrrWindowFrameRateHint=true}, decor-view-string=DecorView{id=-1, visibility=VISIBLE, width=1080, height=2424, has-focus=true, has-focusable=true, has-window-focus=false, is-clickable=false, is-enabled=true, is-focused=false, is-focusable=false, is-layout-requested=false, is-selected=false, layout-params={(0,0)(fillxfill) sim={adjust=resize forwardNavigation} layoutInDisplayCutoutMode=always ty=BASE_APPLICATION wanim=0x103030e\n  fl=LAYOUT_IN_SCREEN LAYOUT_INSET_DECOR SPLIT_TOUCH HARDWARE_ACCELERATED DRAWS_SYSTEM_BAR_BACKGROUNDS\n  pfl=NO_MOVE_ANIMATION EDGE_TO_EDGE_ENFORCED FORCE_DRAW_STATUS_BAR_BACKGROUND FIT_INSETS_CONTROLLED\n  bhv=DEFAULT\n  fitSides=\n  frameRateBoostOnTouch=true\n  dvrrWindowFrameRateHint=true}, tag=null, root-is-layout-requested=false, has-input-connection=false, x=0.0, y=0.0, child-count=1}}\n","viewHierarchy":null}}
   
01:30:31.197 detox[67968] E undefined with timeout (15000 ms)
  error: Test Failed: Waited for the root of the view hierarchy to have window focus and not request layout for 10 seconds. If you specified a non default root matcher, it may be picking a root that never takes focus. Root:
  Root{application-window-token=android.view.ViewRootImpl$W@5ec5f87, window-token=android.view.ViewRootImpl$W@5ec5f87, has-window-focus=false, layout-params-type=1, layout-params-string={(0,0)(fillxfill) sim={adjust=resize forwardNavigation} layoutInDisplayCutoutMode=always ty=BASE_APPLICATION wanim=0x103030e
    fl=LAYOUT_IN_SCREEN LAYOUT_INSET_DECOR SPLIT_TOUCH HARDWARE_ACCELERATED DRAWS_SYSTEM_BAR_BACKGROUNDS
    pfl=NO_MOVE_ANIMATION EDGE_TO_EDGE_ENFORCED FORCE_DRAW_STATUS_BAR_BACKGROUND FIT_INSETS_CONTROLLED
    bhv=DEFAULT
    fitSides=
    frameRateBoostOnTouch=true
    dvrrWindowFrameRateHint=true}, decor-view-string=DecorView{id=-1, visibility=VISIBLE, width=1080, height=2424, has-focus=true, has-focusable=true, has-window-focus=false, is-clickable=false, is-enabled=true, is-focused=false, is-focusable=false, is-layout-requested=false, is-selected=false, layout-params={(0,0)(fillxfill) sim={adjust=resize forwardNavigation} layoutInDisplayCutoutMode=always ty=BASE_APPLICATION wanim=0x103030e
    fl=LAYOUT_IN_SCREEN LAYOUT_INSET_DECOR SPLIT_TOUCH HARDWARE_ACCELERATED DRAWS_SYSTEM_BAR_BACKGROUNDS
    pfl=NO_MOVE_ANIMATION EDGE_TO_EDGE_ENFORCED FORCE_DRAW_STATUS_BAR_BACKGROUND FIT_INSETS_CONTROLLED
    bhv=DEFAULT
    fitSides=
    frameRateBoostOnTouch=true
    dvrrWindowFrameRateHint=true}, tag=null, root-is-layout-requested=false, has-input-connection=false, x=0.0, y=0.0, child-count=1}}
  
01:30:31.197 detox[67968] B onTestFnFailure
  args: ({"error":{"name":"DetoxRuntimeError"}})
01:30:31.197 detox[67968] i starting ADBScreencapRecording
01:30:31.197 detox[67968] i "/Users/coding/Library/Android/sdk/platform-tools/adb" -s emulator-13282 shell "screencap /sdcard/12942579_6.png"
01:30:31.492 detox[67968] i 
01:30:31.492 detox[67968] i stopping ADBScreencapRecording
01:30:31.492 detox[67968] E onTestFnFailure
01:30:31.492 detox[67968] E test_fn
  error: Test Failed: Waited for the root of the view hierarchy to have window focus and not request layout for 10 seconds. If you specified a non default root matcher, it may be picking a root that never takes focus. Root:
  Root{application-window-token=android.view.ViewRootImpl$W@5ec5f87, window-token=android.view.ViewRootImpl$W@5ec5f87, has-window-focus=false, layout-params-type=1, layout-params-string={(0,0)(fillxfill) sim={adjust=resize forwardNavigation} layoutInDisplayCutoutMode=always ty=BASE_APPLICATION wanim=0x103030e
    fl=LAYOUT_IN_SCREEN LAYOUT_INSET_DECOR SPLIT_TOUCH HARDWARE_ACCELERATED DRAWS_SYSTEM_BAR_BACKGROUNDS
    pfl=NO_MOVE_ANIMATION EDGE_TO_EDGE_ENFORCED FORCE_DRAW_STATUS_BAR_BACKGROUND FIT_INSETS_CONTROLLED
    bhv=DEFAULT
    fitSides=
    frameRateBoostOnTouch=true
    dvrrWindowFrameRateHint=true}, decor-view-string=DecorView{id=-1, visibility=VISIBLE, width=1080, height=2424, has-focus=true, has-focusable=true, has-window-focus=false, is-clickable=false, is-enabled=true, is-focused=false, is-focusable=false, is-layout-requested=false, is-selected=false, layout-params={(0,0)(fillxfill) sim={adjust=resize forwardNavigation} layoutInDisplayCutoutMode=always ty=BASE_APPLICATION wanim=0x103030e
    fl=LAYOUT_IN_SCREEN LAYOUT_INSET_DECOR SPLIT_TOUCH HARDWARE_ACCELERATED DRAWS_SYSTEM_BAR_BACKGROUNDS
    pfl=NO_MOVE_ANIMATION EDGE_TO_EDGE_ENFORCED FORCE_DRAW_STATUS_BAR_BACKGROUND FIT_INSETS_CONTROLLED
    bhv=DEFAULT
    fitSides=
    frameRateBoostOnTouch=true
    dvrrWindowFrameRateHint=true}, tag=null, root-is-layout-requested=false, has-input-connection=false, x=0.0, y=0.0, child-count=1}}
  
01:30:31.492 detox[67968] B onTestDone
  args: ({"title":"shows a seeded daily summary on the summary tab","fullName":"mobile e2e: capture and summary shows a seeded daily summary on the summary tab","status":"failed","invocations":1,"timedOut":false})
01:30:31.492 detox[67968] i stopping ADBLogcatRecording
01:30:31.492 detox[67968] i starting ADBScreencapRecording
01:30:31.492 detox[67968] i "/Users/coding/Library/Android/sdk/platform-tools/adb" -s emulator-13282 shell "screencap /sdcard/12942579_7.png"
01:30:31.493 detox[67968] i "/Users/coding/Library/Android/sdk/platform-tools/adb" -s emulator-13282 shell "date +\"%m-%d %T.000\""
01:30:31.520 detox[67968] i 03-09 01:30:30.000

01:30:31.521 detox[67968] i sending SIGINT to: /Users/coding/Library/Android/sdk/platform-tools/adb -s emulator-13282 shell logcat -T "03-09 01:30:13.000" --pid=19045 -f /sdcard/12942579_4.log
01:30:31.522 detox[67968] i /Users/coding/Library/Android/sdk/platform-tools/adb -s emulator-13282 shell "logcat -T \"03-09 01:30:13.000\" --pid=19045 -f /sdcard/12942579_4.log" terminated with SIGINT
01:30:31.522 detox[67968] i saving ADBLogcatRecording to: artifacts/android.emu.detox.2026-03-09 08-29-41Z/✗ mobile e2e_ capture and summary shows a seeded daily summary on the summary tab/device.log
01:30:31.522 detox[67968] i "/Users/coding/Library/Android/sdk/platform-tools/adb" -s emulator-13282 pull "/sdcard/12942579_4.log" "artifacts/android.emu.detox.2026-03-09 08-29-41Z/✗ mobile e2e_ capture and summary shows a seeded daily summary on the summary tab/device.log"
01:30:31.544 detox[67968] i /sdcard/12942579_4.log: 1 file pulled, 0 skipped. 23.4 MB/s (53248 bytes in 0.002s)

01:30:31.544 detox[67968] i "/Users/coding/Library/Android/sdk/platform-tools/adb" -s emulator-13282 shell "rm  \"/sdcard/12942579_4.log\""
01:30:31.579 detox[67968] i 
01:30:31.711 detox[67968] i 
01:30:31.711 detox[67968] i stopping ADBScreencapRecording
01:30:31.711 detox[67968] E onTestDone
01:30:31.711 detox[67968] E shows a seeded daily summary on the summary tab
01:30:31.711 detox[67968] i mobile e2e: capture and summary: shows a seeded daily summary on the summary tab [FAIL]
01:30:31.711 detox[67968] B afterAll
01:30:31.712 detox[67968] i saving ADBScreencapRecording to: artifacts/android.emu.detox.2026-03-09 08-29-41Z/✗ mobile e2e_ capture and summary shows a seeded daily summary on the summary tab/testStart.png
01:30:31.712 detox[67968] i "/Users/coding/Library/Android/sdk/platform-tools/adb" -s emulator-13282 pull "/sdcard/12942579_5.png" "artifacts/android.emu.detox.2026-03-09 08-29-41Z/✗ mobile e2e_ capture and summary shows a seeded daily summary on the summary tab/testStart.png"
01:30:31.733 detox[67968] i /sdcard/12942579_5.png: 1 file pulled, 0 skipped. 50.2 MB/s (102223 bytes in 0.002s)

01:30:31.733 detox[67968] i "/Users/coding/Library/Android/sdk/platform-tools/adb" -s emulator-13282 shell "rm  \"/sdcard/12942579_5.png\""
01:30:31.757 detox[67968] i 
01:30:31.757 detox[67968] i saving ADBScreencapRecording to: artifacts/android.emu.detox.2026-03-09 08-29-41Z/✗ mobile e2e_ capture and summary shows a seeded daily summary on the summary tab/testFnFailure.png
01:30:31.757 detox[67968] i "/Users/coding/Library/Android/sdk/platform-tools/adb" -s emulator-13282 pull "/sdcard/12942579_6.png" "artifacts/android.emu.detox.2026-03-09 08-29-41Z/✗ mobile e2e_ capture and summary shows a seeded daily summary on the summary tab/testFnFailure.png"
01:30:31.777 detox[67968] i /sdcard/12942579_6.png: 1 file pulled, 0 skipped. 52.6 MB/s (102269 bytes in 0.002s)

01:30:31.777 detox[67968] i "/Users/coding/Library/Android/sdk/platform-tools/adb" -s emulator-13282 shell "rm  \"/sdcard/12942579_6.png\""
01:30:31.801 detox[67968] i 
01:30:31.802 detox[67968] i saving ADBScreencapRecording to: artifacts/android.emu.detox.2026-03-09 08-29-41Z/✗ mobile e2e_ capture and summary shows a seeded daily summary on the summary tab/testDone.png
01:30:31.802 detox[67968] i "/Users/coding/Library/Android/sdk/platform-tools/adb" -s emulator-13282 pull "/sdcard/12942579_7.png" "artifacts/android.emu.detox.2026-03-09 08-29-41Z/✗ mobile e2e_ capture and summary shows a seeded daily summary on the summary tab/testDone.png"
01:30:31.822 detox[67968] i /sdcard/12942579_7.png: 1 file pulled, 0 skipped. 53.6 MB/s (102269 bytes in 0.002s)

01:30:31.822 detox[67968] i "/Users/coding/Library/Android/sdk/platform-tools/adb" -s emulator-13282 shell "rm  \"/sdcard/12942579_7.png\""
01:30:31.847 detox[67968] i 
01:30:32.032 detox[67968] E afterAll
01:30:32.032 detox[67968] B onRunDescribeFinish
  args: ({"name":"mobile e2e: capture and summary"})
01:30:32.032 detox[67968] E onRunDescribeFinish
01:30:32.032 detox[67968] E mobile e2e: capture and summary
01:30:32.033 detox[67968] B onRunDescribeFinish
  args: ({"name":"ROOT_DESCRIBE_BLOCK"})
01:30:32.033 detox[67968] E onRunDescribeFinish
01:30:32.033 detox[67968] E run the tests
01:30:32.050 detox[67968] B tear down environment
01:30:32.050 detox[67968] B onBeforeCleanup
  args: ()
01:30:32.051 detox[67968] i saving FileArtifact to: artifacts/android.emu.detox.2026-03-09 08-29-41Z/detox_pid_67968.json.log { append: true }
01:30:32.051 detox[67968] i saving FileArtifact to: artifacts/android.emu.detox.2026-03-09 08-29-41Z/detox_pid_67968.log { append: true }
01:30:32.051 detox[67968] E onBeforeCleanup
01:30:32.052 detox[67968] i send message
  data: {"type":"cleanup","params":{"stopRunner":false},"messageId":-49642}
01:30:32.053 detox[67967] i get
  data: {"type":"cleanup","params":{"stopRunner":false},"messageId":-49642}
01:30:32.053 detox[67967] i send
  data: {
    "type": "cleanup",
    "params": {
      "stopRunner": false
    },
    "messageId": -49642
  }
01:30:32.056 detox[67967] i get
  data: {"messageId":-49642,"type":"cleanupDone","params":{}}
01:30:32.056 detox[67967] i send
  data: {
    "messageId": -49642,
    "type": "cleanupDone",
    "params": {}
  }
01:30:32.056 detox[67968] i get message
  data: {"messageId":-49642,"type":"cleanupDone","params":{}}
   
01:30:32.058 detox[67967] i tester exited session 58e5ef5c-118d-f35d-4ae6-aa5894f64d6e
01:30:32.058 detox[67967] i send
  data: {
    "type": "testerDisconnected",
    "messageId": -1
  }
01:30:32.058 detox[67967] E connection :64019<->:64022
01:30:32.059 detox[67968] i sending SIGINT to: /Users/coding/Library/Android/sdk/platform-tools/adb -s emulator-13282 shell am instrument -w -r -e detoxServer ws://localhost:64019 -e detoxSessionId 58e5ef5c-118d-f35d-4ae6-aa5894f64d6e -e debug false com.notesbrain.echo.test/androidx.test.runner.AndroidJUnitRunner
01:30:32.060 detox[67968] i /Users/coding/Library/Android/sdk/platform-tools/adb -s emulator-13282 shell am instrument -w -r -e detoxServer ws://localhost:64019 -e detoxSessionId 58e5ef5c-118d-f35d-4ae6-aa5894f64d6e -e debug false com.notesbrain.echo.test/androidx.test.runner.AndroidJUnitRunner terminated with SIGINT
01:30:32.060 detox[67968] i "/Users/coding/Library/Android/sdk/platform-tools/adb" -s emulator-13282 reverse --remove tcp:64019
01:30:32.061 detox[67967] i received event of :  deallocateDevice {
  deviceCookie: {
    id: 'emulator-13282',
    adbName: 'emulator-13282',
    name: 'emulator-13282 (Pixel_9)'
  }
}
01:30:32.061 detox[67967] B free: emulator-13282
  data: {}
01:30:32.061 detox[67968] i dispatching event to  primary-67967 /tmp/detox.primary-67967  :  deallocateDevice , {
  deviceCookie: {
    id: 'emulator-13282',
    adbName: 'emulator-13282',
    name: 'emulator-13282 (Pixel_9)'
  }
}
01:30:32.062 detox[67967] E free: emulator-13282
01:30:32.062 detox[67967] i dispatching event to socket  :  deallocateDeviceDone {}
01:30:32.062 detox[67968] i ## received events ##
01:30:32.062 detox[67968] i detected event deallocateDeviceDone {}
01:30:32.062 detox[67968] E tear down environment
01:30:32.062 detox[67968] E tests/e2e/mobile/specs/capture-and-summary.e2e.js
01:30:32.065 detox[67968] i dispatching event to  primary-67967 /tmp/detox.primary-67967  :  reportTestResults , {
  testResults: [
    {
      success: false,
      testFilePath: '/Users/coding/Projects/notes_brain/tests/e2e/mobile/specs/capture-and-summary.e2e.js',
      testExecError: undefined,
      isPermanentFailure: false
    }
  ]
}
01:30:32.066 detox[67967] i received event of :  reportTestResults {
  testResults: [
    {
      success: false,
      testFilePath: '/Users/coding/Projects/notes_brain/tests/e2e/mobile/specs/capture-and-summary.e2e.js',
      isPermanentFailure: false
    }
  ]
}
01:30:32.066 detox[67967] i dispatching event to socket  :  reportTestResultsDone {
  testResults: [
    {
      success: false,
      testFilePath: '/Users/coding/Projects/notes_brain/tests/e2e/mobile/specs/capture-and-summary.e2e.js',
      isPermanentFailure: false
    }
  ]
}
01:30:32.066 detox[67967] i broadcasting event to all known sockets listening to  /tmp/detox.primary-67967  :   sessionStateUpdate {
  testResults: [
    {
      success: false,
      testFilePath: '/Users/coding/Projects/notes_brain/tests/e2e/mobile/specs/capture-and-summary.e2e.js',
      isPermanentFailure: false
    }
  ]
}
01:30:32.066 detox[67968] i ## received events ##
01:30:32.066 detox[67968] i detected event reportTestResultsDone {
  testResults: [
    {
      success: false,
      testFilePath: '/Users/coding/Projects/notes_brain/tests/e2e/mobile/specs/capture-and-summary.e2e.js',
      isPermanentFailure: false
    }
  ]
}
01:30:32.067 detox[67968] i connection closed primary-67967 /tmp/detox.primary-67967 0 tries remaining of 0
01:30:32.068 detox[67967] i socket disconnected secondary-67968
01:30:32.068 detox[67968] i secondary-67968 exceeded connection rety amount of  or stopRetrying flag set.
01:30:32.079 detox[67968] i 
01:30:32.170 detox[67967] E Command failed with exit code = 1:
DETOX_AVD_NAME="Pixel_9" jest --config tests/e2e/mobile/jest.config.cjs tests/e2e/mobile/specs/capture-and-summary.e2e.js
01:30:32.170 detox[67967] B cleanup
  args: ()
01:30:32.171 detox[67967] E cleanup
01:30:32.172 detox[67967] i Detox server has been closed gracefully
01:30:32.172 detox[67967] i app exited session 58e5ef5c-118d-f35d-4ae6-aa5894f64d6e
01:30:32.172 detox[67967] E connection :64019<->:64413
01:30:32.173 detox[67967] E node_modules/.bin/detox test --config-path ./tests/e2e/mobile/detox.config.cjs --configuration android.emu.detox --record-logs failing --take-screenshots failing tests/e2e/mobile/specs/capture-and-summary.e2e.js
