01:22:22.987 detox[63189] B node_modules/.bin/detox test --config-path ./tests/e2e/mobile/detox.config.cjs --configuration android.emu.debug --record-logs all tests/e2e/mobile/specs/capture-and-summary.e2e.js
  data: {
    "id": "3aa9f68c-d116-6d84-0eb5-2dd7cfc8805d",
    "detoxConfig": {
      "configurationName": "android.emu.debug",
      "apps": {
        "default": {
          "type": "android.apk",
          "binaryPath": "apps/mobile/android/app/build/outputs/apk/debug/app-debug.apk",
          "testBinaryPath": "apps/mobile/android/app/build/outputs/apk/androidTest/debug/app-debug-androidTest.apk",
          "build": "cd apps/mobile/android && ./gradlew --no-daemon assembleDebug assembleAndroidTest -DtestBuildType=debug"
        }
      },
      "artifacts": {
        "rootDir": "artifacts/android.emu.debug.2026-03-09 08-22-22Z",
        "plugins": {
          "log": {
            "enabled": true,
            "keepOnlyFailedTestsArtifacts": false
          },
          "screenshot": {
            "enabled": true,
            "shouldTakeAutomaticSnapshots": false,
            "keepOnlyFailedTestsArtifacts": false
          },
          "video": {
            "enabled": false,
            "keepOnlyFailedTestsArtifacts": false
          },
          "instruments": {
            "enabled": false,
            "keepOnlyFailedTestsArtifacts": false
          },
          "uiHierarchy": {
            "enabled": false,
            "keepOnlyFailedTestsArtifacts": false
          }
        }
      },
      "behavior": {
        "init": {
          "keepLockFile": false,
          "reinstallApp": true,
          "exposeGlobals": true
        },
        "cleanup": {
          "shutdownDevice": false
        },
        "launchApp": "auto"
      },
      "cli": {
        "recordLogs": "all",
        "configPath": "./tests/e2e/mobile/detox.config.cjs",
        "configuration": "android.emu.debug",
        "start": true
      },
      "commands": [
        {
          "appName": "default",
          "build": "cd apps/mobile/android && ./gradlew --no-daemon assembleDebug assembleAndroidTest -DtestBuildType=debug"
        }
      ],
      "device": {
        "type": "android.emulator",
        "device": {
          "avdName": "Pixel_9"
        }
      },
      "logger": {
        "level": "info",
        "overrideConsole": true,
        "options": {
          "showLoggerName": true,
          "showPid": true,
          "showLevel": false,
          "showMetadata": false,
          "basepath": "/Users/coding/Projects/notes_brain/node_modules/detox/src",
          "prefixers": {},
          "stringifiers": {}
        }
      },
      "testRunner": {
        "retries": 0,
        "forwardEnv": false,
        "detached": false,
        "bail": false,
        "noRetryArgs": [
          "shard"
        ],
        "jest": {
          "setupTimeout": 180000,
          "teardownTimeout": 30000,
          "retryAfterCircusRetries": false,
          "reportWorkerAssign": true
        },
        "args": {
          "$0": "jest",
          "_": [
            "tests/e2e/mobile/specs/capture-and-summary.e2e.js"
          ],
          "config": "tests/e2e/mobile/jest.config.cjs",
          "--": []
        }
      },
      "session": {
        "autoStart": true,
        "debugSynchronization": 10000
      }
    },
    "detoxIPCServer": "primary-63189",
    "testResults": [],
    "testSessionIndex": 0,
    "workersCount": 0
  }
01:22:22.991 detox[63189] i Server path not specified, so defaulting to ipc.config.socketRoot + ipc.config.appspace + ipc.config.id /tmp/detox.primary-63189
01:22:22.992 detox[63189] i starting server on  /tmp/detox.primary-63189 
01:22:22.992 detox[63189] i starting TLS server false
01:22:22.992 detox[63189] i starting server as Unix || Windows Socket
01:22:22.993 detox[63189] i Detox server listening on localhost:62465...
01:22:22.995 detox[63189] i Serialized the session state at: /private/var/folders/4z/mqqhpdps32j1l_chr_9wt8rw0000gp/T/3aa9f68c-d116-6d84-0eb5-2dd7cfc8805d.detox.json
01:22:22.996 detox[63189] B DETOX_AVD_NAME="Pixel_9" jest --config tests/e2e/mobile/jest.config.cjs tests/e2e/mobile/specs/capture-and-summary.e2e.js
01:22:22.998 detox[63189] i (node:63189) [DEP0190] DeprecationWarning: Passing args to a child process with shell option true can lead to security vulnerabilities, as the arguments are not escaped, only concatenated.
(Use `node --trace-deprecation ...` to show where the warning was created)
01:22:23.630 detox[63192] i Service path not specified, so defaulting to ipc.config.socketRoot + ipc.config.appspace + id 
01:22:23.631 detox[63192] i requested connection to  primary-63189 /tmp/detox.primary-63189
01:22:23.631 detox[63192] i Connecting client on Unix Socket : /tmp/detox.primary-63189
01:22:23.632 detox[63189] i ## socket connection to server detected ##
01:22:23.632 detox[63192] i retrying reset
01:22:23.632 detox[63192] i dispatching event to  primary-63189 /tmp/detox.primary-63189  :  registerContext , { id: 'secondary-63192' }
01:22:23.633 detox[63189] i received event of :  registerContext { id: 'secondary-63192' }
01:22:23.633 detox[63189] i dispatching event to socket  :  registerContextDone {
  testResults: [],
  testSessionIndex: 0,
  unsafe_earlyTeardown: undefined
}
01:22:23.633 detox[63192] i ## received events ##
01:22:23.633 detox[63192] i detected event registerContextDone { testResults: [], testSessionIndex: 0 }
01:22:23.704 detox[63192] B tests/e2e/mobile/specs/capture-and-summary.e2e.js
01:22:23.718 detox[63192] B set up environment
01:22:23.719 detox[63189] i received event of :  registerWorker { workerId: 'w1' }
01:22:23.719 detox[63189] i dispatching event to socket  :  registerWorkerDone { workersCount: 1 }
01:22:23.719 detox[63189] i broadcasting event to all known sockets listening to  /tmp/detox.primary-63189  :   sessionStateUpdate { workersCount: 1 }
01:22:23.719 detox[63192] i dispatching event to  primary-63189 /tmp/detox.primary-63189  :  registerWorker , { workerId: 'w1' }
01:22:23.719 detox[63192] i ## received events ##
01:22:23.719 detox[63192] i detected event registerWorkerDone { workersCount: 1 }
01:22:23.846 detox[63192] i ## received events ##
01:22:23.846 detox[63192] i detected event sessionStateUpdate { workersCount: 1 }
01:22:23.849 detox[63189] B connection :62465<->:62468
01:22:23.850 detox[63192] i opened web socket to: ws://localhost:62465
01:22:23.851 detox[63192] i send message
  data: {"type":"login","params":{"sessionId":"49eb8b85-ccbc-9626-7084-0578dfcb278a","role":"tester"},"messageId":0}
01:22:23.853 detox[63189] i get
  data: {"type":"login","params":{"sessionId":"49eb8b85-ccbc-9626-7084-0578dfcb278a","role":"tester"},"messageId":0}
01:22:23.853 detox[63189] i created session 49eb8b85-ccbc-9626-7084-0578dfcb278a
01:22:23.853 detox[63189] i send
  data: {
    "type": "loginSuccess",
    "params": {
      "testerConnected": true,
      "appConnected": false
    },
    "messageId": 0
  }
01:22:23.853 detox[63189] i tester joined session 49eb8b85-ccbc-9626-7084-0578dfcb278a
01:22:23.854 detox[63192] i get message
  data: {"type":"loginSuccess","params":{"testerConnected":true,"appConnected":false},"messageId":0}
   
01:22:23.875 detox[63189] i received event of :  allocateDevice {
  deviceConfig: { type: 'android.emulator', device: { avdName: 'Pixel_9' } }
}
01:22:23.875 detox[63192] i dispatching event to  primary-63189 /tmp/detox.primary-63189  :  allocateDevice , {
  deviceConfig: { type: 'android.emulator', device: { avdName: 'Pixel_9' } }
}
01:22:23.889 detox[63189] B init
  args: ()
01:22:23.890 detox[63189] E init
01:22:23.890 detox[63189] B allocate
  data: {
    "type": "android.emulator",
    "device": {
      "avdName": "Pixel_9"
    }
  }
01:22:24.029 detox[63189] i Detected emulator binary version { major: 36, minor: 3, patch: 10, toString: [Function: toString] }
01:22:24.029 detox[63189] i "/Users/coding/Library/Android/sdk/platform-tools/adb"  devices
01:22:24.044 detox[63189] i List of devices attached


01:22:24.045 detox[63189] i /Users/coding/Library/Android/sdk/emulator/emulator -verbose -no-audio -no-boot-anim -read-only -port 16546 @Pixel_9
01:22:24.046 detox[63189] i /Users/coding/Library/Android/sdk/emulator/emulator -verbose -no-audio -no-boot-anim -read-only -port 16546 @Pixel_9
01:22:24.046 detox[63189] i "/Users/coding/Library/Android/sdk/platform-tools/adb" -s emulator-16546 wait-for-device
01:22:28.325 detox[63189] i 
01:22:28.325 detox[63189] i INFO         | Android emulator version 36.3.10.0 (build_id 14472402) (CL:N/A)
INFO         | Graphics backend: gfxstream
DEBUG   | Current emulator version 36.3.10 is the same as the required version 36.3.10.
INFO         | Deleting /Users/coding/.android/avd/../avd/Pixel_9.avd/bootcompleted.ini done
INFO         | Deleting /Users/coding/.android/avd/../avd/Pixel_9.avd/snapshot.trace done
INFO         | Found AVD name 'Pixel_9'
INFO         | Found AVD target architecture: arm64
INFO         | argv[0]: '/Users/coding/Library/Android/sdk/emulator/emulator'; program directory: '/Users/coding/Library/Android/sdk/emulator'
INFO         | Found systemPath /Users/coding/Library/Android/sdk/system-images/android-36/google_apis_playstore/arm64-v8a/
DEBUG   | autoconfig: -skin pixel_9
DEBUG   | autoconfig: -skindir /Users/coding/Library/Android/sdk/skins/
DEBUG   | init, loading /Users/coding/Library/Android/sdk/emulator/lib/advancedFeatures.ini
WARNING      | Please update the emulator to one that supports the feature(s): VulkanVirtualQueue
DEBUG   | autoconfig: -kernel /Users/coding/Library/Android/sdk/system-images/android-36/google_apis_playstore/arm64-v8a//kernel-ranchu
DEBUG   | Target arch = 'arm64'
DEBUG   | Auto-detect: Kernel image requires new device naming scheme.
DEBUG   | Auto-detect: Kernel does not support YAFFS2 partitions.
DEBUG   | autoconfig: -ramdisk /Users/coding/Library/Android/sdk/system-images/android-36/google_apis_playstore/arm64-v8a//ramdisk.img
DEBUG   | Using initial system image: /Users/coding/Library/Android/sdk/system-images/android-36/google_apis_playstore/arm64-v8a//system.img
DEBUG   | Using initial vendor image: /Users/coding/Library/Android/sdk/system-images/android-36/google_apis_playstore/arm64-v8a//vendor.img
DEBUG   | autoconfig: -data /Users/coding/.android/avd/../avd/Pixel_9.avd/userdata-qemu.img
DEBUG   | autoconfig: -initdata (null)
DEBUG   | autoconfig: -cache /Users/coding/.android/avd/../avd/Pixel_9.avd/cache.img
DEBUG   | INFO: ignore sdcard for arm at api level >= 30
DEBUG   | Physical RAM size: 2048MB
DEBUG   | VM heap size 228MB is below hardware specified minimum of 512MB,setting it to that value
DEBUG   | System image is read only
DEBUG   | Found 1 DNS servers:
DEBUG   | 	192.168.86.1
INFO         | Guest GLES Driver: Auto (ext controls)
DEBUG   | emuglConfig_init: denylisted=0 has_guest_renderer=0, mode: auto, option: 

DEBUG   | emuglConfig_init: auto-selected host based on conditions and UI preference 0

library_mode host gpu mode host
DEBUG   | setCurrentRenderer: host Host
DEBUG   | emuglConfig_init: GPU emulation enabled using 'host' mode

DEBUG   | GPU emulation enabled using 'host' mode
INFO         | Checking system compatibility:
INFO         |   Checking: hasSufficientDiskSpace
INFO         |      Ok: Disk space requirements to run avd: `Pixel_9` are met
INFO         |   Checking: hasSufficientHwGpu
INFO         |      Ok: Hardware GPU requirements to run avd: `Pixel_9` are passed
INFO         |   Checking: hasSufficientSystem
INFO         |      Ok: System requirements to run avd: `Pixel_9` are met
DEBUG   | Starting hostapd main loop.
DEBUG   | trying to load skin file '/Users/coding/Library/Android/sdk/skins//pixel_9/layout'
DEBUG   | Requested console port 16546: Inferring adb port 16547.
DEBUG   | CPU Acceleration: working
DEBUG   | CPU Acceleration status: Hypervisor.Framework OS X Version 15.6
DEBUG   | handleCpuAcceleration: feature check for hvf
DEBUG   | Uwb feature is enabled
DEBUG   | Bluetooth requested by guest
DEBUG   | started modem simulator host server at port: 62476
INFO         | Storing crashdata in: /tmp/android-coding/emu-crash-36.3.10.db, detection is enabled for process: 63280
INFO         | Crash reports will be automatically uploaded to: https://clients2.google.com/cr/report
INFO         | Initializing gfxstream backend
INFO         | android_startOpenglesRenderer: gpu info
INFO         | 
DEBUG   | gfxstreamFeature:GlPipeChecksum = 1
DEBUG   | gfxstreamFeature:Vulkan = 1
DEBUG   | gfxstreamFeature:HasSharedSlotsHostMemoryAllocator = 1
DEBUG   | gfxstreamFeature:VulkanSnapshots = 0
DEBUG   | gfxstreamFeature:NoDelayCloseColorBuffer = 0
DEBUG   | gfxstreamFeature:VirtioGpuNativeSync = 0
DEBUG   | gfxstreamFeature:VulkanShaderFloat16Int8 = 1
DEBUG   | gfxstreamFeature:NativeTextureDecompression = 0
DEBUG   | gfxstreamFeature:VulkanNativeSwapchain = 0
DEBUG   | gfxstreamFeature:VirtioGpuFenceContexts = 0
DEBUG   | gfxstreamFeature:AsyncComposeSupport = 0
DEBUG   | gfxstreamFeature:ExternalBlob = 0
DEBUG   | gfxstreamFeature:SystemBlob = 0
DEBUG   | gfxstreamFeature:GrallocSync = 0
DEBUG   | gfxstreamFeature:GlAsyncSwap = 1
DEBUG   | gfxstreamFeature:GlDma = 1
DEBUG   | gfxstreamFeature:GlDma2 = 0
DEBUG   | gfxstreamFeature:GlDirectMem = 1
DEBUG   | gfxstreamFeature:GlesDynamicVersion = 1
DEBUG   | gfxstreamFeature:PlayStoreImage = 1
DEBUG   | gfxstreamFeature:RefCountPipe = 1
DEBUG   | gfxstreamFeature:HostComposition = 1
DEBUG   | gfxstreamFeature:VulkanNullOptionalStrings = 1
DEBUG   | gfxstreamFeature:Yuv420888ToNv21 = 0
DEBUG   | gfxstreamFeature:YuvCache = 1
DEBUG   | gfxstreamFeature:VulkanIgnoredHandles = 1
DEBUG   | gfxstreamFeature:VirtioGpuNext = 0
DEBUG   | gfxstreamFeature:VulkanQueueSubmitWithCommands = 1
DEBUG   | gfxstreamFeature:VulkanBatchedDescriptorSetUpdate = 0
DEBUG   | gfxstreamFeature:Minigbm = 0
DEBUG   | gfxstreamFeature:HwcMultiConfigs = 1
DEBUG   | gfxstreamFeature:VulkanAllocateDeviceMemoryOnly = 0
DEBUG   | gfxstreamFeature:VulkanAllocateHostMemory = 0
DEBUG   | gfxstreamFeature:GuestVulkanOnly = 0
DEBUG   | gfxstreamFeature:BypassVulkanDeviceFeatureOverrides = 0
DEBUG   | gfxstreamFeature:VulkanDebugUtils = 0
DEBUG   | gfxstreamFeature:VulkanCommandBufferCheckpoints = 0
DEBUG   | gfxstreamFeature:VulkanVirtualQueue = 1
DEBUG   | gfxstreamFeature:VulkanRobustness = 0
DEBUG   | RenderWindow: CMD_INITIALIZE w=1080 h=2424
DEBUG   | FrameBuffer::initialize()
DEBUG   | FrameBuffer::Impl::initialize
DEBUG   | create display 0
DEBUG   | setDisplayPose 0 x 0 y 0 w 1080 h 2424 dpi 0
INFO         | initIcdPaths: ICD set to 'swiftshader', using Swiftshader ICD
INFO         | Setting ICD filenames for the loader = /Users/coding/Library/Android/sdk/emulator/lib64/vulkan/vk_swiftshader_icd.json
VERBOSE | Enabling error messages from vulkan loader
INFO         | SharedLibrary::open for [/Users/coding/Library/Android/sdk/emulator/qemu/darwin-aarch64/lib64/vulkan/libvulkan.dylib]
INFO         | SharedLibrary::open for [/Users/coding/Library/Android/sdk/emulator/qemu/darwin-aarch64/lib64/vulkan/libvulkan.dylib]: not found in map, open for the first time
INFO         | SharedLibrary::open for [/Users/coding/Library/Android/sdk/emulator/qemu/darwin-aarch64/lib64/vulkan/libvulkan.dylib] (posix): begin
INFO         | SharedLibrary::open for [/Users/coding/Library/Android/sdk/emulator/qemu/darwin-aarch64/lib64/vulkan/libvulkan.dylib] (posix,darwin): call dlopen
INFO         | SharedLibrary::open succeeded for [/Users/coding/Library/Android/sdk/emulator/qemu/darwin-aarch64/lib64/vulkan/libvulkan.dylib].
INFO         | Added library: /Users/coding/Library/Android/sdk/emulator/qemu/darwin-aarch64/lib64/vulkan/libvulkan.dylib
DEBUG   | global loader has vkEnumerateInstanceVersion.
DEBUG   | global loader has vkEnumerateInstanceVersion returning >= 1.1.
DEBUG   | Creating an instance, asking for version 1.1.0 ...
DEBUG   | Found 1 Vulkan physical device(s).
DEBUG   | Considering Vulkan physical device 0 : SwiftShader Device (LLVM 10.0.0)
DEBUG   | VK_EXT_external_memory_metal not found, bailing.
DEBUG   | VK_EXT_external_memory_host not found, bailing.
DEBUG   | VK_EXT_external_memory_dma_buf not found, bailing.
DEBUG   | VK_NV_device_diagnostic_checkpoints not found, bailing.
DEBUG   | VK_EXT_robustness2 not found, bailing.
DEBUG   | Graphics queue family index: 0
DEBUG   | Compute queue family index: 0
DEBUG   | Not Supported: VK_FORMAT_R8G8B8A8_UNORM VK_IMAGE_TYPE_2D VK_IMAGE_TILING_LINEAR VK_IMAGE_USAGE_COLOR_ATTACHMENT_BIT
DEBUG   | Not Supported: VK_FORMAT_R8G8B8A8_UNORM VK_IMAGE_TYPE_2D VK_IMAGE_TILING_LINEAR VK_IMAGE_USAGE_INPUT_ATTACHMENT_BIT
DEBUG   | Supported: VK_FORMAT_R8G8B8A8_UNORM VK_IMAGE_TYPE_2D VK_IMAGE_TILING_LINEAR VK_IMAGE_USAGE_SAMPLED_BIT, supportsExternalMemory? 1, requiresDedicated? 0
DEBUG   | Supported: VK_FORMAT_R8G8B8A8_UNORM VK_IMAGE_TYPE_2D VK_IMAGE_TILING_LINEAR VK_IMAGE_USAGE_TRANSFER_SRC_BIT, supportsExternalMemory? 1, requiresDedicated? 0
DEBUG   | Supported: VK_FORMAT_R8G8B8A8_UNORM VK_IMAGE_TYPE_2D VK_IMAGE_TILING_LINEAR VK_IMAGE_USAGE_TRANSFER_DST_BIT, supportsExternalMemory? 1, requiresDedicated? 0
DEBUG   | Supported: VK_FORMAT_R8G8B8A8_UNORM VK_IMAGE_TYPE_2D VK_IMAGE_TILING_OPTIMAL VK_IMAGE_USAGE_COLOR_ATTACHMENT_BIT, supportsExternalMemory? 1, requiresDedicated? 0
DEBUG   | Supported: VK_FORMAT_R8G8B8A8_UNORM VK_IMAGE_TYPE_2D VK_IMAGE_TILING_OPTIMAL VK_IMAGE_USAGE_INPUT_ATTACHMENT_BIT, supportsExternalMemory? 1, requiresDedicated? 0
DEBUG   | Supported: VK_FORMAT_R8G8B8A8_UNORM VK_IMAGE_TYPE_2D VK_IMAGE_TILING_OPTIMAL VK_IMAGE_USAGE_SAMPLED_BIT, supportsExternalMemory? 1, requiresDedicated? 0
DEBUG   | Supported: VK_FORMAT_R8G8B8A8_UNORM VK_IMAGE_TYPE_2D VK_IMAGE_TILING_OPTIMAL VK_IMAGE_USAGE_TRANSFER_SRC_BIT, supportsExternalMemory? 1, requiresDedicated? 0
DEBUG   | Supported: VK_FORMAT_R8G8B8A8_UNORM VK_IMAGE_TYPE_2D VK_IMAGE_TILING_OPTIMAL VK_IMAGE_USAGE_TRANSFER_DST_BIT, supportsExternalMemory? 1, requiresDedicated? 0
DEBUG   | Not Supported: VK_FORMAT_R8G8B8_UNORM VK_IMAGE_TYPE_2D VK_IMAGE_TILING_LINEAR VK_IMAGE_USAGE_COLOR_ATTACHMENT_BIT
DEBUG   | Not Supported: VK_FORMAT_R8G8B8_UNORM VK_IMAGE_TYPE_2D VK_IMAGE_TILING_LINEAR VK_IMAGE_USAGE_INPUT_ATTACHMENT_BIT
DEBUG   | Not Supported: VK_FORMAT_R8G8B8_UNORM VK_IMAGE_TYPE_2D VK_IMAGE_TILING_LINEAR VK_IMAGE_USAGE_SAMPLED_BIT
DEBUG   | Not Supported: VK_FORMAT_R8G8B8_UNORM VK_IMAGE_TYPE_2D VK_IMAGE_TILING_LINEAR VK_IMAGE_USAGE_TRANSFER_SRC_BIT
DEBUG   | Not Supported: VK_FORMAT_R8G8B8_UNORM VK_IMAGE_TYPE_2D VK_IMAGE_TILING_LINEAR VK_IMAGE_USAGE_TRANSFER_DST_BIT
DEBUG   | Not Supported: VK_FORMAT_R8G8B8_UNORM VK_IMAGE_TYPE_2D VK_IMAGE_TILING_OPTIMAL VK_IMAGE_USAGE_COLOR_ATTACHMENT_BIT
DEBUG   | Not Supported: VK_FORMAT_R8G8B8_UNORM VK_IMAGE_TYPE_2D VK_IMAGE_TILING_OPTIMAL VK_IMAGE_USAGE_INPUT_ATTACHMENT_BIT
DEBUG   | Not Supported: VK_FORMAT_R8G8B8_UNORM VK_IMAGE_TYPE_2D VK_IMAGE_TILING_OPTIMAL VK_IMAGE_USAGE_SAMPLED_BIT
DEBUG   | Not Supported: VK_FORMAT_R8G8B8_UNORM VK_IMAGE_TYPE_2D VK_IMAGE_TILING_OPTIMAL VK_IMAGE_USAGE_TRANSFER_SRC_BIT
DEBUG   | Not Supported: VK_FORMAT_R8G8B8_UNORM VK_IMAGE_TYPE_2D VK_IMAGE_TILING_OPTIMAL VK_IMAGE_USAGE_TRANSFER_DST_BIT
DEBUG   | Not Supported: VK_FORMAT_R5G6B5_UNORM_PACK16 VK_IMAGE_TYPE_2D VK_IMAGE_TILING_LINEAR VK_IMAGE_USAGE_COLOR_ATTACHMENT_BIT
DEBUG   | Not Supported: VK_FORMAT_R5G6B5_UNORM_PACK16 VK_IMAGE_TYPE_2D VK_IMAGE_TILING_LINEAR VK_IMAGE_USAGE_INPUT_ATTACHMENT_BIT
DEBUG   | Supported: VK_FORMAT_R5G6B5_UNORM_PACK16 VK_IMAGE_TYPE_2D VK_IMAGE_TILING_LINEAR VK_IMAGE_USAGE_SAMPLED_BIT, supportsExternalMemory? 1, requiresDedicated? 0
DEBUG   | Supported: VK_FORMAT_R5G6B5_UNORM_PACK16 VK_IMAGE_TYPE_2D VK_IMAGE_TILING_LINEAR VK_IMAGE_USAGE_TRANSFER_SRC_BIT, supportsExternalMemory? 1, requiresDedicated? 0
DEBUG   | Supported: VK_FORMAT_R5G6B5_UNORM_PACK16 VK_IMAGE_TYPE_2D VK_IMAGE_TILING_LINEAR VK_IMAGE_USAGE_TRANSFER_DST_BIT, supportsExternalMemory? 1, requiresDedicated? 0
DEBUG   | Supported: VK_FORMAT_R5G6B5_UNORM_PACK16 VK_IMAGE_TYPE_2D VK_IMAGE_TILING_OPTIMAL VK_IMAGE_USAGE_COLOR_ATTACHMENT_BIT, supportsExternalMemory? 1, requiresDedicated? 0
DEBUG   | Supported: VK_FORMAT_R5G6B5_UNORM_PACK16 VK_IMAGE_TYPE_2D VK_IMAGE_TILING_OPTIMAL VK_IMAGE_USAGE_INPUT_ATTACHMENT_BIT, supportsExternalMemory? 1, requiresDedicated? 0
DEBUG   | Supported: VK_FORMAT_R5G6B5_UNORM_PACK16 VK_IMAGE_TYPE_2D VK_IMAGE_TILING_OPTIMAL VK_IMAGE_USAGE_SAMPLED_BIT, supportsExternalMemory? 1, requiresDedicated? 0
DEBUG   | Supported: VK_FORMAT_R5G6B5_UNORM_PACK16 VK_IMAGE_TYPE_2D VK_IMAGE_TILING_OPTIMAL VK_IMAGE_USAGE_TRANSFER_SRC_BIT, supportsExternalMemory? 1, requiresDedicated? 0
DEBUG   | Supported: VK_FORMAT_R5G6B5_UNORM_PACK16 VK_IMAGE_TYPE_2D VK_IMAGE_TILING_OPTIMAL VK_IMAGE_USAGE_TRANSFER_DST_BIT, supportsExternalMemory? 1, requiresDedicated? 0
DEBUG   | Not Supported: VK_FORMAT_A1R5G5B5_UNORM_PACK16 VK_IMAGE_TYPE_2D VK_IMAGE_TILING_LINEAR VK_IMAGE_USAGE_COLOR_ATTACHMENT_BIT
DEBUG   | Not Supported: VK_FORMAT_A1R5G5B5_UNORM_PACK16 VK_IMAGE_TYPE_2D VK_IMAGE_TILING_LINEAR VK_IMAGE_USAGE_INPUT_ATTACHMENT_BIT
DEBUG   | Supported: VK_FORMAT_A1R5G5B5_UNORM_PACK16 VK_IMAGE_TYPE_2D VK_IMAGE_TILING_LINEAR VK_IMAGE_USAGE_SAMPLED_BIT, supportsExternalMemory? 1, requiresDedicated? 0
DEBUG   | Supported: VK_FORMAT_A1R5G5B5_UNORM_PACK16 VK_IMAGE_TYPE_2D VK_IMAGE_TILING_LINEAR VK_IMAGE_USAGE_TRANSFER_SRC_BIT, supportsExternalMemory? 1, requiresDedicated? 0
DEBUG   | Supported: VK_FORMAT_A1R5G5B5_UNORM_PACK16 VK_IMAGE_TYPE_2D VK_IMAGE_TILING_LINEAR VK_IMAGE_USAGE_TRANSFER_DST_BIT, supportsExternalMemory? 1, requiresDedicated? 0
DEBUG   | Supported: VK_FORMAT_A1R5G5B5_UNORM_PACK16 VK_IMAGE_TYPE_2D VK_IMAGE_TILING_OPTIMAL VK_IMAGE_USAGE_COLOR_ATTACHMENT_BIT, supportsExternalMemory? 1, requiresDedicated? 0
DEBUG   | Supported: VK_FORMAT_A1R5G5B5_UNORM_PACK16 VK_IMAGE_TYPE_2D VK_IMAGE_TILING_OPTIMAL VK_IMAGE_USAGE_INPUT_ATTACHMENT_BIT, supportsExternalMemory? 1, requiresDedicated? 0
DEBUG   | Supported: VK_FORMAT_A1R5G5B5_UNORM_PACK16 VK_IMAGE_TYPE_2D VK_IMAGE_TILING_OPTIMAL VK_IMAGE_USAGE_SAMPLED_BIT, supportsExternalMemory? 1, requiresDedicated? 0
DEBUG   | Supported: VK_FORMAT_A1R5G5B5_UNORM_PACK16 VK_IMAGE_TYPE_2D VK_IMAGE_TILING_OPTIMAL VK_IMAGE_USAGE_TRANSFER_SRC_BIT, supportsExternalMemory? 1, requiresDedicated? 0
DEBUG   | Supported: VK_FORMAT_A1R5G5B5_UNORM_PACK16 VK_IMAGE_TYPE_2D VK_IMAGE_TILING_OPTIMAL VK_IMAGE_USAGE_TRANSFER_DST_BIT, supportsExternalMemory? 1, requiresDedicated? 0
DEBUG   | Not Supported: VK_FORMAT_R16G16B16A16_SFLOAT VK_IMAGE_TYPE_2D VK_IMAGE_TILING_LINEAR VK_IMAGE_USAGE_COLOR_ATTACHMENT_BIT
DEBUG   | Not Supported: VK_FORMAT_R16G16B16A16_SFLOAT VK_IMAGE_TYPE_2D VK_IMAGE_TILING_LINEAR VK_IMAGE_USAGE_INPUT_ATTACHMENT_BIT
DEBUG   | Supported: VK_FORMAT_R16G16B16A16_SFLOAT VK_IMAGE_TYPE_2D VK_IMAGE_TILING_LINEAR VK_IMAGE_USAGE_SAMPLED_BIT, supportsExternalMemory? 1, requiresDedicated? 0
DEBUG   | Supported: VK_FORMAT_R16G16B16A16_SFLOAT VK_IMAGE_TYPE_2D VK_IMAGE_TILING_LINEAR VK_IMAGE_USAGE_TRANSFER_SRC_BIT, supportsExternalMemory? 1, requiresDedicated? 0
DEBUG   | Supported: VK_FORMAT_R16G16B16A16_SFLOAT VK_IMAGE_TYPE_2D VK_IMAGE_TILING_LINEAR VK_IMAGE_USAGE_TRANSFER_DST_BIT, supportsExternalMemory? 1, requiresDedicated? 0
DEBUG   | Supported: VK_FORMAT_R16G16B16A16_SFLOAT VK_IMAGE_TYPE_2D VK_IMAGE_TILING_OPTIMAL VK_IMAGE_USAGE_COLOR_ATTACHMENT_BIT, supportsExternalMemory? 1, requiresDedicated? 0
DEBUG   | Supported: VK_FORMAT_R16G16B16A16_SFLOAT VK_IMAGE_TYPE_2D VK_IMAGE_TILING_OPTIMAL VK_IMAGE_USAGE_INPUT_ATTACHMENT_BIT, supportsExternalMemory? 1, requiresDedicated? 0
DEBUG   | Supported: VK_FORMAT_R16G16B16A16_SFLOAT VK_IMAGE_TYPE_2D VK_IMAGE_TILING_OPTIMAL VK_IMAGE_USAGE_SAMPLED_BIT, supportsExternalMemory? 1, requiresDedicated? 0
DEBUG   | Supported: VK_FORMAT_R16G16B16A16_SFLOAT VK_IMAGE_TYPE_2D VK_IMAGE_TILING_OPTIMAL VK_IMAGE_USAGE_TRANSFER_SRC_BIT, supportsExternalMemory? 1, requiresDedicated? 0
DEBUG   | Supported: VK_FORMAT_R16G16B16A16_SFLOAT VK_IMAGE_TYPE_2D VK_IMAGE_TILING_OPTIMAL VK_IMAGE_USAGE_TRANSFER_DST_BIT, supportsExternalMemory? 1, requiresDedicated? 0
DEBUG   | Not Supported: VK_FORMAT_R16G16B16_SFLOAT VK_IMAGE_TYPE_2D VK_IMAGE_TILING_LINEAR VK_IMAGE_USAGE_COLOR_ATTACHMENT_BIT
DEBUG   | Not Supported: VK_FORMAT_R16G16B16_SFLOAT VK_IMAGE_TYPE_2D VK_IMAGE_TILING_LINEAR VK_IMAGE_USAGE_INPUT_ATTACHMENT_BIT
DEBUG   | Not Supported: VK_FORMAT_R16G16B16_SFLOAT VK_IMAGE_TYPE_2D VK_IMAGE_TILING_LINEAR VK_IMAGE_USAGE_SAMPLED_BIT
DEBUG   | Not Supported: VK_FORMAT_R16G16B16_SFLOAT VK_IMAGE_TYPE_2D VK_IMAGE_TILING_LINEAR VK_IMAGE_USAGE_TRANSFER_SRC_BIT
DEBUG   | Not Supported: VK_FORMAT_R16G16B16_SFLOAT VK_IMAGE_TYPE_2D VK_IMAGE_TILING_LINEAR VK_IMAGE_USAGE_TRANSFER_DST_BIT
DEBUG   | Not Supported: VK_FORMAT_R16G16B16_SFLOAT VK_IMAGE_TYPE_2D VK_IMAGE_TILING_OPTIMAL VK_IMAGE_USAGE_COLOR_ATTACHMENT_BIT
DEBUG   | Not Supported: VK_FORMAT_R16G16B16_SFLOAT VK_IMAGE_TYPE_2D VK_IMAGE_TILING_OPTIMAL VK_IMAGE_USAGE_INPUT_ATTACHMENT_BIT
DEBUG   | Not Supported: VK_FORMAT_R16G16B16_SFLOAT VK_IMAGE_TYPE_2D VK_IMAGE_TILING_OPTIMAL VK_IMAGE_USAGE_SAMPLED_BIT
DEBUG   | Not Supported: VK_FORMAT_R16G16B16_SFLOAT VK_IMAGE_TYPE_2D VK_IMAGE_TILING_OPTIMAL VK_IMAGE_USAGE_TRANSFER_SRC_BIT
DEBUG   | Not Supported: VK_FORMAT_R16G16B16_SFLOAT VK_IMAGE_TYPE_2D VK_IMAGE_TILING_OPTIMAL VK_IMAGE_USAGE_TRANSFER_DST_BIT
DEBUG   | Not Supported: VK_FORMAT_B8G8R8A8_UNORM VK_IMAGE_TYPE_2D VK_IMAGE_TILING_LINEAR VK_IMAGE_USAGE_COLOR_ATTACHMENT_BIT
DEBUG   | Not Supported: VK_FORMAT_B8G8R8A8_UNORM VK_IMAGE_TYPE_2D VK_IMAGE_TILING_LINEAR VK_IMAGE_USAGE_INPUT_ATTACHMENT_BIT
DEBUG   | Supported: VK_FORMAT_B8G8R8A8_UNORM VK_IMAGE_TYPE_2D VK_IMAGE_TILING_LINEAR VK_IMAGE_USAGE_SAMPLED_BIT, supportsExternalMemory? 1, requiresDedicated? 0
DEBUG   | Supported: VK_FORMAT_B8G8R8A8_UNORM VK_IMAGE_TYPE_2D VK_IMAGE_TILING_LINEAR VK_IMAGE_USAGE_TRANSFER_SRC_BIT, supportsExternalMemory? 1, requiresDedicated? 0
DEBUG   | Supported: VK_FORMAT_B8G8R8A8_UNORM VK_IMAGE_TYPE_2D VK_IMAGE_TILING_LINEAR VK_IMAGE_USAGE_TRANSFER_DST_BIT, supportsExternalMemory? 1, requiresDedicated? 0
DEBUG   | Supported: VK_FORMAT_B8G8R8A8_UNORM VK_IMAGE_TYPE_2D VK_IMAGE_TILING_OPTIMAL VK_IMAGE_USAGE_COLOR_ATTACHMENT_BIT, supportsExternalMemory? 1, requiresDedicated? 0
DEBUG   | Supported: VK_FORMAT_B8G8R8A8_UNORM VK_IMAGE_TYPE_2D VK_IMAGE_TILING_OPTIMAL VK_IMAGE_USAGE_INPUT_ATTACHMENT_BIT, supportsExternalMemory? 1, requiresDedicated? 0
DEBUG   | Supported: VK_FORMAT_B8G8R8A8_UNORM VK_IMAGE_TYPE_2D VK_IMAGE_TILING_OPTIMAL VK_IMAGE_USAGE_SAMPLED_BIT, supportsExternalMemory? 1, requiresDedicated? 0
DEBUG   | Supported: VK_FORMAT_B8G8R8A8_UNORM VK_IMAGE_TYPE_2D VK_IMAGE_TILING_OPTIMAL VK_IMAGE_USAGE_TRANSFER_SRC_BIT, supportsExternalMemory? 1, requiresDedicated? 0
DEBUG   | Supported: VK_FORMAT_B8G8R8A8_UNORM VK_IMAGE_TYPE_2D VK_IMAGE_TILING_OPTIMAL VK_IMAGE_USAGE_TRANSFER_DST_BIT, supportsExternalMemory? 1, requiresDedicated? 0
DEBUG   | Not Supported: VK_FORMAT_B4G4R4A4_UNORM_PACK16 VK_IMAGE_TYPE_2D VK_IMAGE_TILING_LINEAR VK_IMAGE_USAGE_COLOR_ATTACHMENT_BIT
DEBUG   | Not Supported: VK_FORMAT_B4G4R4A4_UNORM_PACK16 VK_IMAGE_TYPE_2D VK_IMAGE_TILING_LINEAR VK_IMAGE_USAGE_INPUT_ATTACHMENT_BIT
DEBUG   | Supported: VK_FORMAT_B4G4R4A4_UNORM_PACK16 VK_IMAGE_TYPE_2D VK_IMAGE_TILING_LINEAR VK_IMAGE_USAGE_SAMPLED_BIT, supportsExternalMemory? 1, requiresDedicated? 0
DEBUG   | Supported: VK_FORMAT_B4G4R4A4_UNORM_PACK16 VK_IMAGE_TYPE_2D VK_IMAGE_TILING_LINEAR VK_IMAGE_USAGE_TRANSFER_SRC_BIT, supportsExternalMemory? 1, requiresDedicated? 0
DEBUG   | Supported: VK_FORMAT_B4G4R4A4_UNORM_PACK16 VK_IMAGE_TYPE_2D VK_IMAGE_TILING_LINEAR VK_IMAGE_USAGE_TRANSFER_DST_BIT, supportsExternalMemory? 1, requiresDedicated? 0
DEBUG   | Supported: VK_FORMAT_B4G4R4A4_UNORM_PACK16 VK_IMAGE_TYPE_2D VK_IMAGE_TILING_OPTIMAL VK_IMAGE_USAGE_COLOR_ATTACHMENT_BIT, supportsExternalMemory? 1, requiresDedicated? 0
DEBUG   | Supported: VK_FORMAT_B4G4R4A4_UNORM_PACK16 VK_IMAGE_TYPE_2D VK_IMAGE_TILING_OPTIMAL VK_IMAGE_USAGE_INPUT_ATTACHMENT_BIT, supportsExternalMemory? 1, requiresDedicated? 0
DEBUG   | Supported: VK_FORMAT_B4G4R4A4_UNORM_PACK16 VK_IMAGE_TYPE_2D VK_IMAGE_TILING_OPTIMAL VK_IMAGE_USAGE_SAMPLED_BIT, supportsExternalMemory? 1, requiresDedicated? 0
DEBUG   | Supported: VK_FORMAT_B4G4R4A4_UNORM_PACK16 VK_IMAGE_TYPE_2D VK_IMAGE_TILING_OPTIMAL VK_IMAGE_USAGE_TRANSFER_SRC_BIT, supportsExternalMemory? 1, requiresDedicated? 0
DEBUG   | Supported: VK_FORMAT_B4G4R4A4_UNORM_PACK16 VK_IMAGE_TYPE_2D VK_IMAGE_TILING_OPTIMAL VK_IMAGE_USAGE_TRANSFER_DST_BIT, supportsExternalMemory? 1, requiresDedicated? 0
DEBUG   | Not Supported: VK_FORMAT_R4G4B4A4_UNORM_PACK16 VK_IMAGE_TYPE_2D VK_IMAGE_TILING_LINEAR VK_IMAGE_USAGE_COLOR_ATTACHMENT_BIT
DEBUG   | Not Supported: VK_FORMAT_R4G4B4A4_UNORM_PACK16 VK_IMAGE_TYPE_2D VK_IMAGE_TILING_LINEAR VK_IMAGE_USAGE_INPUT_ATTACHMENT_BIT
DEBUG   | Supported: VK_FORMAT_R4G4B4A4_UNORM_PACK16 VK_IMAGE_TYPE_2D VK_IMAGE_TILING_LINEAR VK_IMAGE_USAGE_SAMPLED_BIT, supportsExternalMemory? 1, requiresDedicated? 0
DEBUG   | Supported: VK_FORMAT_R4G4B4A4_UNORM_PACK16 VK_IMAGE_TYPE_2D VK_IMAGE_TILING_LINEAR VK_IMAGE_USAGE_TRANSFER_SRC_BIT, supportsExternalMemory? 1, requiresDedicated? 0
DEBUG   | Supported: VK_FORMAT_R4G4B4A4_UNORM_PACK16 VK_IMAGE_TYPE_2D VK_IMAGE_TILING_LINEAR VK_IMAGE_USAGE_TRANSFER_DST_BIT, supportsExternalMemory? 1, requiresDedicated? 0
DEBUG   | Supported: VK_FORMAT_R4G4B4A4_UNORM_PACK16 VK_IMAGE_TYPE_2D VK_IMAGE_TILING_OPTIMAL VK_IMAGE_USAGE_COLOR_ATTACHMENT_BIT, supportsExternalMemory? 1, requiresDedicated? 0
DEBUG   | Supported: VK_FORMAT_R4G4B4A4_UNORM_PACK16 VK_IMAGE_TYPE_2D VK_IMAGE_TILING_OPTIMAL VK_IMAGE_USAGE_INPUT_ATTACHMENT_BIT, supportsExternalMemory? 1, requiresDedicated? 0
DEBUG   | Supported: VK_FORMAT_R4G4B4A4_UNORM_PACK16 VK_IMAGE_TYPE_2D VK_IMAGE_TILING_OPTIMAL VK_IMAGE_USAGE_SAMPLED_BIT, supportsExternalMemory? 1, requiresDedicated? 0
DEBUG   | Supported: VK_FORMAT_R4G4B4A4_UNORM_PACK16 VK_IMAGE_TYPE_2D VK_IMAGE_TILING_OPTIMAL VK_IMAGE_USAGE_TRANSFER_SRC_BIT, supportsExternalMemory? 1, requiresDedicated? 0
DEBUG   | Supported: VK_FORMAT_R4G4B4A4_UNORM_PACK16 VK_IMAGE_TYPE_2D VK_IMAGE_TILING_OPTIMAL VK_IMAGE_USAGE_TRANSFER_DST_BIT, supportsExternalMemory? 1, requiresDedicated? 0
DEBUG   | Not Supported: VK_FORMAT_R8_UNORM VK_IMAGE_TYPE_2D VK_IMAGE_TILING_LINEAR VK_IMAGE_USAGE_COLOR_ATTACHMENT_BIT
DEBUG   | Not Supported: VK_FORMAT_R8_UNORM VK_IMAGE_TYPE_2D VK_IMAGE_TILING_LINEAR VK_IMAGE_USAGE_INPUT_ATTACHMENT_BIT
DEBUG   | Supported: VK_FORMAT_R8_UNORM VK_IMAGE_TYPE_2D VK_IMAGE_TILING_LINEAR VK_IMAGE_USAGE_SAMPLED_BIT, supportsExternalMemory? 1, requiresDedicated? 0
DEBUG   | Supported: VK_FORMAT_R8_UNORM VK_IMAGE_TYPE_2D VK_IMAGE_TILING_LINEAR VK_IMAGE_USAGE_TRANSFER_SRC_BIT, supportsExternalMemory? 1, requiresDedicated? 0
DEBUG   | Supported: VK_FORMAT_R8_UNORM VK_IMAGE_TYPE_2D VK_IMAGE_TILING_LINEAR VK_IMAGE_USAGE_TRANSFER_DST_BIT, supportsExternalMemory? 1, requiresDedicated? 0
DEBUG   | Supported: VK_FORMAT_R8_UNORM VK_IMAGE_TYPE_2D VK_IMAGE_TILING_OPTIMAL VK_IMAGE_USAGE_COLOR_ATTACHMENT_BIT, supportsExternalMemory? 1, requiresDedicated? 0
DEBUG   | Supported: VK_FORMAT_R8_UNORM VK_IMAGE_TYPE_2D VK_IMAGE_TILING_OPTIMAL VK_IMAGE_USAGE_INPUT_ATTACHMENT_BIT, supportsExternalMemory? 1, requiresDedicated? 0
DEBUG   | Supported: VK_FORMAT_R8_UNORM VK_IMAGE_TYPE_2D VK_IMAGE_TILING_OPTIMAL VK_IMAGE_USAGE_SAMPLED_BIT, supportsExternalMemory? 1, requiresDedicated? 0
DEBUG   | Supported: VK_FORMAT_R8_UNORM VK_IMAGE_TYPE_2D VK_IMAGE_TILING_OPTIMAL VK_IMAGE_USAGE_TRANSFER_SRC_BIT, supportsExternalMemory? 1, requiresDedicated? 0
DEBUG   | Supported: VK_FORMAT_R8_UNORM VK_IMAGE_TYPE_2D VK_IMAGE_TILING_OPTIMAL VK_IMAGE_USAGE_TRANSFER_DST_BIT, supportsExternalMemory? 1, requiresDedicated? 0
DEBUG   | Not Supported: VK_FORMAT_R16_UNORM VK_IMAGE_TYPE_2D VK_IMAGE_TILING_LINEAR VK_IMAGE_USAGE_COLOR_ATTACHMENT_BIT
DEBUG   | Not Supported: VK_FORMAT_R16_UNORM VK_IMAGE_TYPE_2D VK_IMAGE_TILING_LINEAR VK_IMAGE_USAGE_INPUT_ATTACHMENT_BIT
DEBUG   | Supported: VK_FORMAT_R16_UNORM VK_IMAGE_TYPE_2D VK_IMAGE_TILING_LINEAR VK_IMAGE_USAGE_SAMPLED_BIT, supportsExternalMemory? 1, requiresDedicated? 0
DEBUG   | Supported: VK_FORMAT_R16_UNORM VK_IMAGE_TYPE_2D VK_IMAGE_TILING_LINEAR VK_IMAGE_USAGE_TRANSFER_SRC_BIT, supportsExternalMemory? 1, requiresDedicated? 0
DEBUG   | Supported: VK_FORMAT_R16_UNORM VK_IMAGE_TYPE_2D VK_IMAGE_TILING_LINEAR VK_IMAGE_USAGE_TRANSFER_DST_BIT, supportsExternalMemory? 1, requiresDedicated? 0
DEBUG   | Supported: VK_FORMAT_R16_UNORM VK_IMAGE_TYPE_2D VK_IMAGE_TILING_OPTIMAL VK_IMAGE_USAGE_COLOR_ATTACHMENT_BIT, supportsExternalMemory? 1, requiresDedicated? 0
DEBUG   | Supported: VK_FORMAT_R16_UNORM VK_IMAGE_TYPE_2D VK_IMAGE_TILING_OPTIMAL VK_IMAGE_USAGE_INPUT_ATTACHMENT_BIT, supportsExternalMemory? 1, requiresDedicated? 0
DEBUG   | Supported: VK_FORMAT_R16_UNORM VK_IMAGE_TYPE_2D VK_IMAGE_TILING_OPTIMAL VK_IMAGE_USAGE_SAMPLED_BIT, supportsExternalMemory? 1, requiresDedicated? 0
DEBUG   | Supported: VK_FORMAT_R16_UNORM VK_IMAGE_TYPE_2D VK_IMAGE_TILING_OPTIMAL VK_IMAGE_USAGE_TRANSFER_SRC_BIT, supportsExternalMemory? 1, requiresDedicated? 0
DEBUG   | Supported: VK_FORMAT_R16_UNORM VK_IMAGE_TYPE_2D VK_IMAGE_TILING_OPTIMAL VK_IMAGE_USAGE_TRANSFER_DST_BIT, supportsExternalMemory? 1, requiresDedicated? 0
DEBUG   | Not Supported: VK_FORMAT_A2R10G10B10_UINT_PACK32 VK_IMAGE_TYPE_2D VK_IMAGE_TILING_LINEAR VK_IMAGE_USAGE_COLOR_ATTACHMENT_BIT
DEBUG   | Not Supported: VK_FORMAT_A2R10G10B10_UINT_PACK32 VK_IMAGE_TYPE_2D VK_IMAGE_TILING_LINEAR VK_IMAGE_USAGE_INPUT_ATTACHMENT_BIT
DEBUG   | Supported: VK_FORMAT_A2R10G10B10_UINT_PACK32 VK_IMAGE_TYPE_2D VK_IMAGE_TILING_LINEAR VK_IMAGE_USAGE_SAMPLED_BIT, supportsExternalMemory? 1, requiresDedicated? 0
DEBUG   | Supported: VK_FORMAT_A2R10G10B10_UINT_PACK32 VK_IMAGE_TYPE_2D VK_IMAGE_TILING_LINEAR VK_IMAGE_USAGE_TRANSFER_SRC_BIT, supportsExternalMemory? 1, requiresDedicated? 0
DEBUG   | Supported: VK_FORMAT_A2R10G10B10_UINT_PACK32 VK_IMAGE_TYPE_2D VK_IMAGE_TILING_LINEAR VK_IMAGE_USAGE_TRANSFER_DST_BIT, supportsExternalMemory? 1, requiresDedicated? 0
DEBUG   | Supported: VK_FORMAT_A2R10G10B10_UINT_PACK32 VK_IMAGE_TYPE_2D VK_IMAGE_TILING_OPTIMAL VK_IMAGE_USAGE_COLOR_ATTACHMENT_BIT, supportsExternalMemory? 1, requiresDedicated? 0
DEBUG   | Supported: VK_FORMAT_A2R10G10B10_UINT_PACK32 VK_IMAGE_TYPE_2D VK_IMAGE_TILING_OPTIMAL VK_IMAGE_USAGE_INPUT_ATTACHMENT_BIT, supportsExternalMemory? 1, requiresDedicated? 0
DEBUG   | Supported: VK_FORMAT_A2R10G10B10_UINT_PACK32 VK_IMAGE_TYPE_2D VK_IMAGE_TILING_OPTIMAL VK_IMAGE_USAGE_SAMPLED_BIT, supportsExternalMemory? 1, requiresDedicated? 0
DEBUG   | Supported: VK_FORMAT_A2R10G10B10_UINT_PACK32 VK_IMAGE_TYPE_2D VK_IMAGE_TILING_OPTIMAL VK_IMAGE_USAGE_TRANSFER_SRC_BIT, supportsExternalMemory? 1, requiresDedicated? 0
DEBUG   | Supported: VK_FORMAT_A2R10G10B10_UINT_PACK32 VK_IMAGE_TYPE_2D VK_IMAGE_TILING_OPTIMAL VK_IMAGE_USAGE_TRANSFER_DST_BIT, supportsExternalMemory? 1, requiresDedicated? 0
DEBUG   | Not Supported: VK_FORMAT_A2R10G10B10_UNORM_PACK32 VK_IMAGE_TYPE_2D VK_IMAGE_TILING_LINEAR VK_IMAGE_USAGE_COLOR_ATTACHMENT_BIT
DEBUG   | Not Supported: VK_FORMAT_A2R10G10B10_UNORM_PACK32 VK_IMAGE_TYPE_2D VK_IMAGE_TILING_LINEAR VK_IMAGE_USAGE_INPUT_ATTACHMENT_BIT
DEBUG   | Supported: VK_FORMAT_A2R10G10B10_UNORM_PACK32 VK_IMAGE_TYPE_2D VK_IMAGE_TILING_LINEAR VK_IMAGE_USAGE_SAMPLED_BIT, supportsExternalMemory? 1, requiresDedicated? 0
DEBUG   | Supported: VK_FORMAT_A2R10G10B10_UNORM_PACK32 VK_IMAGE_TYPE_2D VK_IMAGE_TILING_LINEAR VK_IMAGE_USAGE_TRANSFER_SRC_BIT, supportsExternalMemory? 1, requiresDedicated? 0
DEBUG   | Supported: VK_FORMAT_A2R10G10B10_UNORM_PACK32 VK_IMAGE_TYPE_2D VK_IMAGE_TILING_LINEAR VK_IMAGE_USAGE_TRANSFER_DST_BIT, supportsExternalMemory? 1, requiresDedicated? 0
DEBUG   | Supported: VK_FORMAT_A2R10G10B10_UNORM_PACK32 VK_IMAGE_TYPE_2D VK_IMAGE_TILING_OPTIMAL VK_IMAGE_USAGE_COLOR_ATTACHMENT_BIT, supportsExternalMemory? 1, requiresDedicated? 0
DEBUG   | Supported: VK_FORMAT_A2R10G10B10_UNORM_PACK32 VK_IMAGE_TYPE_2D VK_IMAGE_TILING_OPTIMAL VK_IMAGE_USAGE_INPUT_ATTACHMENT_BIT, supportsExternalMemory? 1, requiresDedicated? 0
DEBUG   | Supported: VK_FORMAT_A2R10G10B10_UNORM_PACK32 VK_IMAGE_TYPE_2D VK_IMAGE_TILING_OPTIMAL VK_IMAGE_USAGE_SAMPLED_BIT, supportsExternalMemory? 1, requiresDedicated? 0
DEBUG   | Supported: VK_FORMAT_A2R10G10B10_UNORM_PACK32 VK_IMAGE_TYPE_2D VK_IMAGE_TILING_OPTIMAL VK_IMAGE_USAGE_TRANSFER_SRC_BIT, supportsExternalMemory? 1, requiresDedicated? 0
DEBUG   | Supported: VK_FORMAT_A2R10G10B10_UNORM_PACK32 VK_IMAGE_TYPE_2D VK_IMAGE_TILING_OPTIMAL VK_IMAGE_USAGE_TRANSFER_DST_BIT, supportsExternalMemory? 1, requiresDedicated? 0
DEBUG   | Not Supported: VK_FORMAT_A2B10G10R10_UNORM_PACK32 VK_IMAGE_TYPE_2D VK_IMAGE_TILING_LINEAR VK_IMAGE_USAGE_COLOR_ATTACHMENT_BIT
DEBUG   | Not Supported: VK_FORMAT_A2B10G10R10_UNORM_PACK32 VK_IMAGE_TYPE_2D VK_IMAGE_TILING_LINEAR VK_IMAGE_USAGE_INPUT_ATTACHMENT_BIT
DEBUG   | Supported: VK_FORMAT_A2B10G10R10_UNORM_PACK32 VK_IMAGE_TYPE_2D VK_IMAGE_TILING_LINEAR VK_IMAGE_USAGE_SAMPLED_BIT, supportsExternalMemory? 1, requiresDedicated? 0
DEBUG   | Supported: VK_FORMAT_A2B10G10R10_UNORM_PACK32 VK_IMAGE_TYPE_2D VK_IMAGE_TILING_LINEAR VK_IMAGE_USAGE_TRANSFER_SRC_BIT, supportsExternalMemory? 1, requiresDedicated? 0
DEBUG   | Supported: VK_FORMAT_A2B10G10R10_UNORM_PACK32 VK_IMAGE_TYPE_2D VK_IMAGE_TILING_LINEAR VK_IMAGE_USAGE_TRANSFER_DST_BIT, supportsExternalMemory? 1, requiresDedicated? 0
DEBUG   | Supported: VK_FORMAT_A2B10G10R10_UNORM_PACK32 VK_IMAGE_TYPE_2D VK_IMAGE_TILING_OPTIMAL VK_IMAGE_USAGE_COLOR_ATTACHMENT_BIT, supportsExternalMemory? 1, requiresDedicated? 0
DEBUG   | Supported: VK_FORMAT_A2B10G10R10_UNORM_PACK32 VK_IMAGE_TYPE_2D VK_IMAGE_TILING_OPTIMAL VK_IMAGE_USAGE_INPUT_ATTACHMENT_BIT, supportsExternalMemory? 1, requiresDedicated? 0
DEBUG   | Supported: VK_FORMAT_A2B10G10R10_UNORM_PACK32 VK_IMAGE_TYPE_2D VK_IMAGE_TILING_OPTIMAL VK_IMAGE_USAGE_SAMPLED_BIT, supportsExternalMemory? 1, requiresDedicated? 0
DEBUG   | Supported: VK_FORMAT_A2B10G10R10_UNORM_PACK32 VK_IMAGE_TYPE_2D VK_IMAGE_TILING_OPTIMAL VK_IMAGE_USAGE_TRANSFER_SRC_BIT, supportsExternalMemory? 1, requiresDedicated? 0
DEBUG   | Supported: VK_FORMAT_A2B10G10R10_UNORM_PACK32 VK_IMAGE_TYPE_2D VK_IMAGE_TILING_OPTIMAL VK_IMAGE_USAGE_TRANSFER_DST_BIT, supportsExternalMemory? 1, requiresDedicated? 0
DEBUG   | Not Supported: VK_FORMAT_ETC2_R8G8B8A8_UNORM_BLOCK VK_IMAGE_TYPE_2D VK_IMAGE_TILING_LINEAR VK_IMAGE_USAGE_COLOR_ATTACHMENT_BIT
DEBUG   | Not Supported: VK_FORMAT_ETC2_R8G8B8A8_UNORM_BLOCK VK_IMAGE_TYPE_2D VK_IMAGE_TILING_LINEAR VK_IMAGE_USAGE_INPUT_ATTACHMENT_BIT
DEBUG   | Not Supported: VK_FORMAT_ETC2_R8G8B8A8_UNORM_BLOCK VK_IMAGE_TYPE_2D VK_IMAGE_TILING_LINEAR VK_IMAGE_USAGE_SAMPLED_BIT
DEBUG   | Supported: VK_FORMAT_ETC2_R8G8B8A8_UNORM_BLOCK VK_IMAGE_TYPE_2D VK_IMAGE_TILING_LINEAR VK_IMAGE_USAGE_TRANSFER_SRC_BIT, supportsExternalMemory? 1, requiresDedicated? 0
DEBUG   | Supported: VK_FORMAT_ETC2_R8G8B8A8_UNORM_BLOCK VK_IMAGE_TYPE_2D VK_IMAGE_TILING_LINEAR VK_IMAGE_USAGE_TRANSFER_DST_BIT, supportsExternalMemory? 1, requiresDedicated? 0
DEBUG   | Not Supported: VK_FORMAT_ETC2_R8G8B8A8_UNORM_BLOCK VK_IMAGE_TYPE_2D VK_IMAGE_TILING_OPTIMAL VK_IMAGE_USAGE_COLOR_ATTACHMENT_BIT
DEBUG   | Not Supported: VK_FORMAT_ETC2_R8G8B8A8_UNORM_BLOCK VK_IMAGE_TYPE_2D VK_IMAGE_TILING_OPTIMAL VK_IMAGE_USAGE_INPUT_ATTACHMENT_BIT
DEBUG   | Supported: VK_FORMAT_ETC2_R8G8B8A8_UNORM_BLOCK VK_IMAGE_TYPE_2D VK_IMAGE_TILING_OPTIMAL VK_IMAGE_USAGE_SAMPLED_BIT, supportsExternalMemory? 1, requiresDedicated? 0
DEBUG   | Supported: VK_FORMAT_ETC2_R8G8B8A8_UNORM_BLOCK VK_IMAGE_TYPE_2D VK_IMAGE_TILING_OPTIMAL VK_IMAGE_USAGE_TRANSFER_SRC_BIT, supportsExternalMemory? 1, requiresDedicated? 0
DEBUG   | Supported: VK_FORMAT_ETC2_R8G8B8A8_UNORM_BLOCK VK_IMAGE_TYPE_2D VK_IMAGE_TILING_OPTIMAL VK_IMAGE_USAGE_TRANSFER_DST_BIT, supportsExternalMemory? 1, requiresDedicated? 0
DEBUG   | Not Supported: VK_FORMAT_ASTC_4x4_UNORM_BLOCK VK_IMAGE_TYPE_2D VK_IMAGE_TILING_LINEAR VK_IMAGE_USAGE_COLOR_ATTACHMENT_BIT
DEBUG   | Not Supported: VK_FORMAT_ASTC_4x4_UNORM_BLOCK VK_IMAGE_TYPE_2D VK_IMAGE_TILING_LINEAR VK_IMAGE_USAGE_INPUT_ATTACHMENT_BIT
DEBUG   | Not Supported: VK_FORMAT_ASTC_4x4_UNORM_BLOCK VK_IMAGE_TYPE_2D VK_IMAGE_TILING_LINEAR VK_IMAGE_USAGE_SAMPLED_BIT
DEBUG   | Supported: VK_FORMAT_ASTC_4x4_UNORM_BLOCK VK_IMAGE_TYPE_2D VK_IMAGE_TILING_LINEAR VK_IMAGE_USAGE_TRANSFER_SRC_BIT, supportsExternalMemory? 1, requiresDedicated? 0
DEBUG   | Supported: VK_FORMAT_ASTC_4x4_UNORM_BLOCK VK_IMAGE_TYPE_2D VK_IMAGE_TILING_LINEAR VK_IMAGE_USAGE_TRANSFER_DST_BIT, supportsExternalMemory? 1, requiresDedicated? 0
DEBUG   | Not Supported: VK_FORMAT_ASTC_4x4_UNORM_BLOCK VK_IMAGE_TYPE_2D VK_IMAGE_TILING_OPTIMAL VK_IMAGE_USAGE_COLOR_ATTACHMENT_BIT
DEBUG   | Not Supported: VK_FORMAT_ASTC_4x4_UNORM_BLOCK VK_IMAGE_TYPE_2D VK_IMAGE_TILING_OPTIMAL VK_IMAGE_USAGE_INPUT_ATTACHMENT_BIT
DEBUG   | Supported: VK_FORMAT_ASTC_4x4_UNORM_BLOCK VK_IMAGE_TYPE_2D VK_IMAGE_TILING_OPTIMAL VK_IMAGE_USAGE_SAMPLED_BIT, supportsExternalMemory? 1, requiresDedicated? 0
DEBUG   | Supported: VK_FORMAT_ASTC_4x4_UNORM_BLOCK VK_IMAGE_TYPE_2D VK_IMAGE_TILING_OPTIMAL VK_IMAGE_USAGE_TRANSFER_SRC_BIT, supportsExternalMemory? 1, requiresDedicated? 0
DEBUG   | Supported: VK_FORMAT_ASTC_4x4_UNORM_BLOCK VK_IMAGE_TYPE_2D VK_IMAGE_TILING_OPTIMAL VK_IMAGE_USAGE_TRANSFER_DST_BIT, supportsExternalMemory? 1, requiresDedicated? 0
DEBUG   | Not Supported: VK_FORMAT_G8_B8R8_2PLANE_420_UNORM VK_IMAGE_TYPE_2D VK_IMAGE_TILING_LINEAR VK_IMAGE_USAGE_COLOR_ATTACHMENT_BIT
DEBUG   | Not Supported: VK_FORMAT_G8_B8R8_2PLANE_420_UNORM VK_IMAGE_TYPE_2D VK_IMAGE_TILING_LINEAR VK_IMAGE_USAGE_INPUT_ATTACHMENT_BIT
DEBUG   | Supported: VK_FORMAT_G8_B8R8_2PLANE_420_UNORM VK_IMAGE_TYPE_2D VK_IMAGE_TILING_LINEAR VK_IMAGE_USAGE_SAMPLED_BIT, supportsExternalMemory? 1, requiresDedicated? 0
DEBUG   | Supported: VK_FORMAT_G8_B8R8_2PLANE_420_UNORM VK_IMAGE_TYPE_2D VK_IMAGE_TILING_LINEAR VK_IMAGE_USAGE_TRANSFER_SRC_BIT, supportsExternalMemory? 1, requiresDedicated? 0
DEBUG   | Supported: VK_FORMAT_G8_B8R8_2PLANE_420_UNORM VK_IMAGE_TYPE_2D VK_IMAGE_TILING_LINEAR VK_IMAGE_USAGE_TRANSFER_DST_BIT, supportsExternalMemory? 1, requiresDedicated? 0
DEBUG   | Not Supported: VK_FORMAT_G8_B8R8_2PLANE_420_UNORM VK_IMAGE_TYPE_2D VK_IMAGE_TILING_OPTIMAL VK_IMAGE_USAGE_COLOR_ATTACHMENT_BIT
DEBUG   | Not Supported: VK_FORMAT_G8_B8R8_2PLANE_420_UNORM VK_IMAGE_TYPE_2D VK_IMAGE_TILING_OPTIMAL VK_IMAGE_USAGE_INPUT_ATTACHMENT_BIT
DEBUG   | Supported: VK_FORMAT_G8_B8R8_2PLANE_420_UNORM VK_IMAGE_TYPE_2D VK_IMAGE_TILING_OPTIMAL VK_IMAGE_USAGE_SAMPLED_BIT, supportsExternalMemory? 1, requiresDedicated? 0
DEBUG   | Supported: VK_FORMAT_G8_B8R8_2PLANE_420_UNORM VK_IMAGE_TYPE_2D VK_IMAGE_TILING_OPTIMAL VK_IMAGE_USAGE_TRANSFER_SRC_BIT, supportsExternalMemory? 1, requiresDedicated? 0
DEBUG   | Supported: VK_FORMAT_G8_B8R8_2PLANE_420_UNORM VK_IMAGE_TYPE_2D VK_IMAGE_TILING_OPTIMAL VK_IMAGE_USAGE_TRANSFER_DST_BIT, supportsExternalMemory? 1, requiresDedicated? 0
DEBUG   | Not Supported: VK_FORMAT_G8_B8R8_2PLANE_422_UNORM VK_IMAGE_TYPE_2D VK_IMAGE_TILING_LINEAR VK_IMAGE_USAGE_COLOR_ATTACHMENT_BIT
DEBUG   | Not Supported: VK_FORMAT_G8_B8R8_2PLANE_422_UNORM VK_IMAGE_TYPE_2D VK_IMAGE_TILING_LINEAR VK_IMAGE_USAGE_INPUT_ATTACHMENT_BIT
DEBUG   | Not Supported: VK_FORMAT_G8_B8R8_2PLANE_422_UNORM VK_IMAGE_TYPE_2D VK_IMAGE_TILING_LINEAR VK_IMAGE_USAGE_SAMPLED_BIT
DEBUG   | Not Supported: VK_FORMAT_G8_B8R8_2PLANE_422_UNORM VK_IMAGE_TYPE_2D VK_IMAGE_TILING_LINEAR VK_IMAGE_USAGE_TRANSFER_SRC_BIT
DEBUG   | Not Supported: VK_FORMAT_G8_B8R8_2PLANE_422_UNORM VK_IMAGE_TYPE_2D VK_IMAGE_TILING_LINEAR VK_IMAGE_USAGE_TRANSFER_DST_BIT
DEBUG   | Not Supported: VK_FORMAT_G8_B8R8_2PLANE_422_UNORM VK_IMAGE_TYPE_2D VK_IMAGE_TILING_OPTIMAL VK_IMAGE_USAGE_COLOR_ATTACHMENT_BIT
DEBUG   | Not Supported: VK_FORMAT_G8_B8R8_2PLANE_422_UNORM VK_IMAGE_TYPE_2D VK_IMAGE_TILING_OPTIMAL VK_IMAGE_USAGE_INPUT_ATTACHMENT_BIT
DEBUG   | Not Supported: VK_FORMAT_G8_B8R8_2PLANE_422_UNORM VK_IMAGE_TYPE_2D VK_IMAGE_TILING_OPTIMAL VK_IMAGE_USAGE_SAMPLED_BIT
DEBUG   | Not Supported: VK_FORMAT_G8_B8R8_2PLANE_422_UNORM VK_IMAGE_TYPE_2D VK_IMAGE_TILING_OPTIMAL VK_IMAGE_USAGE_TRANSFER_SRC_BIT
DEBUG   | Not Supported: VK_FORMAT_G8_B8R8_2PLANE_422_UNORM VK_IMAGE_TYPE_2D VK_IMAGE_TILING_OPTIMAL VK_IMAGE_USAGE_TRANSFER_DST_BIT
DEBUG   | Not Supported: VK_FORMAT_G8_B8_R8_3PLANE_420_UNORM VK_IMAGE_TYPE_2D VK_IMAGE_TILING_LINEAR VK_IMAGE_USAGE_COLOR_ATTACHMENT_BIT
DEBUG   | Not Supported: VK_FORMAT_G8_B8_R8_3PLANE_420_UNORM VK_IMAGE_TYPE_2D VK_IMAGE_TILING_LINEAR VK_IMAGE_USAGE_INPUT_ATTACHMENT_BIT
DEBUG   | Supported: VK_FORMAT_G8_B8_R8_3PLANE_420_UNORM VK_IMAGE_TYPE_2D VK_IMAGE_TILING_LINEAR VK_IMAGE_USAGE_SAMPLED_BIT, supportsExternalMemory? 1, requiresDedicated? 0
DEBUG   | Supported: VK_FORMAT_G8_B8_R8_3PLANE_420_UNORM VK_IMAGE_TYPE_2D VK_IMAGE_TILING_LINEAR VK_IMAGE_USAGE_TRANSFER_SRC_BIT, supportsExternalMemory? 1, requiresDedicated? 0
DEBUG   | Supported: VK_FORMAT_G8_B8_R8_3PLANE_420_UNORM VK_IMAGE_TYPE_2D VK_IMAGE_TILING_LINEAR VK_IMAGE_USAGE_TRANSFER_DST_BIT, supportsExternalMemory? 1, requiresDedicated? 0
DEBUG   | Not Supported: VK_FORMAT_G8_B8_R8_3PLANE_420_UNORM VK_IMAGE_TYPE_2D VK_IMAGE_TILING_OPTIMAL VK_IMAGE_USAGE_COLOR_ATTACHMENT_BIT
DEBUG   | Not Supported: VK_FORMAT_G8_B8_R8_3PLANE_420_UNORM VK_IMAGE_TYPE_2D VK_IMAGE_TILING_OPTIMAL VK_IMAGE_USAGE_INPUT_ATTACHMENT_BIT
DEBUG   | Supported: VK_FORMAT_G8_B8_R8_3PLANE_420_UNORM VK_IMAGE_TYPE_2D VK_IMAGE_TILING_OPTIMAL VK_IMAGE_USAGE_SAMPLED_BIT, supportsExternalMemory? 1, requiresDedicated? 0
DEBUG   | Supported: VK_FORMAT_G8_B8_R8_3PLANE_420_UNORM VK_IMAGE_TYPE_2D VK_IMAGE_TILING_OPTIMAL VK_IMAGE_USAGE_TRANSFER_SRC_BIT, supportsExternalMemory? 1, requiresDedicated? 0
DEBUG   | Supported: VK_FORMAT_G8_B8_R8_3PLANE_420_UNORM VK_IMAGE_TYPE_2D VK_IMAGE_TILING_OPTIMAL VK_IMAGE_USAGE_TRANSFER_DST_BIT, supportsExternalMemory? 1, requiresDedicated? 0
DEBUG   | Not Supported: VK_FORMAT_G8_B8_R8_3PLANE_422_UNORM VK_IMAGE_TYPE_2D VK_IMAGE_TILING_LINEAR VK_IMAGE_USAGE_COLOR_ATTACHMENT_BIT
DEBUG   | Not Supported: VK_FORMAT_G8_B8_R8_3PLANE_422_UNORM VK_IMAGE_TYPE_2D VK_IMAGE_TILING_LINEAR VK_IMAGE_USAGE_INPUT_ATTACHMENT_BIT
DEBUG   | Not Supported: VK_FORMAT_G8_B8_R8_3PLANE_422_UNORM VK_IMAGE_TYPE_2D VK_IMAGE_TILING_LINEAR VK_IMAGE_USAGE_SAMPLED_BIT
DEBUG   | Not Supported: VK_FORMAT_G8_B8_R8_3PLANE_422_UNORM VK_IMAGE_TYPE_2D VK_IMAGE_TILING_LINEAR VK_IMAGE_USAGE_TRANSFER_SRC_BIT
DEBUG   | Not Supported: VK_FORMAT_G8_B8_R8_3PLANE_422_UNORM VK_IMAGE_TYPE_2D VK_IMAGE_TILING_LINEAR VK_IMAGE_USAGE_TRANSFER_DST_BIT
DEBUG   | Not Supported: VK_FORMAT_G8_B8_R8_3PLANE_422_UNORM VK_IMAGE_TYPE_2D VK_IMAGE_TILING_OPTIMAL VK_IMAGE_USAGE_COLOR_ATTACHMENT_BIT
DEBUG   | Not Supported: VK_FORMAT_G8_B8_R8_3PLANE_422_UNORM VK_IMAGE_TYPE_2D VK_IMAGE_TILING_OPTIMAL VK_IMAGE_USAGE_INPUT_ATTACHMENT_BIT
DEBUG   | Not Supported: VK_FORMAT_G8_B8_R8_3PLANE_422_UNORM VK_IMAGE_TYPE_2D VK_IMAGE_TILING_OPTIMAL VK_IMAGE_USAGE_SAMPLED_BIT
DEBUG   | Not Supported: VK_FORMAT_G8_B8_R8_3PLANE_422_UNORM VK_IMAGE_TYPE_2D VK_IMAGE_TILING_OPTIMAL VK_IMAGE_USAGE_TRANSFER_SRC_BIT
DEBUG   | Not Supported: VK_FORMAT_G8_B8_R8_3PLANE_422_UNORM VK_IMAGE_TYPE_2D VK_IMAGE_TILING_OPTIMAL VK_IMAGE_USAGE_TRANSFER_DST_BIT
DEBUG   | Not Supported: VK_FORMAT_G10X6_B10X6R10X6_2PLANE_420_UNORM_3PACK16 VK_IMAGE_TYPE_2D VK_IMAGE_TILING_LINEAR VK_IMAGE_USAGE_COLOR_ATTACHMENT_BIT
DEBUG   | Not Supported: VK_FORMAT_G10X6_B10X6R10X6_2PLANE_420_UNORM_3PACK16 VK_IMAGE_TYPE_2D VK_IMAGE_TILING_LINEAR VK_IMAGE_USAGE_INPUT_ATTACHMENT_BIT
DEBUG   | Supported: VK_FORMAT_G10X6_B10X6R10X6_2PLANE_420_UNORM_3PACK16 VK_IMAGE_TYPE_2D VK_IMAGE_TILING_LINEAR VK_IMAGE_USAGE_SAMPLED_BIT, supportsExternalMemory? 1, requiresDedicated? 0
DEBUG   | Supported: VK_FORMAT_G10X6_B10X6R10X6_2PLANE_420_UNORM_3PACK16 VK_IMAGE_TYPE_2D VK_IMAGE_TILING_LINEAR VK_IMAGE_USAGE_TRANSFER_SRC_BIT, supportsExternalMemory? 1, requiresDedicated? 0
DEBUG   | Supported: VK_FORMAT_G10X6_B10X6R10X6_2PLANE_420_UNORM_3PACK16 VK_IMAGE_TYPE_2D VK_IMAGE_TILING_LINEAR VK_IMAGE_USAGE_TRANSFER_DST_BIT, supportsExternalMemory? 1, requiresDedicated? 0
DEBUG   | Not Supported: VK_FORMAT_G10X6_B10X6R10X6_2PLANE_420_UNORM_3PACK16 VK_IMAGE_TYPE_2D VK_IMAGE_TILING_OPTIMAL VK_IMAGE_USAGE_COLOR_ATTACHMENT_BIT
DEBUG   | Not Supported: VK_FORMAT_G10X6_B10X6R10X6_2PLANE_420_UNORM_3PACK16 VK_IMAGE_TYPE_2D VK_IMAGE_TILING_OPTIMAL VK_IMAGE_USAGE_INPUT_ATTACHMENT_BIT
DEBUG   | Supported: VK_FORMAT_G10X6_B10X6R10X6_2PLANE_420_UNORM_3PACK16 VK_IMAGE_TYPE_2D VK_IMAGE_TILING_OPTIMAL VK_IMAGE_USAGE_SAMPLED_BIT, supportsExternalMemory? 1, requiresDedicated? 0
DEBUG   | Supported: VK_FORMAT_G10X6_B10X6R10X6_2PLANE_420_UNORM_3PACK16 VK_IMAGE_TYPE_2D VK_IMAGE_TILING_OPTIMAL VK_IMAGE_USAGE_TRANSFER_SRC_BIT, supportsExternalMemory? 1, requiresDedicated? 0
DEBUG   | Supported: VK_FORMAT_G10X6_B10X6R10X6_2PLANE_420_UNORM_3PACK16 VK_IMAGE_TYPE_2D VK_IMAGE_TILING_OPTIMAL VK_IMAGE_USAGE_TRANSFER_DST_BIT, supportsExternalMemory? 1, requiresDedicated? 0
DEBUG   | Supported: VK_FORMAT_D16_UNORM VK_IMAGE_TYPE_2D VK_IMAGE_TILING_OPTIMAL VK_IMAGE_USAGE_DEPTH_STENCIL_ATTACHMENT_BIT, supportsExternalMemory? 1, requiresDedicated? 0
DEBUG   | Supported: VK_FORMAT_D16_UNORM VK_IMAGE_TYPE_2D VK_IMAGE_TILING_OPTIMAL VK_IMAGE_USAGE_INPUT_ATTACHMENT_BIT, supportsExternalMemory? 1, requiresDedicated? 0
DEBUG   | Supported: VK_FORMAT_D16_UNORM VK_IMAGE_TYPE_2D VK_IMAGE_TILING_OPTIMAL VK_IMAGE_USAGE_SAMPLED_BIT, supportsExternalMemory? 1, requiresDedicated? 0
DEBUG   | Supported: VK_FORMAT_D16_UNORM VK_IMAGE_TYPE_2D VK_IMAGE_TILING_OPTIMAL VK_IMAGE_USAGE_TRANSFER_SRC_BIT, supportsExternalMemory? 1, requiresDedicated? 0
DEBUG   | Supported: VK_FORMAT_D16_UNORM VK_IMAGE_TYPE_2D VK_IMAGE_TILING_OPTIMAL VK_IMAGE_USAGE_TRANSFER_DST_BIT, supportsExternalMemory? 1, requiresDedicated? 0
DEBUG   | Not Supported: VK_FORMAT_X8_D24_UNORM_PACK32 VK_IMAGE_TYPE_2D VK_IMAGE_TILING_OPTIMAL VK_IMAGE_USAGE_DEPTH_STENCIL_ATTACHMENT_BIT
DEBUG   | Not Supported: VK_FORMAT_X8_D24_UNORM_PACK32 VK_IMAGE_TYPE_2D VK_IMAGE_TILING_OPTIMAL VK_IMAGE_USAGE_INPUT_ATTACHMENT_BIT
DEBUG   | Not Supported: VK_FORMAT_X8_D24_UNORM_PACK32 VK_IMAGE_TYPE_2D VK_IMAGE_TILING_OPTIMAL VK_IMAGE_USAGE_SAMPLED_BIT
DEBUG   | Not Supported: VK_FORMAT_X8_D24_UNORM_PACK32 VK_IMAGE_TYPE_2D VK_IMAGE_TILING_OPTIMAL VK_IMAGE_USAGE_TRANSFER_SRC_BIT
DEBUG   | Not Supported: VK_FORMAT_X8_D24_UNORM_PACK32 VK_IMAGE_TYPE_2D VK_IMAGE_TILING_OPTIMAL VK_IMAGE_USAGE_TRANSFER_DST_BIT
DEBUG   | Not Supported: VK_FORMAT_D24_UNORM_S8_UINT VK_IMAGE_TYPE_2D VK_IMAGE_TILING_OPTIMAL VK_IMAGE_USAGE_DEPTH_STENCIL_ATTACHMENT_BIT
DEBUG   | Not Supported: VK_FORMAT_D24_UNORM_S8_UINT VK_IMAGE_TYPE_2D VK_IMAGE_TILING_OPTIMAL VK_IMAGE_USAGE_INPUT_ATTACHMENT_BIT
DEBUG   | Not Supported: VK_FORMAT_D24_UNORM_S8_UINT VK_IMAGE_TYPE_2D VK_IMAGE_TILING_OPTIMAL VK_IMAGE_USAGE_SAMPLED_BIT
DEBUG   | Not Supported: VK_FORMAT_D24_UNORM_S8_UINT VK_IMAGE_TYPE_2D VK_IMAGE_TILING_OPTIMAL VK_IMAGE_USAGE_TRANSFER_SRC_BIT
DEBUG   | Not Supported: VK_FORMAT_D24_UNORM_S8_UINT VK_IMAGE_TYPE_2D VK_IMAGE_TILING_OPTIMAL VK_IMAGE_USAGE_TRANSFER_DST_BIT
DEBUG   | Supported: VK_FORMAT_D32_SFLOAT VK_IMAGE_TYPE_2D VK_IMAGE_TILING_OPTIMAL VK_IMAGE_USAGE_DEPTH_STENCIL_ATTACHMENT_BIT, supportsExternalMemory? 1, requiresDedicated? 0
DEBUG   | Supported: VK_FORMAT_D32_SFLOAT VK_IMAGE_TYPE_2D VK_IMAGE_TILING_OPTIMAL VK_IMAGE_USAGE_INPUT_ATTACHMENT_BIT, supportsExternalMemory? 1, requiresDedicated? 0
DEBUG   | Supported: VK_FORMAT_D32_SFLOAT VK_IMAGE_TYPE_2D VK_IMAGE_TILING_OPTIMAL VK_IMAGE_USAGE_SAMPLED_BIT, supportsExternalMemory? 1, requiresDedicated? 0
DEBUG   | Supported: VK_FORMAT_D32_SFLOAT VK_IMAGE_TYPE_2D VK_IMAGE_TILING_OPTIMAL VK_IMAGE_USAGE_TRANSFER_SRC_BIT, supportsExternalMemory? 1, requiresDedicated? 0
DEBUG   | Supported: VK_FORMAT_D32_SFLOAT VK_IMAGE_TYPE_2D VK_IMAGE_TILING_OPTIMAL VK_IMAGE_USAGE_TRANSFER_DST_BIT, supportsExternalMemory? 1, requiresDedicated? 0
DEBUG   | Supported: VK_FORMAT_D32_SFLOAT_S8_UINT VK_IMAGE_TYPE_2D VK_IMAGE_TILING_OPTIMAL VK_IMAGE_USAGE_DEPTH_STENCIL_ATTACHMENT_BIT, supportsExternalMemory? 1, requiresDedicated? 0
DEBUG   | Supported: VK_FORMAT_D32_SFLOAT_S8_UINT VK_IMAGE_TYPE_2D VK_IMAGE_TILING_OPTIMAL VK_IMAGE_USAGE_INPUT_ATTACHMENT_BIT, supportsExternalMemory? 1, requiresDedicated? 0
DEBUG   | Supported: VK_FORMAT_D32_SFLOAT_S8_UINT VK_IMAGE_TYPE_2D VK_IMAGE_TILING_OPTIMAL VK_IMAGE_USAGE_SAMPLED_BIT, supportsExternalMemory? 1, requiresDedicated? 0
DEBUG   | Supported: VK_FORMAT_D32_SFLOAT_S8_UINT VK_IMAGE_TYPE_2D VK_IMAGE_TILING_OPTIMAL VK_IMAGE_USAGE_TRANSFER_SRC_BIT, supportsExternalMemory? 1, requiresDedicated? 0
DEBUG   | Supported: VK_FORMAT_D32_SFLOAT_S8_UINT VK_IMAGE_TYPE_2D VK_IMAGE_TILING_OPTIMAL VK_IMAGE_USAGE_TRANSFER_DST_BIT, supportsExternalMemory? 1, requiresDedicated? 0
INFO         | Selecting Vulkan device: SwiftShader Device (LLVM 10.0.0), Version: 1.3.0
DEBUG   | deviceInfo: 
hasGraphicsQueueFamily = 1
hasComputeQueueFamily = 1
externalMemoryMode = OpaqueFd
supportsExternalMemoryImport = 1
supportsExternalMemoryExport = 1
supportsDriverProperties = 1
hasSamplerYcbcrConversionExtension = 1
supportsSamplerYcbcrConversion = 1
glInteropSupported = 0
DEBUG   | Vulkan logical device created and extension functions obtained.
DEBUG   | Vulkan device queue obtained.
VERBOSE | create: selected memory type index = 0, propertyFlags = 15, heapIndex = 0
VERBOSE | Vulkan global emulation state successfully initialized.
VERBOSE | Creating ycbcr sampler for format VK_FORMAT_G8_B8_R8_3PLANE_420_UNORM
VERBOSE | Creating ycbcr sampler for format VK_FORMAT_G8_B8R8_2PLANE_420_UNORM
INFO         | Disabling sparse binding feature support
INFO         | SharedLibrary::open for [/System/Library/Frameworks/OpenGL.framework/OpenGL]: not found in map, open for the first time
INFO         | SharedLibrary::open for [/System/Library/Frameworks/OpenGL.framework/OpenGL] (posix): begin
INFO         | SharedLibrary::open for [/System/Library/Frameworks/OpenGL.framework/OpenGL] (posix,darwin): call dlopen
INFO         | SharedLibrary::open succeeded for [/System/Library/Frameworks/OpenGL.framework/OpenGL].
DEBUG   | call eglInitialize
VERBOSE | glClipPlanef not found
VERBOSE | glFrustumf not found
VERBOSE | glGetClipPlanef not found
VERBOSE | glOrthof not found
VERBOSE | glAlphaFuncx not found
VERBOSE | glClearColorx not found
VERBOSE | glClearDepthx not found
VERBOSE | glColor4x not found
VERBOSE | glDepthRangex not found
VERBOSE | glFogx not found
VERBOSE | glFogxv not found
VERBOSE | glFrustumx not found
VERBOSE | glClipPlanex not found
VERBOSE | glGetFixedv not found
VERBOSE | glGetLightxv not found
VERBOSE | glGetMaterialxv not found
VERBOSE | glGetTexEnvxv not found
VERBOSE | glGetTexParameterxv not found
VERBOSE | glLightModelx not found
VERBOSE | glLightModelxv not found
VERBOSE | glLightx not found
VERBOSE | glLightxv not found
VERBOSE | glLineWidthx not found
VERBOSE | glLoadMatrixx not found
VERBOSE | glMaterialx not found
VERBOSE | glMaterialxv not found
VERBOSE | glMultMatrixx not found
VERBOSE | glMultiTexCoord4x not found
VERBOSE | glNormal3x not found
VERBOSE | glOrthox not found
VERBOSE | glPointParameterx not found
VERBOSE | glPointParameterxv not found
VERBOSE | glPointSizex not found
VERBOSE | glPolygonOffsetx not found
VERBOSE | glRotatex not found
VERBOSE | glSampleCoveragex not found
VERBOSE | glScalex not found
VERBOSE | glTexEnvx not found
VERBOSE | glTexEnvxv not found
VERBOSE | glTexParameterx not found
VERBOSE | glTexParameterxv not found
VERBOSE | glTranslatex not found
VERBOSE | glGetClipPlanex not found
INFO         | SharedLibrary::open for [libshadertranslator.dylib]: not found in map, open for the first time
INFO         | SharedLibrary::open for [libshadertranslator.dylib] (posix): begin
INFO         | SharedLibrary::open for [libshadertranslator.dylib] (posix,darwin): call dlopen
INFO         | SharedLibrary::open succeeded for [libshadertranslator.dylib].
DEBUG   | vk icd software rendering, disable interop
DEBUG   | glvk interop final: 0
INFO         | Initializing VkEmulation features:
INFO         |     glInteropSupported: false
INFO         |     useDeferredCommands: true
INFO         |     createResourceWithRequirements: true
INFO         |     useVulkanComposition: false
INFO         |     useVulkanNativeSwapchain: false
INFO         |     enable guestRenderDoc: false
INFO         |     ASTC LDR emulation mode: Gpu
INFO         |     enable ETC2 emulation: true
INFO         |     enable Ycbcr emulation: false
INFO         |     guestVulkanOnly: false
INFO         |     useDedicatedAllocations: false
DEBUG   | ColorBuffer 4294967295, 64x64, VK_FORMAT_R8G8B8A8_UNORM, Memory [size: 16384, type: 0, props: 15 / 1]
DEBUG   | Representative ColorBuffer memory type using host memory type index 0 and guest memory type index :0
DEBUG   | Performing composition using CompositorGl.
INFO         | Graphics Adapter Vendor Google (Apple)
INFO         | Graphics Adapter Android Emulator OpenGL ES Translator (Apple M1 Max)
INFO         | Graphics API Version OpenGL ES 3.0 (4.1 Metal - 89.4)
INFO         | Graphics API Extensions GL_OES_EGL_sync GL_OES_EGL_image GL_OES_EGL_image_external GL_OES_depth24 GL_OES_depth32 GL_OES_element_index_uint GL_OES_texture_float GL_OES_texture_float_linear GL_OES_compressed_paletted_texture GL_OES_compressed_ETC1_RGB8_texture GL_OES_depth_texture GL_OES_texture_npot GL_OES_rgb8_rgba8 GL_EXT_color_buffer_float GL_EXT_color_buffer_half_float GL_EXT_texture_format_BGRA8888 GL_APPLE_texture_format_BGRA8888 
INFO         | Graphics Device Extensions N/A
DEBUG   | Renderer initialized successfully
INFO         | Setting vsync to 60 hz
DEBUG   | CMD_SET_VSYNC_HZ
DEBUG   | INFO: ignore sdcard for arm at api level >= 30
DEBUG   | Exited a loader RenderThread @0x1420752a0
INFO         | Sending adb public key [QAAAAPu+lyjNYxN5AOoNtpY13ycf7dOBVcW6+Wyr82SAM95un2bfD2my3rFapNFe4hVf9Kl6vnzz73MjQpJVON0MdT8ceTd8OPv1y9PkMy+oGiBAQ0mCYwegvKtJago4SGPWOUEvLlYZN5yPjLN/y55ymF8wZNpVwlhYiJbC8d+wqzoKkpKA4HxbZ0kx6BuOultGB9GOt65a7bP79DBcCSLROsvmNXeHLiyUFA3BBrhqRl6ImhEr6h0U/bE8QB/KxhlbldJ35jOuzUnaKoR2GHPKW+XPmrUD/Vagf7SLhNT+U1CdqC8XzAJ8Q35Bjfx2rFwHHZMfa4vxvntYXNslEEqpkphOur+2s9+N5rjCFxdykwdwTRgUhCFMltlgZbSw6szs+osveR2IhWHxM2gM4vMmZnMpWINnLbEtYIDLGxMYEBMoSI9wBqKY+cx9eD95pSKryqVsf6vWMtLs3XVuLJNa+m4rec2qTT0lzJmz7zbTFIRwLAM1bwMlIRyUyYKZyPfWkmevHXsDiI8VvYoFY8JRZ88IUvnMJX8YKINiDIh6J3RIQcAOZZQo6gq094w19o8Kj/C4zEohOBr/U/F5pNUNs0RuT0ypqQckzwoqjZl2Q4+6otDOlJs0J1uuv8tQbMP5Ngi1hcfytK8Pwdo/cWL2cQAsu+ye1SOS/ojB4Bg4C/BzRPkGjwEAAQA= coding@unknown]
INFO         | Userspace boot properties:
INFO         |   androidboot.boot_devices=a003600.virtio_mmio
INFO         |   androidboot.dalvik.vm.heapsize=512m
INFO         |   androidboot.debug.hwui.renderer=skiagl
INFO         |   androidboot.debug.sf.nobootanimation=1
INFO         |   androidboot.hardware=ranchu
INFO         |   androidboot.hardware.gltransport=pipe
INFO         |   androidboot.hardware.vulkan=ranchu
INFO         |   androidboot.logcat=*:V
INFO         |   androidboot.opengles.version=196608
INFO         |   androidboot.qemu=1
INFO         |   androidboot.qemu.adb.pubkey=QAAAAPu+lyjNYxN5AOoNtpY13ycf7dOBVcW6+Wyr82SAM95un2bfD2my3rFapNFe4hVf9Kl6vnzz73MjQpJVON0MdT8ceTd8OPv1y9PkMy+oGiBAQ0mCYwegvKtJago4SGPWOUEvLlYZN5yPjLN/y55ymF8wZNpVwlhYiJbC8d+wqzoKkpKA4HxbZ0kx6BuOultGB9GOt65a7bP79DBcCSLROsvmNXeHLiyUFA3BBrhqRl6ImhEr6h0U/bE8QB/KxhlbldJ35jOuzUnaKoR2GHPKW+XPmrUD/Vagf7SLhNT+U1CdqC8XzAJ8Q35Bjfx2rFwHHZMfa4vxvntYXNslEEqpkphOur+2s9+N5rjCFxdykwdwTRgUhCFMltlgZbSw6szs+osveR2IhWHxM2gM4vMmZnMpWINnLbEtYIDLGxMYEBMoSI9wBqKY+cx9eD95pSKryqVsf6vWMtLs3XVuLJNa+m4rec2qTT0lzJmz7zbTFIRwLAM1bwMlIRyUyYKZyPfWkmevHXsDiI8VvYoFY8JRZ88IUvnMJX8YKINiDIh6J3RIQcAOZZQo6gq094w19o8Kj/C4zEohOBr/U/F5pNUNs0RuT0ypqQckzwoqjZl2Q4+6otDOlJs0J1uuv8tQbMP5Ngi1hcfytK8Pwdo/cWL2cQAsu+ye1SOS/ojB4Bg4C/BzRPkGjwEAAQA= coding@unknown
INFO         |   androidboot.qemu.avd_name=Pixel_9
INFO         |   androidboot.qemu.camera_hq_edge_processing=0
INFO         |   androidboot.qemu.camera_protocol_ver=1
INFO         |   androidboot.qemu.cpuvulkan.version=4202496
INFO         |   androidboot.qemu.gltransport.drawFlushInterval=800
INFO         |   androidboot.qemu.gltransport.name=pipe
INFO         |   androidboot.qemu.hwcodec.avcdec=2
INFO         |   androidboot.qemu.hwcodec.hevcdec=2
INFO         |   androidboot.qemu.hwcodec.vpxdec=2
INFO         |   androidboot.qemu.settings.system.screen_off_timeout=2147483647
INFO         |   androidboot.qemu.virtiowifi=1
INFO         |   androidboot.qemu.vsync=60
INFO         |   androidboot.serialno=EMULATOR36X3X10X0
INFO         |   androidboot.vbmeta.digest=6b98218b46c523e17f8b4a810c5a51b4af28f327c436ce0d286bf937f545cfd7
INFO         |   androidboot.vbmeta.hash_alg=sha256
INFO         |   androidboot.vbmeta.size=6720
INFO         |   androidboot.veritymode=enforcing
INFO         | Android bootconfig:
INFO         |   androidboot.boot_devices="a003600.virtio_mmio"
INFO         |   androidboot.dalvik.vm.heapsize="512m"
INFO         |   androidboot.debug.hwui.renderer="skiagl"
INFO         |   androidboot.debug.sf.nobootanimation="1"
INFO         |   androidboot.hardware="ranchu"
INFO         |   androidboot.hardware.gltransport="pipe"
INFO         |   androidboot.hardware.vulkan="ranchu"
INFO         |   androidboot.logcat="*:V"
INFO         |   androidboot.opengles.version="196608"
INFO         |   androidboot.qemu="1"
INFO         |   androidboot.qemu.adb.pubkey="QAAAAPu+lyjNYxN5AOoNtpY13ycf7dOBVcW6+Wyr82SAM95un2bfD2my3rFapNFe4hVf9Kl6vnzz73MjQpJVON0MdT8ceTd8OPv1y9PkMy+oGiBAQ0mCYwegvKtJago4SGPWOUEvLlYZN5yPjLN/y55ymF8wZNpVwlhYiJbC8d+wqzoKkpKA4HxbZ0kx6BuOultGB9GOt65a7bP79DBcCSLROsvmNXeHLiyUFA3BBrhqRl6ImhEr6h0U/bE8QB/KxhlbldJ35jOuzUnaKoR2GHPKW+XPmrUD/Vagf7SLhNT+U1CdqC8XzAJ8Q35Bjfx2rFwHHZMfa4vxvntYXNslEEqpkphOur+2s9+N5rjCFxdykwdwTRgUhCFMltlgZbSw6szs+osveR2IhWHxM2gM4vMmZnMpWINnLbEtYIDLGxMYEBMoSI9wBqKY+cx9eD95pSKryqVsf6vWMtLs3XVuLJNa+m4rec2qTT0lzJmz7zbTFIRwLAM1bwMlIRyUyYKZyPfWkmevHXsDiI8VvYoFY8JRZ88IUvnMJX8YKINiDIh6J3RIQcAOZZQo6gq094w19o8Kj/C4zEohOBr/U/F5pNUNs0RuT0ypqQckzwoqjZl2Q4+6otDOlJs0J1uuv8tQbMP5Ngi1hcfytK8Pwdo/cWL2cQAsu+ye1SOS/ojB4Bg4C/BzRPkGjwEAAQA= coding@unknown"
INFO         |   androidboot.qemu.avd_name="Pixel_9"
INFO         |   androidboot.qemu.camera_hq_edge_processing="0"
INFO         |   androidboot.qemu.camera_protocol_ver="1"
INFO         |   androidboot.qemu.cpuvulkan.version="4202496"
INFO         |   androidboot.qemu.gltransport.drawFlushInterval="800"
INFO         |   androidboot.qemu.gltransport.name="pipe"
INFO         |   androidboot.qemu.hwcodec.avcdec="2"
INFO         |   androidboot.qemu.hwcodec.hevcdec="2"
INFO         |   androidboot.qemu.hwcodec.vpxdec="2"
INFO         |   androidboot.qemu.settings.system.screen_off_timeout="2147483647"
INFO         |   androidboot.qemu.virtiowifi="1"
INFO         |   androidboot.qemu.vsync="60"
INFO         |   androidboot.serialno="EMULATOR36X3X10X0"
INFO         |   androidboot.vbmeta.digest="6b98218b46c523e17f8b4a810c5a51b4af28f327c436ce0d286bf937f545cfd7"
INFO         |   androidboot.vbmeta.hash_alg="sha256"
INFO         |   androidboot.vbmeta.size="6720"
INFO         |   androidboot.veritymode="enforcing"
DEBUG   | Found 1 DNS servers:
DEBUG   | 	192.168.86.1
INFO         | Content of hardware configuration file:
INFO         | 	hw.cpu.arch = arm64
INFO         | 	hw.cpu.ncore = 4
INFO         | 	hw.ramSize = 2048
INFO         | 	hw.screen = multi-touch
INFO         | 	hw.mainKeys = false
INFO         | 	hw.touchpad0 = false
INFO         | 	hw.touchpad0.width = 600
INFO         | 	hw.touchpad0.height = 400
INFO         | 	hw.trackBall = false
INFO         | 	hw.keyboard = true
INFO         | 	hw.keyboard.lid = false
INFO         | 	hw.keyboard.charmap = qwerty2
INFO         | 	hw.dPad = false
INFO         | 	hw.rotaryInput = false
INFO         | 	hw.gsmModem = true
INFO         | 	hw.gps = true
INFO         | 	hw.battery = true
INFO         | 	hw.accelerometer = true
INFO         | 	hw.accelerometer_uncalibrated = true
INFO         | 	hw.gyroscope = true
INFO         | 	hw.audioInput = true
INFO         | 	hw.audioOutput = true
INFO         | 	hw.sdCard = true
INFO         | 	disk.cachePartition = true
INFO         | 	disk.cachePartition.path = /Users/coding/.android/avd/../avd/Pixel_9.avd/cache.img
INFO         | 	disk.cachePartition.size = 66m
INFO         | 	test.quitAfterBootTimeOut = -1
INFO         | 	test.delayAdbTillBootComplete = 0
INFO         | 	test.monitorAdb = 0
INFO         | 	hw.lcd.width = 1080
INFO         | 	hw.lcd.height = 2424
INFO         | 	hw.lcd.depth = 16
INFO         | 	hw.lcd.circular = false
INFO         | 	hw.lcd.density = 420
INFO         | 	hw.lcd.transparent = false
INFO         | 	hw.lcd.backlight = true
INFO         | 	hw.lcd.vsync = 60
INFO         | 	hw.gltransport = pipe
INFO         | 	hw.gltransport.asg.writeBufferSize = 1048576
INFO         | 	hw.gltransport.asg.writeStepSize = 4096
INFO         | 	hw.gltransport.asg.dataRingSize = 32768
INFO         | 	hw.gltransport.drawFlushInterval = 800
INFO         | 	hw.displayRegion.0.1.xOffset = -1
INFO         | 	hw.displayRegion.0.1.yOffset = -1
INFO         | 	hw.displayRegion.0.1.width = 0
INFO         | 	hw.displayRegion.0.1.height = 0
INFO         | 	hw.displayRegion.0.2.xOffset = -1
INFO         | 	hw.displayRegion.0.2.yOffset = -1
INFO         | 	hw.displayRegion.0.2.width = 0
INFO         | 	hw.displayRegion.0.2.height = 0
INFO         | 	hw.displayRegion.0.3.xOffset = -1
INFO         | 	hw.displayRegion.0.3.yOffset = -1
INFO         | 	hw.displayRegion.0.3.width = 0
INFO         | 	hw.displayRegion.0.3.height = 0
INFO         | 	hw.display1.width = 0
INFO         | 	hw.display1.height = 0
INFO         | 	hw.display1.density = 0
INFO         | 	hw.display1.xOffset = -1
INFO         | 	hw.display1.yOffset = -1
INFO         | 	hw.display1.flag = 0
INFO         | 	hw.display2.width = 0
INFO         | 	hw.display2.height = 0
INFO         | 	hw.display2.density = 0
INFO         | 	hw.display2.xOffset = -1
INFO         | 	hw.display2.yOffset = -1
INFO         | 	hw.display2.flag = 0
INFO         | 	hw.display3.width = 0
INFO         | 	hw.display3.height = 0
INFO         | 	hw.display3.density = 0
INFO         | 	hw.display3.xOffset = -1
INFO         | 	hw.display3.yOffset = -1
INFO         | 	hw.display3.flag = 0
INFO         | 	hw.multi_display_window = false
INFO         | 	hw.hotplug_multi_display = false
INFO         | 	hw.gpu.enabled = true
INFO         | 	hw.gpu.mode = host
INFO         | 	hw.initialOrientation = portrait
INFO         | 	hw.camera.back = virtualscene
INFO         | 	hw.camera.front = emulated
INFO         | 	vm.heapSize = 512
INFO         | 	hw.sensors.light = true
INFO         | 	hw.sensors.pressure = true
INFO         | 	hw.sensors.humidity = true
INFO         | 	hw.sensors.proximity = true
INFO         | 	hw.sensors.magnetic_field = true
INFO         | 	hw.sensors.magnetic_field_uncalibrated = true
INFO         | 	hw.sensors.gyroscope_uncalibrated = true
INFO         | 	hw.sensors.orientation = true
INFO         | 	hw.sensors.temperature = true
INFO         | 	hw.sensors.rgbclight = false
INFO         | 	hw.sensor.hinge = false
INFO         | 	hw.sensor.hinge.count = 0
INFO         | 	hw.sensor.hinge.type = 0
INFO         | 	hw.sensor.hinge.sub_type = 0
INFO         | 	hw.sensor.hinge.resizable.config = 1
INFO         | 	hw.sensor.hinge.fold_to_displayRegion.0.1_at_posture = 1
INFO         | 	hw.sensor.roll = false
INFO         | 	hw.sensor.roll.count = 0
INFO         | 	hw.sensor.roll.resize_to_displayRegion.0.1_at_posture = 6
INFO         | 	hw.sensor.roll.resize_to_displayRegion.0.2_at_posture = 6
INFO         | 	hw.sensor.roll.resize_to_displayRegion.0.3_at_posture = 6
INFO         | 	hw.sensors.heart_rate = false
INFO         | 	hw.sensors.wrist_tilt = false
INFO         | 	hw.sensors.heading = false
INFO         | 	hw.useext4 = true
INFO         | 	hw.arc = false
INFO         | 	hw.arc.autologin = false
INFO         | 	hw.device.name = pixel_9
INFO         | 	kernel.path = /Users/coding/Library/Android/sdk/system-images/android-36/google_apis_playstore/arm64-v8a//kernel-ranchu
INFO         | 	kernel.newDeviceNaming = yes
INFO         | 	kernel.supportsYaffs2 = no
INFO         | 	disk.ramdisk.path = /Users/coding/Library/Android/sdk/system-images/android-36/google_apis_playstore/arm64-v8a//ramdisk.img
INFO         | 	disk.systemPartition.initPath = /Users/coding/Library/Android/sdk/system-images/android-36/google_apis_playstore/arm64-v8a//system.img
INFO         | 	disk.systemPartition.size = 2202m
INFO         | 	disk.vendorPartition.initPath = /Users/coding/Library/Android/sdk/system-images/android-36/google_apis_playstore/arm64-v8a//vendor.img
INFO         | 	disk.vendorPartition.size = 800m
INFO         | 	disk.dataPartition.path = /Users/coding/.android/avd/../avd/Pixel_9.avd/userdata-qemu.img
INFO         | 	disk.dataPartition.size = 6g
INFO         | 	disk.encryptionKeyPartition.path = /Users/coding/.android/avd/../avd/Pixel_9.avd/encryptionkey.img
INFO         | 	PlayStore.enabled = true
INFO         | 	avd.name = Pixel_9
INFO         | 	avd.id = Pixel_9
INFO         | 	fastboot.forceColdBoot = false
INFO         | 	userdata.useQcow2 = true
INFO         | 	firstboot.bootFromDownloadableSnapshot = true
INFO         | 	firstboot.bootFromLocalSnapshot = true
INFO         | 	firstboot.saveToLocalSnapshot = true
INFO         | 	android.sdk.root = /Users/coding/Library/Android/sdk
INFO         | 	android.avd.home = /Users/coding/.android/avd
INFO         | .
INFO         | QEMU options list:
INFO         | 	 argv[00] = "/Users/coding/Library/Android/sdk/emulator/qemu/darwin-aarch64/qemu-system-aarch64"
INFO         | 	 argv[01] = "-read-only"
INFO         | 	 argv[02] = "-dns-server"
INFO         | 	 argv[03] = "192.168.86.1"
INFO         | 	 argv[04] = "-no-audio"
INFO         | 	 argv[05] = "-serial"
INFO         | 	 argv[06] = "null"
INFO         | 	 argv[07] = "-android-ports"
INFO         | 	 argv[08] = "16546,16547"
INFO         | 	 argv[09] = "-cpu"
INFO         | 	 argv[10] = "cortex-a53"
INFO         | 	 argv[11] = "-machine"
INFO         | 	 argv[12] = "type=virt"
INFO         | 	 argv[13] = "-enable-hvf"
INFO         | 	 argv[14] = "-smp"
INFO         | 	 argv[15] = "cores=4"
INFO         | 	 argv[16] = "-m"
INFO         | 	 argv[17] = "2048"
INFO         | 	 argv[18] = "-lcd-density"
INFO         | 	 argv[19] = "420"
INFO         | 	 argv[20] = "-nodefaults"
INFO         | 	 argv[21] = "-kernel"
INFO         | 	 argv[22] = "/Users/coding/Library/Android/sdk/system-images/android-36/google_apis_playstore/arm64-v8a//kernel-ranchu"
INFO         | 	 argv[23] = "-initrd"
INFO         | 	 argv[24] = "/Users/coding/.android/avd/../avd/Pixel_9.avd/initrd"
INFO         | 	 argv[25] = "-drive"
INFO         | 	 argv[26] = "index=0,id=vendor,if=none,file=/Users/coding/Library/Android/sdk/system-images/android-36/google_apis_playstore/arm64-v8a//vendor.img,read-only"
INFO         | 	 argv[27] = "-device"
INFO         | 	 argv[28] = "virtio-blk-device,drive=vendor"
INFO         | 	 argv[29] = "-drive"
INFO         | 	 argv[30] = "index=1,id=encrypt,if=none,file=/Users/coding/.android/avd/../avd/Pixel_9.avd/encryptionkey.img.qcow2,overlap-check=none,cache=unsafe,l2-cache-size=1048576"
INFO         | 	 argv[31] = "-device"
INFO         | 	 argv[32] = "virtio-blk-device,drive=encrypt"
INFO         | 	 argv[33] = "-drive"
INFO         | 	 argv[34] = "index=2,id=userdata,if=none,file=/Users/coding/.android/avd/../avd/Pixel_9.avd/userdata-qemu.img.qcow2,overlap-check=none,cache=unsafe,l2-cache-size=1048576"
INFO         | 	 argv[35] = "-device"
INFO         | 	 argv[36] = "virtio-blk-device,drive=userdata"
INFO         | 	 argv[37] = "-drive"
INFO         | 	 argv[38] = "index=3,id=cache,if=none,file=/Users/coding/.android/avd/../avd/Pixel_9.avd/cache.img.qcow2,overlap-check=none,cache=unsafe,l2-cache-size=1048576"
INFO         | 	 argv[39] = "-device"
INFO         | 	 argv[40] = "virtio-blk-device,drive=cache"
INFO         | 	 argv[41] = "-drive"
INFO         | 	 argv[42] = "index=4,id=system,if=none,file=/Users/coding/Library/Android/sdk/system-images/android-36/google_apis_playstore/arm64-v8a//system.img,read-only"
INFO         | 	 argv[43] = "-device"
INFO         | 	 argv[44] = "virtio-blk-device,drive=system"
INFO         | 	 argv[45] = "-netdev"
INFO         | 	 argv[46] = "user,id=mynet"
INFO         | 	 argv[47] = "-device"
INFO         | 	 argv[48] = "virtio-net-device,netdev=mynet"
INFO         | 	 argv[49] = "-chardev"
INFO         | 	 argv[50] = "null,id=forhvc0"
INFO         | 	 argv[51] = "-chardev"
INFO         | 	 argv[52] = "null,id=forhvc1"
INFO         | 	 argv[53] = "-device"
INFO         | 	 argv[54] = "virtio-serial-pci,ioeventfd=off"
INFO         | 	 argv[55] = "-device"
INFO         | 	 argv[56] = "virtconsole,chardev=forhvc0"
INFO         | 	 argv[57] = "-device"
INFO         | 	 argv[58] = "virtconsole,chardev=forhvc1"
INFO         | 	 argv[59] = "-chardev"
INFO         | 	 argv[60] = "netsim,id=uwb"
INFO         | 	 argv[61] = "-device"
INFO         | 	 argv[62] = "virtconsole,chardev=uwb,name=uwb"
INFO         | 	 argv[63] = "-chardev"
INFO         | 	 argv[64] = "netsim,id=bluetooth"
INFO         | 	 argv[65] = "-device"
INFO         | 	 argv[66] = "virtserialport,chardev=bluetooth,name=bluetooth"
INFO         | 	 argv[67] = "-device"
INFO         | 	 argv[68] = "virtio-serial,ioeventfd=off"
INFO         | 	 argv[69] = "-chardev"
INFO         | 	 argv[70] = "socket,port=62475,host=::1,nowait,nodelay,reconnect=10,ipv6,id=modem"
INFO         | 	 argv[71] = "-device"
INFO         | 	 argv[72] = "virtserialport,chardev=modem,name=modem"
INFO         | 	 argv[73] = "-device"
INFO         | 	 argv[74] = "virtio-rng-device"
INFO         | 	 argv[75] = "-show-cursor"
INFO         | 	 argv[76] = "-device"
INFO         | 	 argv[77] = "virtio_input_multi_touch_pci_1"
INFO         | 	 argv[78] = "-device"
INFO         | 	 argv[79] = "virtio_input_multi_touch_pci_2"
INFO         | 	 argv[80] = "-device"
INFO         | 	 argv[81] = "virtio_input_multi_touch_pci_3"
INFO         | 	 argv[82] = "-device"
INFO         | 	 argv[83] = "virtio_input_multi_touch_pci_4"
INFO         | 	 argv[84] = "-device"
INFO         | 	 argv[85] = "virtio_input_multi_touch_pci_5"
INFO         | 	 argv[86] = "-device"
INFO         | 	 argv[87] = "virtio_input_multi_touch_pci_6"
INFO         | 	 argv[88] = "-device"
INFO         | 	 argv[89] = "virtio_input_multi_touch_pci_7"
INFO         | 	 argv[90] = "-device"
INFO         | 	 argv[91] = "virtio_input_multi_touch_pci_8"
INFO         | 	 argv[92] = "-device"
INFO         | 	 argv[93] = "virtio_input_multi_touch_pci_9"
INFO         | 	 argv[94] = "-device"
INFO         | 	 argv[95] = "virtio_input_multi_touch_pci_10"
INFO         | 	 argv[96] = "-device"
INFO         | 	 argv[97] = "virtio_input_multi_touch_pci_11"
INFO         | 	 argv[98] = "-device"
INFO         | 	 argv[99] = "virtio-keyboard-pci"
INFO         | 	 argv[100] = "-netdev"
INFO         | 	 argv[101] = "user,id=virtio-wifi,dhcpstart=10.0.2.16"
INFO         | 	 argv[102] = "-device"
INFO         | 	 argv[103] = "virtio-wifi-pci,netdev=virtio-wifi"
INFO         | 	 argv[104] = "-device"
INFO         | 	 argv[105] = "virtio-vsock-pci,guest-cid=77"
INFO         | 	 argv[106] = "-L"
INFO         | 	 argv[107] = "/Users/coding/Library/Android/sdk/emulator/lib/pc-bios"
INFO         | 	 argv[108] = "-soundhw"
INFO         | 	 argv[109] = "virtio-snd-pci"
INFO         | 	 argv[110] = "-append"
INFO         | 	 argv[111] = "8250.nr_uarts=1 no_timer_check keep_bootcon earlyprintk=ttyAMA0 console=0 loop.max_part=7 printk.devkmsg=on bootconfig"
INFO         | 	 argv[112] = "-android-hw"
INFO         | 	 argv[113] = "/tmp/android-coding/emulator-FxdjDM"
INFO         | Concatenated QEMU options: /Users/coding/Library/Android/sdk/emulator/qemu/darwin-aarch64/qemu-system-aarch64 -read-only -dns-server 192.168.86.1 -no-audio -serial null -android-ports 16546,16547 -cpu cortex-a53 -machine type=virt -enable-hvf -smp cores=4 -m 2048 -lcd-density 420 -nodefaults -kernel /Users/coding/Library/Android/sdk/system-images/android-36/google_apis_playstore/arm64-v8a//kernel-ranchu -initrd /Users/coding/.android/avd/../avd/Pixel_9.avd/initrd -drive index=0,id=vendor,if=none,file=/Users/coding/Library/Android/sdk/system-images/android-36/google_apis_playstore/arm64-v8a//vendor.img,read-only -device virtio-blk-device,drive=vendor -drive index=1,id=encrypt,if=none,file=/Users/coding/.android/avd/../avd/Pixel_9.avd/encryptionkey.img.qcow2,overlap-check=none,cache=unsafe,l2-cache-size=1048576 -device virtio-blk-device,drive=encrypt -drive index=2,id=userdata,if=none,file=/Users/coding/.android/avd/../avd/Pixel_9.avd/userdata-qemu.img.qcow2,overlap-check=none,cache=unsafe,l2-cache-size=1048576 -device virtio-blk-device,drive=userdata -drive index=3,id=cache,if=none,file=/Users/coding/.android/avd/../avd/Pixel_9.avd/cache.img.qcow2,overlap-check=none,cache=unsafe,l2-cache-size=1048576 -device virtio-blk-device,drive=cache -drive index=4,id=system,if=none,file=/Users/coding/Library/Android/sdk/system-images/android-36/google_apis_playstore/arm64-v8a//system.img,read-only -device virtio-blk-device,drive=system -netdev user,id=mynet -device virtio-net-device,netdev=mynet -chardev null,id=forhvc0 -chardev null,id=forhvc1 -device virtio-serial-pci,ioeventfd=off -device virtconsole,chardev=forhvc0 -device virtconsole,chardev=forhvc1 -chardev netsim,id=uwb -device virtconsole,chardev=uwb,name=uwb -chardev netsim,id=bluetooth -device virtserialport,chardev=bluetooth,name=bluetooth -device virtio-serial,ioeventfd=off -chardev socket,port=62475,host=::1,nowait,nodelay,reconnect=10,ipv6,id=modem -device virtserialport,chardev=modem,name=modem -device virtio-rng-device -show-cursor -device virtio_input_multi_touch_pci_1 -device virtio_input_multi_touch_pci_2 -device virtio_input_multi_touch_pci_3 -device virtio_input_multi_touch_pci_4 -device virtio_input_multi_touch_pci_5 -device virtio_input_multi_touch_pci_6 -device virtio_input_multi_touch_pci_7 -device virtio_input_multi_touch_pci_8 -device virtio_input_multi_touch_pci_9 -device virtio_input_multi_touch_pci_10 -device virtio_input_multi_touch_pci_11 -device virtio-keyboard-pci -netdev user,id=virtio-wifi,dhcpstart=10.0.2.16 -device virtio-wifi-pci,netdev=virtio-wifi -device virtio-vsock-pci,guest-cid=77 -L /Users/coding/Library/Android/sdk/emulator/lib/pc-bios -soundhw virtio-snd-pci -append '8250.nr_uarts=1 no_timer_check keep_bootcon earlyprintk=ttyAMA0 console=0 loop.max_part=7 printk.devkmsg=on bootconfig' -android-hw /tmp/android-coding/emulator-FxdjDM
DEBUG   | Android qemu version 36.3.10.0 (build_id 14472402) (CL:N/A)
DEBUG   | Starting QEMU main loop
DEBUG   | registered 'boot-properties' qemud service
DEBUG   | Adding boot property: 'ro.opengles.version' = '196608'
DEBUG   | Adding boot property: 'qemu.sf.fake_camera' = 'front'
DEBUG   | Adding boot property: 'qemu.adb.secure' = '1'
DEBUG   | Adding boot property: 'dalvik.vm.heapsize' = '512m'
DEBUG   | Adding boot property: 'qemu.hw.mainkeys' = '0'
DEBUG   | Adding boot property: 'qemu.sf.lcd_density' = '420'
DEBUG   | goldfish_events.have-dpad: false
DEBUG   | goldfish_events.have-trackball: false
DEBUG   | goldfish_events.have-camera: true
DEBUG   | goldfish_events.have-keyboard: false
DEBUG   | goldfish_events.have-lidswitch: false
DEBUG   | goldfish_events.have-tabletmode: false
DEBUG   | goldfish_events.have-touch: false
DEBUG   | goldfish_events.have-multitouch: false
DEBUG   | Adding boot property: 'net.wifi_mac_prefix' = '16546'
INFO         | Monitoring duration of emulator setup.
WARNING      | Requested adb port (16547) is outside the recommended range [5555,5586]. ADB may not function properly for the emulator. See -help-port for details.
DEBUG   | Adding boot property: 'qemu.timezone' = 'America/Los_Angeles'
DEBUG   | android_hw_fingerprint_init: fingerprint qemud listen service initialized
DEBUG   | Successfully initialized Wi-Fi
DEBUG   | emulator_window_fb_rotate
DEBUG   | CMD_SET_DISPLAY_CONFIGS
INFO         | Setting display: 0 configuration to: 1080x2424, dpi: 420x420 
DEBUG   | CMD_SET_DISPLAY_ACTIVE_CONFIG
DEBUG   | setDisplayPose 0 x 0 y 0 w 1080 h 2424 dpi 0
INFO         | setDisplayActiveConfig 0
DEBUG   | Adjusting window size by 0.38x for hw_lcd_density
DEBUG   | Path:/Users/coding/Library/Android/sdk/platform-tools/adb protocol version: 41
DEBUG   | Path:/Users/coding/Library/Android/sdk/platform-tools/adb protocol version: 41
DEBUG   | Path:/Users/coding/Library/Android/sdk/platform-tools/adb protocol version: 41
DEBUG   | Found: 3 adb executables
DEBUG   | Adb: /Users/coding/Library/Android/sdk/platform-tools/adb
DEBUG   | Adb: /Users/coding/Library/Android/sdk/platform-tools/adb
DEBUG   | Adb: /Users/coding/Library/Android/sdk/platform-tools/adb
DEBUG   | Path:/Users/coding/Library/Android/sdk/platform-tools/adb protocol version: 41
DEBUG   | Path:/Users/coding/Library/Android/sdk/platform-tools/adb protocol version: 41
DEBUG   | Path:/Users/coding/Library/Android/sdk/platform-tools/adb protocol version: 41
INFO         | Checking system compatibility:
INFO         |   Checking: hasSufficientDiskSpace
INFO         |      Ok: Disk space requirements to run avd: `Pixel_9` are met
INFO         |   Checking: hasSufficientHwGpu
INFO         |      Ok: Hardware GPU requirements to run avd: `Pixel_9` are passed
INFO         |   Checking: hasSufficientSystem
INFO         |      Ok: System requirements to run avd: `Pixel_9` are met
DEBUG   | Sending CMD_REPAINT to reposting thread
DEBUG   | Sending CMD_REPAINT to reposting thread
DEBUG   | Reposting thread dequeueing a CMD_REPAINT
DEBUG   | Reposting framebuffer.
DEBUG   | No repost: no last posted color buffer
DEBUG   | Reposting thread dequeueing a CMD_REPAINT
DEBUG   | Reposting framebuffer.
DEBUG   | No repost: no last posted color buffer
DEBUG   | config multidisplay with config.ini 0x0 0x0 0x0
DEBUG   | Begin setupSubWindow
DEBUG   | Exit setupSubWindow (successful setup)
DEBUG   | Begin setupSubWindow
DEBUG   | Exit setupSubWindow (nothing to do)
INFO         | Warning: QMetaObject::connectSlotsByName: No matching signal for on_rgbcSensorValueWidget_valueChanged() (:0, )
INFO         | Warning: QMetaObject::connectSlotsByName: No matching signal for on_posture_valueChanged(int) (:0, )
DEBUG   | added one RIL client
DEBUG   | Crash info: sessionId=
DEBUG   | Crash info: ro.build.fingerprint=??
DEBUG   | Crash info: avd_space=581438590976
DEBUG   | Crash info: free_ram=3877
DEBUG   | Crash info: hw.gpu.enabled=yes
DEBUG   | Crash info: cpu_cores=10
DEBUG   | Crash info: PlayStore.enabled=true
DEBUG   | Crash info: hw.ramSize=2048
DEBUG   | Crash info: hw.lcd.width=1080
DEBUG   | Crash info: hw.sensor.hinge=?
DEBUG   | Crash info: hw.cpu.ncore=4
DEBUG   | Crash info: hw.gpu.mode=auto
DEBUG   | Crash info: hw.lcd.height=2424
DEBUG   | Crash info: disk.dataPartition.size=6G
INFO         | Loading snapshot 'default_boot'...
DEBUG   | INFO: ignore sdcard for arm at api level >= 30
INFO         | AVD supportsNativeGLES=1, supportsGuestAngle=1
INFO         | Guest Angle is still unstable for API > 35.
INFO         | Created extended window in 281.497ms
WARNING      | Client not connected yet. Ignoring message!
WARNING      | Client not connected yet. Ignoring message!
WARNING      | Client not connected yet. Ignoring message!
WARNING      | Unknown XR viewport mode requested: 0, ignored.

WARNING      | Client not connected yet. Ignoring message!
WARNING      | Client not connected yet. Ignoring message!
WARNING      | Client not connected yet. Ignoring message!
WARNING      | Client not connected yet. Ignoring message!
WARNING      | Client not connected yet. Ignoring message!
WARNING      | Client not connected yet. Ignoring message!
DEBUG   | Adding boot property: 'ro.opengles.version' = '196608'
DEBUG   | Adding boot property: 'qemu.sf.fake_camera' = 'front'
DEBUG   | Adding boot property: 'qemu.adb.secure' = '1'
DEBUG   | Adding boot property: 'dalvik.vm.heapsize' = '512m'
DEBUG   | Adding boot property: 'qemu.hw.mainkeys' = '0'
DEBUG   | Adding boot property: 'qemu.sf.lcd_density' = '420'
DEBUG   | Adding boot property: 'net.wifi_mac_prefix' = '5554'
DEBUG   | Adding boot property: 'qemu.timezone' = 'America/Los_Angeles'
DEBUG   | ShareGroup::ShareGroup: 0x600000b87480: start restore namespace for type 0

DEBUG   | ShareGroup::ShareGroup: 0x600000b87480: finish restore namespace for type 0

DEBUG   | ShareGroup::ShareGroup: 0x600000b87480: start restore namespace for type 1

DEBUG   | ShareGroup::ShareGroup: 0x600000b87480: finish restore namespace for type 1

DEBUG   | ShareGroup::ShareGroup: 0x600000b87480: start restore namespace for type 2

DEBUG   | 0x6000008afb00: try to load object 4294967296
DEBUG   | 0x6000008afb00: try to load object 4294967297
DEBUG   | ShareGroup::ShareGroup: 0x600000b87480: finish restore namespace for type 2

DEBUG   | ShareGroup::ShareGroup: 0x600000b87480: start restore namespace for type 3

DEBUG   | ShareGroup::ShareGroup: 0x600000b87480: finish restore namespace for type 3

DEBUG   | ShareGroup::ShareGroup: 0x600000b87480: start restore namespace for type 4

DEBUG   | ShareGroup::ShareGroup: 0x600000b87480: finish restore namespace for type 4

DEBUG   | ShareGroup::ShareGroup: 0x600000b87480: start restore namespace for type 5

DEBUG   | ShareGroup::ShareGroup: 0x600000b87480: finish restore namespace for type 5

DEBUG   | ShareGroup::ShareGroup: 0x600000b87480: start restore namespace for type 6

DEBUG   | ShareGroup::ShareGroup: 0x600000b87480: finish restore namespace for type 6

DEBUG   | ShareGroup::ShareGroup: 0x600000b87480: start restore namespace for type 7

DEBUG   | ShareGroup::ShareGroup: 0x600000b87480: finish restore namespace for type 7

DEBUG   | ShareGroup::ShareGroup: 0x600000b87480: start restore namespace for type 8

DEBUG   | ShareGroup::ShareGroup: 0x600000b87480: finish restore namespace for type 8

DEBUG   | ShareGroup::ShareGroup: 0x600000b87480: start restore namespace for type 9

DEBUG   | ShareGroup::ShareGroup: 0x600000b87480: finish restore namespace for type 9

DEBUG   | ShareGroup::ShareGroup: 0x600000b872a0: start restore namespace for type 0

DEBUG   | ShareGroup::ShareGroup: 0x600000b872a0: finish restore namespace for type 0

DEBUG   | ShareGroup::ShareGroup: 0x600000b872a0: start restore namespace for type 1

DEBUG   | 0x600000894300: try to load object 3
DEBUG   | 0x600000894300: try to load object 4
DEBUG   | 0x600000894300: try to load object 9
DEBUG   | ShareGroup::ShareGroup: 0x600000b872a0: finish restore namespace for type 1

DEBUG   | ShareGroup::ShareGroup: 0x600000b872a0: start restore namespace for type 2

DEBUG   | 0x600000896d00: try to load object 4294967297
DEBUG   | 0x600000896d00: try to load object 961
DEBUG   | 0x600000896d00: try to load object 370
DEBUG   | 0x600000896d00: try to load object 962
DEBUG   | 0x600000896d00: try to load object 371
DEBUG   | 0x600000896d00: try to load object 395
DEBUG   | 0x600000896d00: try to load object 396
DEBUG   | 0x600000896d00: try to load object 646
DEBUG   | 0x600000896d00: try to load object 648
DEBUG   | 0x600000896d00: try to load object 649
DEBUG   | 0x600000896d00: try to load object 650
DEBUG   | 0x600000896d00: try to load object 651
DEBUG   | 0x600000896d00: try to load object 652
DEBUG   | 0x600000896d00: try to load object 826
DEBUG   | 0x600000896d00: try to load object 827
DEBUG   | 0x600000896d00: try to load object 832
DEBUG   | 0x600000896d00: try to load object 636
DEBUG   | 0x600000896d00: try to load object 833
DEBUG   | 0x600000896d00: try to load object 639
DEBUG   | 0x600000896d00: try to load object 836
DEBUG   | 0x600000896d00: try to load object 837
DEBUG   | 0x600000896d00: try to load object 838
DEBUG   | 0x600000896d00: try to load object 642
DEBUG   | 0x600000896d00: try to load object 839
DEBUG   | 0x600000896d00: try to load object 643
DEBUG   | 0x600000896d00: try to load object 840
DEBUG   | 0x600000896d00: try to load object 841
DEBUG   | 0x600000896d00: try to load object 855
DEBUG   | 0x600000896d00: try to load object 856
DEBUG   | 0x600000896d00: try to load object 857
DEBUG   | 0x600000896d00: try to load object 858
DEBUG   | 0x600000896d00: try to load object 872
DEBUG   | 0x600000896d00: try to load object 873
DEBUG   | 0x600000896d00: try to load object 4294967296
DEBUG   | 0x600000896d00: try to load object 876
DEBUG   | 0x600000896d00: try to load object 879
DEBUG   | 0x600000896d00: try to load object 880
DEBUG   | 0x600000896d00: try to load object 882
DEBUG   | 0x600000896d00: try to load object 884
DEBUG   | 0x600000896d00: try to load object 885
DEBUG   | 0x600000896d00: try to load object 886
DEBUG   | 0x600000896d00: try to load object 887
DEBUG   | 0x600000896d00: try to load object 888
DEBUG   | 0x600000896d00: try to load object 889
DEBUG   | 0x600000896d00: try to load object 891
DEBUG   | 0x600000896d00: try to load object 894
DEBUG   | 0x600000896d00: try to load object 895
DEBUG   | 0x600000896d00: try to load object 898
DEBUG   | 0x600000896d00: try to load object 901
DEBUG   | 0x600000896d00: try to load object 902
DEBUG   | 0x600000896d00: try to load object 903
DEBUG   | 0x600000896d00: try to load object 905
DEBUG   | 0x600000896d00: try to load object 906
DEBUG   | 0x600000896d00: try to load object 907
DEBUG   | 0x600000896d00: try to load object 908
DEBUG   | 0x600000896d00: try to load object 909
DEBUG   | 0x600000896d00: try to load object 911
DEBUG   | 0x600000896d00: try to load object 926
DEBUG   | 0x600000896d00: try to load object 927
DEBUG   | 0x600000896d00: try to load object 928
DEBUG   | 0x600000896d00: try to load object 929
DEBUG   | 0x600000896d00: try to load object 930
DEBUG   | 0x600000896d00: try to load object 931
DEBUG   | 0x600000896d00: try to load object 932
DEBUG   | 0x600000896d00: try to load object 933
DEBUG   | 0x600000896d00: try to load object 934
DEBUG   | 0x600000896d00: try to load object 935
DEBUG   | 0x600000896d00: try to load object 936
DEBUG   | 0x600000896d00: try to load object 937
DEBUG   | 0x600000896d00: try to load object 938
DEBUG   | 0x600000896d00: try to load object 942
DEBUG   | 0x600000896d00: try to load object 943
DEBUG   | 0x600000896d00: try to load object 946
DEBUG   | 0x600000896d00: try to load object 947
DEBUG   | 0x600000896d00: try to load object 948
DEBUG   | 0x600000896d00: try to load object 358
DEBUG   | 0x600000896d00: try to load object 949
DEBUG   | 0x600000896d00: try to load object 753
DEBUG   | 0x600000896d00: try to load object 950
DEBUG   | 0x600000896d00: try to load object 754
DEBUG   | 0x600000896d00: try to load object 951
DEBUG   | 0x600000896d00: try to load object 755
DEBUG   | 0x600000896d00: try to load object 361
DEBUG   | 0x600000896d00: try to load object 952
DEBUG   | 0x600000896d00: try to load object 756
DEBUG   | 0x600000896d00: try to load object 953
DEBUG   | 0x600000896d00: try to load object 954
DEBUG   | 0x600000896d00: try to load object 955
DEBUG   | 0x600000896d00: try to load object 956
DEBUG   | 0x600000896d00: try to load object 958
DEBUG   | 0x600000896d00: try to load object 959
DEBUG   | 0x600000896d00: try to load object 960
DEBUG   | 0x600000896d00: try to load object 963
DEBUG   | 0x600000896d00: try to load object 964
DEBUG   | 0x600000896d00: try to load object 965
DEBUG   | 0x600000896d00: try to load object 966
DEBUG   | 0x600000896d00: try to load object 376
DEBUG   | 0x600000896d00: try to load object 967
DEBUG   | 0x600000896d00: try to load object 377
DEBUG   | 0x600000896d00: try to load object 968
DEBUG   | 0x600000896d00: try to load object 969
DEBUG   | 0x600000896d00: try to load object 976
DEBUG   | 0x600000896d00: try to load object 977
DEBUG   | 0x600000896d00: try to load object 978
DEBUG   | 0x600000896d00: try to load object 388
DEBUG   | 0x600000896d00: try to load object 979
DEBUG   | 0x600000896d00: try to load object 389
DEBUG   | 0x600000896d00: try to load object 980
DEBUG   | 0x600000896d00: try to load object 981
DEBUG   | 0x600000896d00: try to load object 982
DEBUG   | 0x600000896d00: try to load object 983
DEBUG   | 0x600000896d00: try to load object 984
DEBUG   | 0x600000896d00: try to load object 988
DEBUG   | 0x600000896d00: try to load object 991
DEBUG   | 0x600000896d00: try to load object 992
DEBUG   | 0x600000896d00: try to load object 993
DEBUG   | 0x600000896d00: try to load object 994
DEBUG   | 0x600000896d00: try to load object 995
DEBUG   | 0x600000896d00: try to load object 996
DEBUG   | 0x600000896d00: try to load object 997
DEBUG   | 0x600000896d00: try to load object 998
DEBUG   | 0x600000896d00: try to load object 1000
DEBUG   | 0x600000896d00: try to load object 1001
DEBUG   | 0x600000896d00: try to load object 1002
DEBUG   | 0x600000896d00: try to load object 1003
DEBUG   | 0x600000896d00: try to load object 1004
DEBUG   | 0x600000896d00: try to load object 1005
DEBUG   | 0x600000896d00: try to load object 1006
DEBUG   | 0x600000896d00: try to load object 810
DEBUG   | 0x600000896d00: try to load object 1007
DEBUG   | 0x600000896d00: try to load object 912
DEBUG   | 0x600000896d00: try to load object 812
DEBUG   | 0x600000896d00: try to load object 1009
DEBUG   | 0x600000896d00: try to load object 913
DEBUG   | 0x600000896d00: try to load object 813
DEBUG   | 0x600000896d00: try to load object 1010
DEBUG   | 0x600000896d00: try to load object 914
DEBUG   | 0x600000896d00: try to load object 814
DEBUG   | 0x600000896d00: try to load object 1011
DEBUG   | 0x600000896d00: try to load object 324
DEBUG   | 0x600000896d00: try to load object 915
DEBUG   | 0x600000896d00: try to load object 815
DEBUG   | 0x600000896d00: try to load object 1012
DEBUG   | 0x600000896d00: try to load object 325
DEBUG   | 0x600000896d00: try to load object 916
DEBUG   | 0x600000896d00: try to load object 816
DEBUG   | 0x600000896d00: try to load object 1013
DEBUG   | 0x600000896d00: try to load object 917
DEBUG   | 0x600000896d00: try to load object 817
DEBUG   | 0x600000896d00: try to load object 1014
DEBUG   | 0x600000896d00: try to load object 918
DEBUG   | 0x600000896d00: try to load object 818
DEBUG   | 0x600000896d00: try to load object 1015
DEBUG   | 0x600000896d00: try to load object 919
DEBUG   | 0x600000896d00: try to load object 1016
DEBUG   | 0x600000896d00: try to load object 970
DEBUG   | 0x600000896d00: try to load object 920
DEBUG   | 0x600000896d00: try to load object 820
DEBUG   | 0x600000896d00: try to load object 1017
DEBUG   | 0x600000896d00: try to load object 971
DEBUG   | 0x600000896d00: try to load object 921
DEBUG   | 0x600000896d00: try to load object 821
DEBUG   | 0x600000896d00: try to load object 1018
DEBUG   | 0x600000896d00: try to load object 972
DEBUG   | 0x600000896d00: try to load object 922
DEBUG   | 0x600000896d00: try to load object 1019
DEBUG   | 0x600000896d00: try to load object 382
DEBUG   | 0x600000896d00: try to load object 973
DEBUG   | 0x600000896d00: try to load object 923
DEBUG   | 0x600000896d00: try to load object 1020
DEBUG   | 0x600000896d00: try to load object 383
DEBUG   | 0x600000896d00: try to load object 974
DEBUG   | 0x600000896d00: try to load object 924
DEBUG   | 0x600000896d00: try to load object 824
DEBUG   | 0x600000896d00: try to load object 1021
DEBUG   | 0x600000896d00: try to load object 999
DEBUG   | 0x600000896d00: try to load object 975
DEBUG   | 0x600000896d00: try to load object 925
DEBUG   | 0x600000896d00: try to load object 825
DEBUG   | 0x600000896d00: try to load object 1022
DEBUG   | ShareGroup::ShareGroup: 0x600000b872a0: finish restore namespace for type 2

DEBUG   | ShareGroup::ShareGroup: 0x600000b872a0: start restore namespace for type 3

DEBUG   | ShareGroup::ShareGroup: 0x600000b872a0: finish restore namespace for type 3

DEBUG   | ShareGroup::ShareGroup: 0x600000b872a0: start restore namespace for type 4

DEBUG   | ShareGroup::ShareGroup: 0x600000b872a0: finish restore namespace for type 4

DEBUG   | ShareGroup::ShareGroup: 0x600000b872a0: start restore namespace for type 5

DEBUG   | 0x600000891800: try to load object 1
DEBUG   | 0x600000891800: try to load object 2
DEBUG   | 0x600000891800: try to load object 3
DEBUG   | 0x600000891800: try to load object 4
DEBUG   | 0x600000891800: try to load object 5
DEBUG   | 0x600000891800: try to load object 6
DEBUG   | 0x600000891800: try to load object 7
DEBUG   | 0x600000891800: try to load object 8
DEBUG   | 0x600000891800: try to load object 9
DEBUG   | 0x600000891800: try to load object 10
DEBUG   | 0x600000891800: try to load object 11
DEBUG   | 0x600000891800: try to load object 12
DEBUG   | 0x600000891800: try to load object 13
DEBUG   | 0x600000891800: try to load object 14
DEBUG   | 0x600000891800: try to load object 15
DEBUG   | 0x600000891800: try to load object 16
DEBUG   | 0x600000891800: try to load object 17
DEBUG   | 0x600000891800: try to load object 18
DEBUG   | 0x600000891800: try to load object 19
DEBUG   | 0x600000891800: try to load object 20
DEBUG   | 0x600000891800: try to load object 21
DEBUG   | 0x600000891800: try to load object 22
DEBUG   | 0x600000891800: try to load object 23
DEBUG   | 0x600000891800: try to load object 24
DEBUG   | 0x600000891800: try to load object 25
DEBUG   | 0x600000891800: try to load object 26
DEBUG   | 0x600000891800: try to load object 27
DEBUG   | 0x600000891800: try to load object 28
DEBUG   | 0x600000891800: try to load object 29
DEBUG   | 0x600000891800: try to load object 30
DEBUG   | 0x600000891800: try to load object 31
DEBUG   | 0x600000891800: try to load object 32
DEBUG   | 0x600000891800: try to load object 33
DEBUG   | 0x600000891800: try to load object 34
DEBUG   | 0x600000891800: try to load object 35
DEBUG   | 0x600000891800: try to load object 36
DEBUG   | 0x600000891800: try to load object 37
DEBUG   | 0x600000891800: try to load object 38
DEBUG   | 0x600000891800: try to load object 39
DEBUG   | 0x600000891800: try to load object 40
DEBUG   | 0x600000891800: try to load object 41
DEBUG   | 0x600000891800: try to load object 42
DEBUG   | 0x600000891800: try to load object 43
DEBUG   | 0x600000891800: try to load object 44
DEBUG   | 0x600000891800: try to load object 45
DEBUG   | 0x600000891800: try to load object 46
DEBUG   | 0x600000891800: try to load object 47
DEBUG   | 0x600000891800: try to load object 48
DEBUG   | 0x600000891800: try to load object 49
DEBUG   | 0x600000891800: try to load object 50
DEBUG   | 0x600000891800: try to load object 51
DEBUG   | 0x600000891800: try to load object 52
DEBUG   | 0x600000891800: try to load object 53
DEBUG   | 0x600000891800: try to load object 54
DEBUG   | 0x600000891800: try to load object 55
DEBUG   | 0x600000891800: try to load object 56
DEBUG   | 0x600000891800: try to load object 57
DEBUG   | 0x600000891800: try to load object 58
DEBUG   | 0x600000891800: try to load object 59
DEBUG   | 0x600000891800: try to load object 60
DEBUG   | 0x600000891800: try to load object 61
DEBUG   | 0x600000891800: try to load object 62
DEBUG   | 0x600000891800: try to load object 63
DEBUG   | 0x600000891800: try to load object 64
DEBUG   | 0x600000891800: try to load object 65
DEBUG   | 0x600000891800: try to load object 66
DEBUG   | 0x600000891800: try to load object 67
DEBUG   | 0x600000891800: try to load object 68
DEBUG   | 0x600000891800: try to load object 69
DEBUG   | 0x600000891800: try to load object 70
DEBUG   | 0x600000891800: try to load object 71
DEBUG   | 0x600000891800: try to load object 72
DEBUG   | 0x600000891800: try to load object 73
DEBUG   | 0x600000891800: try to load object 74
DEBUG   | 0x600000891800: try to load object 75
DEBUG   | 0x600000891800: try to load object 76
DEBUG   | 0x600000891800: try to load object 77
DEBUG   | 0x600000891800: try to load object 78
DEBUG   | 0x600000891800: try to load object 79
DEBUG   | 0x600000891800: try to load object 80
DEBUG   | 0x600000891800: try to load object 81
DEBUG   | 0x600000891800: try to load object 82
DEBUG   | 0x600000891800: try to load object 83
DEBUG   | 0x600000891800: try to load object 84
DEBUG   | 0x600000891800: try to load object 85
DEBUG   | 0x600000891800: try to load object 86
DEBUG   | 0x600000891800: try to load object 87
DEBUG   | 0x600000891800: try to load object 88
DEBUG   | 0x600000891800: try to load object 89
DEBUG   | 0x600000891800: try to load object 90
DEBUG   | 0x600000891800: try to load object 91
DEBUG   | 0x600000891800: try to load object 92
DEBUG   | 0x600000891800: try to load object 93
DEBUG   | 0x600000891800: try to load object 94
DEBUG   | 0x600000891800: try to load object 95
DEBUG   | 0x600000891800: try to load object 96
DEBUG   | 0x600000891800: try to load object 97
DEBUG   | 0x600000891800: try to load object 98
DEBUG   | 0x600000891800: try to load object 99
DEBUG   | 0x600000891800: try to load object 100
DEBUG   | 0x600000891800: try to load object 101
DEBUG   | 0x600000891800: try to load object 102
DEBUG   | 0x600000891800: try to load object 103
DEBUG   | 0x600000891800: try to load object 104
DEBUG   | 0x600000891800: try to load object 105
DEBUG   | 0x600000891800: try to load object 106
DEBUG   | 0x600000891800: try to load object 107
DEBUG   | 0x600000891800: try to load object 108
DEBUG   | 0x600000891800: try to load object 109
DEBUG   | 0x600000891800: try to load object 110
DEBUG   | 0x600000891800: try to load object 111
DEBUG   | 0x600000891800: try to load object 112
DEBUG   | 0x600000891800: try to load object 113
DEBUG   | 0x600000891800: try to load object 114
DEBUG   | 0x600000891800: try to load object 115
DEBUG   | 0x600000891800: try to load object 116
DEBUG   | 0x600000891800: try to load object 117
DEBUG   | 0x600000891800: try to load object 118
DEBUG   | 0x600000891800: try to load object 119
DEBUG   | 0x600000891800: try to load object 120
DEBUG   | 0x600000891800: try to load object 121
DEBUG   | 0x600000891800: try to load object 122
DEBUG   | 0x600000891800: try to load object 123
DEBUG   | ShareGroup::ShareGroup: 0x600000b872a0: finish restore namespace for type 5

DEBUG   | ShareGroup::ShareGroup: 0x600000b872a0: start restore namespace for type 6

DEBUG   | 0x6000008e8700: try to load object 1
DEBUG   | 0x6000008e8700: try to load object 2
DEBUG   | ShareGroup::ShareGroup: 0x600000b872a0: finish restore namespace for type 6

DEBUG   | ShareGroup::ShareGroup: 0x600000b872a0: start restore namespace for type 7

DEBUG   | ShareGroup::ShareGroup: 0x600000b872a0: finish restore namespace for type 7

DEBUG   | ShareGroup::ShareGroup: 0x600000b872a0: start restore namespace for type 8

DEBUG   | ShareGroup::ShareGroup: 0x600000b872a0: finish restore namespace for type 8

DEBUG   | ShareGroup::ShareGroup: 0x600000b872a0: start restore namespace for type 9

DEBUG   | ShareGroup::ShareGroup: 0x600000b872a0: finish restore namespace for type 9

DEBUG   | 0x600000891100: try to load object 258
DEBUG   | 0x600000891100: try to load object 259
DEBUG   | 0x600000891100: try to load object 656
DEBUG   | 0x600000891100: try to load object 661
DEBUG   | 0x600000891100: try to load object 662
DEBUG   | 0x600000891100: try to load object 668
DEBUG   | 0x600000891100: try to load object 272
DEBUG   | 0x600000891100: try to load object 669
DEBUG   | 0x600000891100: try to load object 490
DEBUG   | 0x600000891100: try to load object 493
DEBUG   | 0x600000891100: try to load object 494
DEBUG   | 0x600000891100: try to load object 496
DEBUG   | 0x600000891100: try to load object 696
DEBUG   | 0x600000891100: try to load object 499
DEBUG   | 0x600000891100: try to load object 697
DEBUG   | 0x600000891100: try to load object 500
DEBUG   | 0x600000891100: try to load object 501
DEBUG   | 0x600000891100: try to load object 502
DEBUG   | 0x600000891100: try to load object 654
DEBUG   | 0x600000891100: try to load object 657
DEBUG   | 0x600000891100: try to load object 264
DEBUG   | 0x600000891100: try to load object 658
DEBUG   | 0x600000891100: try to load object 265
DEBUG   | 0x600000891100: try to load object 659
DEBUG   | 0x600000891100: try to load object 660
DEBUG   | 0x600000891100: try to load object 664
DEBUG   | 0x600000891100: try to load object 271
DEBUG   | 0x600000891100: try to load object 665
DEBUG   | 0x600000891100: try to load object 670
DEBUG   | 0x600000891100: try to load object 671
DEBUG   | 0x600000891100: try to load object 676
DEBUG   | 0x600000891100: try to load object 677
DEBUG   | 0x600000891100: try to load object 680
DEBUG   | 0x600000891100: try to load object 681
DEBUG   | 0x600000891100: try to load object 682
DEBUG   | 0x600000891100: try to load object 683
DEBUG   | 0x600000891100: try to load object 487
DEBUG   | 0x600000891100: try to load object 684
DEBUG   | 0x600000891100: try to load object 685
DEBUG   | 0x600000891100: try to load object 694
DEBUG   | 0x600000891100: try to load object 498
DEBUG   | 0x600000891100: try to load object 695
DEBUG   | 0x600000891100: try to load object 705
DEBUG   | 0x600000891100: try to load object 706
DEBUG   | 0x600000891100: try to load object 709
DEBUG   | 0x600000891100: try to load object 712
DEBUG   | 0x600000891100: try to load object 713
DEBUG   | 0x600000891100: try to load object 715
DEBUG   | 0x600000891100: try to load object 717
DEBUG   | 0x600000891100: try to load object 718
DEBUG   | 0x600000891100: try to load object 719
DEBUG   | 0x600000891100: try to load object 720
DEBUG   | 0x600000891100: try to load object 721
DEBUG   | 0x600000891100: try to load object 722
DEBUG   | 0x600000891100: try to load object 723
DEBUG   | 0x600000891100: try to load object 726
DEBUG   | 0x600000891100: try to load object 729
DEBUG   | 0x600000891100: try to load object 730
DEBUG   | 0x600000891100: try to load object 731
DEBUG   | 0x600000891100: try to load object 733
DEBUG   | 0x600000891100: try to load object 734
DEBUG   | 0x600000891100: try to load object 735
DEBUG   | 0x600000891100: try to load object 749
DEBUG   | 0x600000891100: try to load object 750
DEBUG   | 0x600000891100: try to load object 751
DEBUG   | 0x600000891100: try to load object 752
DEBUG   | 0x600000891100: try to load object 753
DEBUG   | 0x600000891100: try to load object 754
DEBUG   | 0x600000891100: try to load object 755
DEBUG   | 0x600000891100: try to load object 756
DEBUG   | 0x600000891100: try to load object 757
DEBUG   | 0x600000891100: try to load object 758
DEBUG   | 0x600000891100: try to load object 759
DEBUG   | 0x600000891100: try to load object 760
DEBUG   | 0x600000891100: try to load object 761
DEBUG   | 0x600000891100: try to load object 765
DEBUG   | 0x600000891100: try to load object 766
DEBUG   | 0x600000891100: try to load object 769
DEBUG   | 0x600000891100: try to load object 770
DEBUG   | 0x600000891100: try to load object 771
DEBUG   | 0x600000891100: try to load object 772
DEBUG   | 0x600000891100: try to load object 773
DEBUG   | 0x600000891100: try to load object 774
DEBUG   | 0x600000891100: try to load object 775
DEBUG   | 0x600000891100: try to load object 776
DEBUG   | 0x600000891100: try to load object 777
DEBUG   | 0x600000891100: try to load object 778
DEBUG   | 0x600000891100: try to load object 779
DEBUG   | 0x600000891100: try to load object 781
DEBUG   | 0x600000891100: try to load object 782
DEBUG   | 0x600000891100: try to load object 783
DEBUG   | 0x600000891100: try to load object 784
DEBUG   | 0x600000891100: try to load object 785
DEBUG   | 0x600000891100: try to load object 786
DEBUG   | 0x600000891100: try to load object 787
DEBUG   | 0x600000891100: try to load object 788
DEBUG   | 0x600000891100: try to load object 789
DEBUG   | 0x600000891100: try to load object 790
DEBUG   | 0x600000891100: try to load object 791
DEBUG   | 0x600000891100: try to load object 792
DEBUG   | 0x600000891100: try to load object 602
DEBUG   | 0x600000891100: try to load object 799
DEBUG   | 0x600000891100: try to load object 603
DEBUG   | 0x600000891100: try to load object 800
DEBUG   | 0x600000891100: try to load object 604
DEBUG   | 0x600000891100: try to load object 801
DEBUG   | 0x600000891100: try to load object 605
DEBUG   | 0x600000891100: try to load object 802
DEBUG   | 0x600000891100: try to load object 803
DEBUG   | 0x600000891100: try to load object 804
DEBUG   | 0x600000891100: try to load object 805
DEBUG   | 0x600000891100: try to load object 806
DEBUG   | 0x600000891100: try to load object 807
DEBUG   | 0x600000891100: try to load object 811
DEBUG   | 0x600000891100: try to load object 814
DEBUG   | 0x600000891100: try to load object 815
DEBUG   | 0x600000891100: try to load object 816
DEBUG   | 0x600000891100: try to load object 817
DEBUG   | 0x600000891100: try to load object 818
DEBUG   | 0x600000891100: try to load object 819
DEBUG   | 0x600000891100: try to load object 820
DEBUG   | 0x600000891100: try to load object 821
DEBUG   | 0x600000891100: try to load object 823
DEBUG   | 0x600000891100: try to load object 824
DEBUG   | 0x600000891100: try to load object 234
DEBUG   | 0x600000891100: try to load object 825
DEBUG   | 0x600000891100: try to load object 826
DEBUG   | 0x600000891100: try to load object 827
DEBUG   | 0x600000891100: try to load object 237
DEBUG   | 0x600000891100: try to load object 828
DEBUG   | 0x600000891100: try to load object 829
DEBUG   | 0x600000891100: try to load object 830
DEBUG   | 0x600000891100: try to load object 832
DEBUG   | 0x600000891100: try to load object 736
DEBUG   | 0x600000891100: try to load object 833
DEBUG   | 0x600000891100: try to load object 737
DEBUG   | 0x600000891100: try to load object 834
DEBUG   | 0x600000891100: try to load object 835
DEBUG   | 0x600000891100: try to load object 739
DEBUG   | 0x600000891100: try to load object 836
DEBUG   | 0x600000891100: try to load object 740
DEBUG   | 0x600000891100: try to load object 246
DEBUG   | 0x600000891100: try to load object 837
DEBUG   | 0x600000891100: try to load object 741
DEBUG   | 0x600000891100: try to load object 247
DEBUG   | 0x600000891100: try to load object 838
DEBUG   | 0x600000891100: try to load object 742
DEBUG   | 0x600000891100: try to load object 839
DEBUG   | 0x600000891100: try to load object 793
DEBUG   | 0x600000891100: try to load object 743
DEBUG   | 0x600000891100: try to load object 840
DEBUG   | 0x600000891100: try to load object 794
DEBUG   | 0x600000891100: try to load object 744
DEBUG   | 0x600000891100: try to load object 841
DEBUG   | 0x600000891100: try to load object 795
DEBUG   | 0x600000891100: try to load object 745
DEBUG   | 0x600000891100: try to load object 842
DEBUG   | 0x600000891100: try to load object 205
DEBUG   | 0x600000891100: try to load object 796
DEBUG   | 0x600000891100: try to load object 746
DEBUG   | 0x600000891100: try to load object 252
DEBUG   | 0x600000891100: try to load object 843
DEBUG   | 0x600000891100: try to load object 206
DEBUG   | 0x600000891100: try to load object 797
DEBUG   | 0x600000891100: try to load object 747
DEBUG   | 0x600000891100: try to load object 253
DEBUG   | 0x600000891100: try to load object 844
DEBUG   | 0x600000891100: try to load object 822
DEBUG   | 0x600000891100: try to load object 798
DEBUG   | 0x600000891100: try to load object 748
DEBUG   | 0x600000891100: try to load object 845
DEBUG   | ShareGroup::ShareGroup: 0x600000b87840: start restore namespace for type 0

DEBUG   | ShareGroup::ShareGroup: 0x600000b87840: finish restore namespace for type 0

DEBUG   | ShareGroup::ShareGroup: 0x600000b87840: start restore namespace for type 1

DEBUG   | 0x6000008e4200: try to load object 1
DEBUG   | 0x6000008e4200: try to load object 2
DEBUG   | 0x6000008e4200: try to load object 3
DEBUG   | 0x6000008e4200: try to load object 4
DEBUG   | 0x6000008e4200: try to load object 5
DEBUG   | 0x6000008e4200: try to load object 6
DEBUG   | 0x6000008e4200: try to load object 7
DEBUG   | ShareGroup::ShareGroup: 0x600000b87840: finish restore namespace for type 1

DEBUG   | ShareGroup::ShareGroup: 0x600000b87840: start restore namespace for type 2

DEBUG   | 0x6000008e4300: try to load object 4294967296
DEBUG   | 0x6000008e4300: try to load object 324
DEBUG   | 0x6000008e4300: try to load object 4
DEBUG   | 0x6000008e4300: try to load object 51
DEBUG   | 0x6000008e4300: try to load object 4294967297
DEBUG   | 0x6000008e4300: try to load object 325
DEBUG   | 0x6000008e4300: try to load object 5
DEBUG   | 0x6000008e4300: try to load object 52
DEBUG   | 0x6000008e4300: try to load object 3
DEBUG   | 0x6000008e4300: try to load object 50
DEBUG   | 0x6000008e4300: try to load object 6
DEBUG   | 0x6000008e4300: try to load object 53
DEBUG   | 0x6000008e4300: try to load object 7
DEBUG   | 0x6000008e4300: try to load object 30
DEBUG   | 0x6000008e4300: try to load object 11
DEBUG   | 0x6000008e4300: try to load object 21
DEBUG   | 0x6000008e4300: try to load object 31
DEBUG   | 0x6000008e4300: try to load object 22
DEBUG   | 0x6000008e4300: try to load object 321
DEBUG   | 0x6000008e4300: try to load object 45
DEBUG   | 0x6000008e4300: try to load object 24
DEBUG   | 0x6000008e4300: try to load object 41
DEBUG   | 0x6000008e4300: try to load object 323
DEBUG   | 0x6000008e4300: try to load object 48
DEBUG   | 0x6000008e4300: try to load object 85
DEBUG   | 0x6000008e4300: try to load object 49
DEBUG   | 0x6000008e4300: try to load object 10
DEBUG   | 0x6000008e4300: try to load object 33
DEBUG   | 0x6000008e4300: try to load object 20
DEBUG   | 0x6000008e4300: try to load object 319
DEBUG   | 0x6000008e4300: try to load object 35
DEBUG   | 0x6000008e4300: try to load object 23
DEBUG   | 0x6000008e4300: try to load object 322
DEBUG   | ShareGroup::ShareGroup: 0x600000b87840: finish restore namespace for type 2

DEBUG   | ShareGroup::ShareGroup: 0x600000b87840: start restore namespace for type 3

DEBUG   | 0x6000008e4400: try to load object 1
DEBUG   | 0x6000008e4400: try to load object 3
DEBUG   | ShareGroup::ShareGroup: 0x600000b87840: finish restore namespace for type 3

DEBUG   | ShareGroup::ShareGroup: 0x600000b87840: start restore namespace for type 4

DEBUG   | ShareGroup::ShareGroup: 0x600000b87840: finish restore namespace for type 4

DEBUG   | ShareGroup::ShareGroup: 0x600000b87840: start restore namespace for type 5

DEBUG   | 0x6000008e4600: try to load object 1
DEBUG   | 0x6000008e4600: try to load object 2
DEBUG   | 0x6000008e4600: try to load object 3
DEBUG   | 0x6000008e4600: try to load object 4
DEBUG   | 0x6000008e4600: try to load object 5
DEBUG   | 0x6000008e4600: try to load object 6
DEBUG   | 0x6000008e4600: try to load object 7
DEBUG   | 0x6000008e4600: try to load object 8
DEBUG   | 0x6000008e4600: try to load object 9
DEBUG   | 0x6000008e4600: try to load object 10
DEBUG   | 0x6000008e4600: try to load object 11
DEBUG   | 0x6000008e4600: try to load object 12
DEBUG   | 0x6000008e4600: try to load object 13
DEBUG   | 0x6000008e4600: try to load object 14
DEBUG   | 0x6000008e4600: try to load object 15
DEBUG   | 0x6000008e4600: try to load object 16
DEBUG   | 0x6000008e4600: try to load object 17
DEBUG   | 0x6000008e4600: try to load object 18
DEBUG   | 0x6000008e4600: try to load object 19
DEBUG   | 0x6000008e4600: try to load object 20
DEBUG   | 0x6000008e4600: try to load object 21
DEBUG   | 0x6000008e4600: try to load object 22
DEBUG   | 0x6000008e4600: try to load object 23
DEBUG   | 0x6000008e4600: try to load object 24
DEBUG   | 0x6000008e4600: try to load object 25
DEBUG   | 0x6000008e4600: try to load object 26
DEBUG   | 0x6000008e4600: try to load object 27
DEBUG   | 0x6000008e4600: try to load object 28
DEBUG   | 0x6000008e4600: try to load object 29
DEBUG   | 0x6000008e4600: try to load object 30
DEBUG   | 0x6000008e4600: try to load object 31
DEBUG   | 0x6000008e4600: try to load object 32
DEBUG   | 0x6000008e4600: try to load object 33
DEBUG   | 0x6000008e4600: try to load object 34
DEBUG   | 0x6000008e4600: try to load object 35
DEBUG   | 0x6000008e4600: try to load object 36
DEBUG   | 0x6000008e4600: try to load object 37
DEBUG   | 0x6000008e4600: try to load object 38
DEBUG   | 0x6000008e4600: try to load object 39
DEBUG   | 0x6000008e4600: try to load object 40
DEBUG   | 0x6000008e4600: try to load object 41
DEBUG   | 0x6000008e4600: try to load object 42
DEBUG   | 0x6000008e4600: try to load object 43
DEBUG   | 0x6000008e4600: try to load object 44
DEBUG   | 0x6000008e4600: try to load object 45
DEBUG   | 0x6000008e4600: try to load object 46
DEBUG   | 0x6000008e4600: try to load object 47
DEBUG   | 0x6000008e4600: try to load object 48
DEBUG   | 0x6000008e4600: try to load object 49
DEBUG   | 0x6000008e4600: try to load object 50
DEBUG   | 0x6000008e4600: try to load object 51
DEBUG   | 0x6000008e4600: try to load object 52
DEBUG   | 0x6000008e4600: try to load object 53
DEBUG   | 0x6000008e4600: try to load object 54
DEBUG   | 0x6000008e4600: try to load object 55
DEBUG   | 0x6000008e4600: try to load object 56
DEBUG   | 0x6000008e4600: try to load object 57
DEBUG   | 0x6000008e4600: try to load object 58
DEBUG   | 0x6000008e4600: try to load object 59
DEBUG   | 0x6000008e4600: try to load object 60
DEBUG   | 0x6000008e4600: try to load object 61
DEBUG   | 0x6000008e4600: try to load object 62
DEBUG   | 0x6000008e4600: try to load object 63
DEBUG   | 0x6000008e4600: try to load object 64
DEBUG   | 0x6000008e4600: try to load object 65
DEBUG   | 0x6000008e4600: try to load object 66
DEBUG   | 0x6000008e4600: try to load object 67
DEBUG   | 0x6000008e4600: try to load object 68
DEBUG   | 0x6000008e4600: try to load object 69
DEBUG   | 0x6000008e4600: try to load object 70
DEBUG   | 0x6000008e4600: try to load object 71
DEBUG   | 0x6000008e4600: try to load object 72
DEBUG   | 0x6000008e4600: try to load object 73
DEBUG   | 0x6000008e4600: try to load object 74
DEBUG   | 0x6000008e4600: try to load object 75
DEBUG   | 0x6000008e4600: try to load object 76
DEBUG   | 0x6000008e4600: try to load object 77
DEBUG   | 0x6000008e4600: try to load object 78
DEBUG   | 0x6000008e4600: try to load object 79
DEBUG   | 0x6000008e4600: try to load object 80
DEBUG   | 0x6000008e4600: try to load object 81
DEBUG   | 0x6000008e4600: try to load object 82
DEBUG   | 0x6000008e4600: try to load object 83
DEBUG   | 0x6000008e4600: try to load object 84
DEBUG   | 0x6000008e4600: try to load object 85
DEBUG   | 0x6000008e4600: try to load object 86
DEBUG   | 0x6000008e4600: try to load object 87
DEBUG   | 0x6000008e4600: try to load object 88
DEBUG   | 0x6000008e4600: try to load object 89
DEBUG   | 0x6000008e4600: try to load object 90
DEBUG   | 0x6000008e4600: try to load object 91
DEBUG   | 0x6000008e4600: try to load object 92
DEBUG   | 0x6000008e4600: try to load object 93
DEBUG   | 0x6000008e4600: try to load object 94
DEBUG   | 0x6000008e4600: try to load object 95
DEBUG   | 0x6000008e4600: try to load object 96
DEBUG   | 0x6000008e4600: try to load object 97
DEBUG   | 0x6000008e4600: try to load object 98
DEBUG   | 0x6000008e4600: try to load object 99
DEBUG   | 0x6000008e4600: try to load object 100
DEBUG   | 0x6000008e4600: try to load object 101
DEBUG   | 0x6000008e4600: try to load object 102
DEBUG   | 0x6000008e4600: try to load object 103
DEBUG   | 0x6000008e4600: try to load object 104
DEBUG   | 0x6000008e4600: try to load object 105
DEBUG   | 0x6000008e4600: try to load object 106
DEBUG   | 0x6000008e4600: try to load object 107
DEBUG   | 0x6000008e4600: try to load object 108
DEBUG   | 0x6000008e4600: try to load object 109
DEBUG   | 0x6000008e4600: try to load object 110
DEBUG   | 0x6000008e4600: try to load object 111
DEBUG   | 0x6000008e4600: try to load object 112
DEBUG   | 0x6000008e4600: try to load object 113
DEBUG   | 0x6000008e4600: try to load object 114
DEBUG   | 0x6000008e4600: try to load object 115
DEBUG   | 0x6000008e4600: try to load object 116
DEBUG   | 0x6000008e4600: try to load object 117
DEBUG   | 0x6000008e4600: try to load object 118
DEBUG   | 0x6000008e4600: try to load object 119
DEBUG   | 0x6000008e4600: try to load object 120
DEBUG   | 0x6000008e4600: try to load object 121
DEBUG   | 0x6000008e4600: try to load object 122
DEBUG   | 0x6000008e4600: try to load object 123
DEBUG   | 0x6000008e4600: try to load object 124
DEBUG   | 0x6000008e4600: try to load object 125
DEBUG   | 0x6000008e4600: try to load object 126
DEBUG   | 0x6000008e4600: try to load object 127
DEBUG   | 0x6000008e4600: try to load object 128
DEBUG   | 0x6000008e4600: try to load object 129
DEBUG   | 0x6000008e4600: try to load object 130
DEBUG   | 0x6000008e4600: try to load object 131
DEBUG   | 0x6000008e4600: try to load object 132
DEBUG   | 0x6000008e4600: try to load object 133
DEBUG   | 0x6000008e4600: try to load object 134
DEBUG   | 0x6000008e4600: try to load object 135
DEBUG   | 0x6000008e4600: try to load object 136
DEBUG   | 0x6000008e4600: try to load object 137
DEBUG   | 0x6000008e4600: try to load object 138
DEBUG   | 0x6000008e4600: try to load object 139
DEBUG   | 0x6000008e4600: try to load object 140
DEBUG   | 0x6000008e4600: try to load object 141
DEBUG   | 0x6000008e4600: try to load object 142
DEBUG   | 0x6000008e4600: try to load object 143
DEBUG   | 0x6000008e4600: try to load object 144
DEBUG   | 0x6000008e4600: try to load object 145
DEBUG   | 0x6000008e4600: try to load object 146
DEBUG   | 0x6000008e4600: try to load object 147
DEBUG   | 0x6000008e4600: try to load object 148
DEBUG   | 0x6000008e4600: try to load object 149
DEBUG   | 0x6000008e4600: try to load object 150
DEBUG   | 0x6000008e4600: try to load object 151
DEBUG   | 0x6000008e4600: try to load object 152
DEBUG   | 0x6000008e4600: try to load object 153
DEBUG   | 0x6000008e4600: try to load object 154
DEBUG   | 0x6000008e4600: try to load object 155
DEBUG   | 0x6000008e4600: try to load object 156
DEBUG   | 0x6000008e4600: try to load object 157
DEBUG   | 0x6000008e4600: try to load object 158
DEBUG   | 0x6000008e4600: try to load object 159
DEBUG   | 0x6000008e4600: try to load object 160
DEBUG   | 0x6000008e4600: try to load object 161
DEBUG   | 0x6000008e4600: try to load object 162
DEBUG   | 0x6000008e4600: try to load object 163
DEBUG   | 0x6000008e4600: try to load object 164
DEBUG   | 0x6000008e4600: try to load object 165
DEBUG   | 0x6000008e4600: try to load object 166
DEBUG   | 0x6000008e4600: try to load object 167
DEBUG   | 0x6000008e4600: try to load object 168
DEBUG   | 0x6000008e4600: try to load object 169
DEBUG   | 0x6000008e4600: try to load object 170
DEBUG   | 0x6000008e4600: try to load object 171
DEBUG   | 0x6000008e4600: try to load object 172
DEBUG   | 0x6000008e4600: try to load object 173
DEBUG   | 0x6000008e4600: try to load object 174
DEBUG   | 0x6000008e4600: try to load object 175
DEBUG   | 0x6000008e4600: try to load object 176
DEBUG   | 0x6000008e4600: try to load object 177
DEBUG   | 0x6000008e4600: try to load object 178
DEBUG   | 0x6000008e4600: try to load object 179
DEBUG   | 0x6000008e4600: try to load object 180
DEBUG   | 0x6000008e4600: try to load object 181
DEBUG   | 0x6000008e4600: try to load object 182
DEBUG   | 0x6000008e4600: try to load object 183
DEBUG   | 0x6000008e4600: try to load object 184
DEBUG   | 0x6000008e4600: try to load object 185
DEBUG   | 0x6000008e4600: try to load object 186
DEBUG   | 0x6000008e4600: try to load object 187
DEBUG   | 0x6000008e4600: try to load object 188
DEBUG   | 0x6000008e4600: try to load object 189
DEBUG   | 0x6000008e4600: try to load object 190
DEBUG   | 0x6000008e4600: try to load object 191
DEBUG   | 0x6000008e4600: try to load object 192
DEBUG   | 0x6000008e4600: try to load object 193
DEBUG   | 0x6000008e4600: try to load object 194
DEBUG   | 0x6000008e4600: try to load object 195
DEBUG   | 0x6000008e4600: try to load object 196
DEBUG   | 0x6000008e4600: try to load object 197
DEBUG   | 0x6000008e4600: try to load object 198
DEBUG   | 0x6000008e4600: try to load object 199
DEBUG   | 0x6000008e4600: try to load object 200
DEBUG   | 0x6000008e4600: try to load object 201
DEBUG   | 0x6000008e4600: try to load object 202
DEBUG   | 0x6000008e4600: try to load object 203
DEBUG   | 0x6000008e4600: try to load object 204
DEBUG   | 0x6000008e4600: try to load object 205
DEBUG   | 0x6000008e4600: try to load object 206
DEBUG   | 0x6000008e4600: try to load object 207
DEBUG   | 0x6000008e4600: try to load object 208
DEBUG   | 0x6000008e4600: try to load object 209
DEBUG   | 0x6000008e4600: try to load object 210
DEBUG   | 0x6000008e4600: try to load object 211
DEBUG   | 0x6000008e4600: try to load object 212
DEBUG   | 0x6000008e4600: try to load object 213
DEBUG   | 0x6000008e4600: try to load object 214
DEBUG   | 0x6000008e4600: try to load object 215
DEBUG   | 0x6000008e4600: try to load object 216
DEBUG   | 0x6000008e4600: try to load object 217
DEBUG   | 0x6000008e4600: try to load object 218
DEBUG   | 0x6000008e4600: try to load object 219
DEBUG   | 0x6000008e4600: try to load object 220
DEBUG   | 0x6000008e4600: try to load object 221
DEBUG   | 0x6000008e4600: try to load object 222
DEBUG   | 0x6000008e4600: try to load object 223
DEBUG   | 0x6000008e4600: try to load object 224
DEBUG   | 0x6000008e4600: try to load object 225
DEBUG   | 0x6000008e4600: try to load object 226
DEBUG   | 0x6000008e4600: try to load object 227
DEBUG   | 0x6000008e4600: try to load object 228
DEBUG   | 0x6000008e4600: try to load object 229
DEBUG   | 0x6000008e4600: try to load object 230
DEBUG   | 0x6000008e4600: try to load object 231
DEBUG   | 0x6000008e4600: try to load object 232
DEBUG   | 0x6000008e4600: try to load object 233
DEBUG   | 0x6000008e4600: try to load object 234
DEBUG   | 0x6000008e4600: try to load object 235
DEBUG   | 0x6000008e4600: try to load object 236
DEBUG   | 0x6000008e4600: try to load object 237
DEBUG   | 0x6000008e4600: try to load object 238
DEBUG   | 0x6000008e4600: try to load object 239
DEBUG   | 0x6000008e4600: try to load object 240
DEBUG   | 0x6000008e4600: try to load object 241
DEBUG   | 0x6000008e4600: try to load object 242
DEBUG   | 0x6000008e4600: try to load object 243
DEBUG   | 0x6000008e4600: try to load object 244
DEBUG   | 0x6000008e4600: try to load object 245
DEBUG   | 0x6000008e4600: try to load object 246
DEBUG   | 0x6000008e4600: try to load object 247
DEBUG   | 0x6000008e4600: try to load object 248
DEBUG   | 0x6000008e4600: try to load object 249
DEBUG   | 0x6000008e4600: try to load object 250
DEBUG   | 0x6000008e4600: try to load object 251
DEBUG   | 0x6000008e4600: try to load object 252
DEBUG   | 0x6000008e4600: try to load object 253
DEBUG   | 0x6000008e4600: try to load object 254
DEBUG   | 0x6000008e4600: try to load object 255
DEBUG   | 0x6000008e4600: try to load object 256
DEBUG   | 0x6000008e4600: try to load object 257
DEBUG   | 0x6000008e4600: try to load object 258
DEBUG   | 0x6000008e4600: try to load object 259
DEBUG   | 0x6000008e4600: try to load object 260
DEBUG   | 0x6000008e4600: try to load object 261
DEBUG   | 0x6000008e4600: try to load object 262
DEBUG   | 0x6000008e4600: try to load object 263
DEBUG   | 0x6000008e4600: try to load object 264
DEBUG   | 0x6000008e4600: try to load object 265
DEBUG   | 0x6000008e4600: try to load object 266
DEBUG   | 0x6000008e4600: try to load object 267
DEBUG   | 0x6000008e4600: try to load object 268
DEBUG   | 0x6000008e4600: try to load object 269
DEBUG   | 0x6000008e4600: try to load object 270
DEBUG   | 0x6000008e4600: try to load object 271
DEBUG   | 0x6000008e4600: try to load object 272
DEBUG   | 0x6000008e4600: try to load object 273
DEBUG   | 0x6000008e4600: try to load object 274
DEBUG   | 0x6000008e4600: try to load object 275
DEBUG   | 0x6000008e4600: try to load object 276
DEBUG   | 0x6000008e4600: try to load object 277
DEBUG   | 0x6000008e4600: try to load object 278
DEBUG   | 0x6000008e4600: try to load object 279
DEBUG   | 0x6000008e4600: try to load object 280
DEBUG   | 0x6000008e4600: try to load object 281
DEBUG   | 0x6000008e4600: try to load object 282
DEBUG   | 0x6000008e4600: try to load object 283
DEBUG   | 0x6000008e4600: try to load object 284
DEBUG   | 0x6000008e4600: try to load object 285
DEBUG   | 0x6000008e4600: try to load object 286
DEBUG   | 0x6000008e4600: try to load object 287
DEBUG   | 0x6000008e4600: try to load object 288
DEBUG   | 0x6000008e4600: try to load object 289
DEBUG   | 0x6000008e4600: try to load object 290
DEBUG   | 0x6000008e4600: try to load object 291
DEBUG   | 0x6000008e4600: try to load object 292
DEBUG   | 0x6000008e4600: try to load object 293
DEBUG   | 0x6000008e4600: try to load object 294
DEBUG   | 0x6000008e4600: try to load object 295
DEBUG   | 0x6000008e4600: try to load object 296
DEBUG   | 0x6000008e4600: try to load object 297
DEBUG   | 0x6000008e4600: try to load object 298
DEBUG   | 0x6000008e4600: try to load object 299
DEBUG   | 0x6000008e4600: try to load object 300
DEBUG   | 0x6000008e4600: try to load object 301
DEBUG   | 0x6000008e4600: try to load object 302
DEBUG   | 0x6000008e4600: try to load object 303
DEBUG   | 0x6000008e4600: try to load object 304
DEBUG   | 0x6000008e4600: try to load object 305
DEBUG   | 0x6000008e4600: try to load object 306
DEBUG   | 0x6000008e4600: try to load object 307
DEBUG   | 0x6000008e4600: try to load object 308
DEBUG   | 0x6000008e4600: try to load object 309
DEBUG   | 0x6000008e4600: try to load object 310
DEBUG   | 0x6000008e4600: try to load object 311
DEBUG   | 0x6000008e4600: try to load object 312
DEBUG   | 0x6000008e4600: try to load object 313
DEBUG   | 0x6000008e4600: try to load object 314
DEBUG   | 0x6000008e4600: try to load object 315
DEBUG   | 0x6000008e4600: try to load object 316
DEBUG   | 0x6000008e4600: try to load object 317
DEBUG   | 0x6000008e4600: try to load object 318
DEBUG   | 0x6000008e4600: try to load object 319
DEBUG   | 0x6000008e4600: try to load object 320
DEBUG   | 0x6000008e4600: try to load object 321
DEBUG   | 0x6000008e4600: try to load object 322
DEBUG   | 0x6000008e4600: try to load object 323
DEBUG   | 0x6000008e4600: try to load object 324
DEBUG   | 0x6000008e4600: try to load object 325
DEBUG   | 0x6000008e4600: try to load object 326
DEBUG   | 0x6000008e4600: try to load object 327
DEBUG   | 0x6000008e4600: try to load object 328
DEBUG   | 0x6000008e4600: try to load object 329
DEBUG   | 0x6000008e4600: try to load object 330
DEBUG   | 0x6000008e4600: try to load object 331
DEBUG   | 0x6000008e4600: try to load object 332
DEBUG   | 0x6000008e4600: try to load object 333
DEBUG   | 0x6000008e4600: try to load object 334
DEBUG   | 0x6000008e4600: try to load object 335
DEBUG   | 0x6000008e4600: try to load object 336
DEBUG   | 0x6000008e4600: try to load object 337
DEBUG   | 0x6000008e4600: try to load object 338
DEBUG   | 0x6000008e4600: try to load object 339
DEBUG   | 0x6000008e4600: try to load object 340
DEBUG   | 0x6000008e4600: try to load object 341
DEBUG   | 0x6000008e4600: try to load object 342
DEBUG   | 0x6000008e4600: try to load object 343
DEBUG   | 0x6000008e4600: try to load object 344
DEBUG   | 0x6000008e4600: try to load object 345
DEBUG   | 0x6000008e4600: try to load object 346
DEBUG   | 0x6000008e4600: try to load object 347
DEBUG   | 0x6000008e4600: try to load object 348
DEBUG   | 0x6000008e4600: try to load object 349
DEBUG   | 0x6000008e4600: try to load object 350
DEBUG   | 0x6000008e4600: try to load object 351
DEBUG   | 0x6000008e4600: try to load object 352
DEBUG   | 0x6000008e4600: try to load object 353
DEBUG   | 0x6000008e4600: try to load object 354
DEBUG   | 0x6000008e4600: try to load object 355
DEBUG   | 0x6000008e4600: try to load object 356
DEBUG   | 0x6000008e4600: try to load object 357
DEBUG   | 0x6000008e4600: try to load object 358
DEBUG   | 0x6000008e4600: try to load object 359
DEBUG   | 0x6000008e4600: try to load object 360
DEBUG   | 0x6000008e4600: try to load object 361
DEBUG   | 0x6000008e4600: try to load object 362
DEBUG   | 0x6000008e4600: try to load object 363
DEBUG   | 0x6000008e4600: try to load object 364
DEBUG   | 0x6000008e4600: try to load object 365
DEBUG   | 0x6000008e4600: try to load object 366
DEBUG   | 0x6000008e4600: try to load object 367
DEBUG   | 0x6000008e4600: try to load object 368
DEBUG   | 0x6000008e4600: try to load object 369
DEBUG   | 0x6000008e4600: try to load object 370
DEBUG   | 0x6000008e4600: try to load object 371
DEBUG   | 0x6000008e4600: try to load object 372
DEBUG   | 0x6000008e4600: try to load object 373
DEBUG   | 0x6000008e4600: try to load object 374
DEBUG   | 0x6000008e4600: try to load object 375
DEBUG   | 0x6000008e4600: try to load object 376
DEBUG   | 0x6000008e4600: try to load object 377
DEBUG   | 0x6000008e4600: try to load object 378
DEBUG   | 0x6000008e4600: try to load object 379
DEBUG   | 0x6000008e4600: try to load object 380
DEBUG   | 0x6000008e4600: try to load object 381
DEBUG   | 0x6000008e4600: try to load object 382
DEBUG   | 0x6000008e4600: try to load object 383
DEBUG   | 0x6000008e4600: try to load object 384
DEBUG   | 0x6000008e4600: try to load object 385
DEBUG   | 0x6000008e4600: try to load object 386
DEBUG   | 0x6000008e4600: try to load object 387
DEBUG   | 0x6000008e4600: try to load object 388
DEBUG   | 0x6000008e4600: try to load object 389
DEBUG   | 0x6000008e4600: try to load object 390
DEBUG   | 0x6000008e4600: try to load object 391
DEBUG   | 0x6000008e4600: try to load object 392
DEBUG   | 0x6000008e4600: try to load object 393
DEBUG   | 0x6000008e4600: try to load object 394
DEBUG   | 0x6000008e4600: try to load object 395
DEBUG   | 0x6000008e4600: try to load object 396
DEBUG   | 0x6000008e4600: try to load object 397
DEBUG   | 0x6000008e4600: try to load object 398
DEBUG   | 0x6000008e4600: try to load object 399
DEBUG   | 0x6000008e4600: try to load object 400
DEBUG   | 0x6000008e4600: try to load object 401
DEBUG   | 0x6000008e4600: try to load object 402
DEBUG   | ShareGroup::ShareGroup: 0x600000b87840: finish restore namespace for type 5

DEBUG   | ShareGroup::ShareGroup: 0x600000b87840: start restore namespace for type 6

DEBUG   | 0x6000008e4000: try to load object 1
DEBUG   | 0x6000008e4000: try to load object 2
DEBUG   | 0x6000008e4000: try to load object 3
DEBUG   | ShareGroup::ShareGroup: 0x600000b87840: finish restore namespace for type 6

DEBUG   | ShareGroup::ShareGroup: 0x600000b87840: start restore namespace for type 7

DEBUG   | ShareGroup::ShareGroup: 0x600000b87840: finish restore namespace for type 7

DEBUG   | ShareGroup::ShareGroup: 0x600000b87840: start restore namespace for type 8

DEBUG   | ShareGroup::ShareGroup: 0x600000b87840: finish restore namespace for type 8

DEBUG   | ShareGroup::ShareGroup: 0x600000b87840: start restore namespace for type 9

DEBUG   | ShareGroup::ShareGroup: 0x600000b87840: finish restore namespace for type 9

DEBUG   | 0x6000008ef300: try to load object 8
DEBUG   | 0x6000008ef300: try to load object 41
DEBUG   | 0x6000008ef300: try to load object 6
DEBUG   | 0x6000008ef300: try to load object 7
DEBUG   | 0x6000008ef300: try to load object 24
DEBUG   | 0x6000008ef300: try to load object 35
DEBUG   | 0x6000008ef300: try to load object 25
DEBUG   | 0x6000008ef300: try to load object 33
DEBUG   | 0x6000008ef300: try to load object 34
DEBUG   | 0x6000008ef300: try to load object 32
DEBUG   | 0x6000008ef300: try to load object 37
DEBUG   | ShareGroup::ShareGroup: 0x600000b87c00: start restore namespace for type 0

DEBUG   | ShareGroup::ShareGroup: 0x600000b87c00: finish restore namespace for type 0

DEBUG   | ShareGroup::ShareGroup: 0x600000b87c00: start restore namespace for type 1

DEBUG   | ShareGroup::ShareGroup: 0x600000b87c00: finish restore namespace for type 1

DEBUG   | ShareGroup::ShareGroup: 0x600000b87c00: start restore namespace for type 2

DEBUG   | 0x6000008e5000: try to load object 4294967296
DEBUG   | 0x6000008e5000: try to load object 4294967297
DEBUG   | ShareGroup::ShareGroup: 0x600000b87c00: finish restore namespace for type 2

DEBUG   | ShareGroup::ShareGroup: 0x600000b87c00: start restore namespace for type 3

DEBUG   | ShareGroup::ShareGroup: 0x600000b87c00: finish restore namespace for type 3

DEBUG   | ShareGroup::ShareGroup: 0x600000b87c00: start restore namespace for type 4

DEBUG   | ShareGroup::ShareGroup: 0x600000b87c00: finish restore namespace for type 4

DEBUG   | ShareGroup::ShareGroup: 0x600000b87c00: start restore namespace for type 5

DEBUG   | ShareGroup::ShareGroup: 0x600000b87c00: finish restore namespace for type 5

DEBUG   | ShareGroup::ShareGroup: 0x600000b87c00: start restore namespace for type 6

DEBUG   | ShareGroup::ShareGroup: 0x600000b87c00: finish restore namespace for type 6

DEBUG   | ShareGroup::ShareGroup: 0x600000b87c00: start restore namespace for type 7

DEBUG   | ShareGroup::ShareGroup: 0x600000b87c00: finish restore namespace for type 7

DEBUG   | ShareGroup::ShareGroup: 0x600000b87c00: start restore namespace for type 8

DEBUG   | ShareGroup::ShareGroup: 0x600000b87c00: finish restore namespace for type 8

DEBUG   | ShareGroup::ShareGroup: 0x600000b87c00: start restore namespace for type 9

DEBUG   | ShareGroup::ShareGroup: 0x600000b87c00: finish restore namespace for type 9

DEBUG   | ShareGroup::ShareGroup: 0x600000b87cf0: start restore namespace for type 0

DEBUG   | ShareGroup::ShareGroup: 0x600000b87cf0: finish restore namespace for type 0

DEBUG   | ShareGroup::ShareGroup: 0x600000b87cf0: start restore namespace for type 1

DEBUG   | ShareGroup::ShareGroup: 0x600000b87cf0: finish restore namespace for type 1

DEBUG   | ShareGroup::ShareGroup: 0x600000b87cf0: start restore namespace for type 2

DEBUG   | 0x6000008e5d00: try to load object 4294967296
DEBUG   | 0x6000008e5d00: try to load object 4294967297
DEBUG   | ShareGroup::ShareGroup: 0x600000b87cf0: finish restore namespace for type 2

DEBUG   | ShareGroup::ShareGroup: 0x600000b87cf0: start restore namespace for type 3

DEBUG   | ShareGroup::ShareGroup: 0x600000b87cf0: finish restore namespace for type 3

DEBUG   | ShareGroup::ShareGroup: 0x600000b87cf0: start restore namespace for type 4

DEBUG   | ShareGroup::ShareGroup: 0x600000b87cf0: finish restore namespace for type 4

DEBUG   | ShareGroup::ShareGroup: 0x600000b87cf0: start restore namespace for type 5

DEBUG   | ShareGroup::ShareGroup: 0x600000b87cf0: finish restore namespace for type 5

DEBUG   | ShareGroup::ShareGroup: 0x600000b87cf0: start restore namespace for type 6

DEBUG   | ShareGroup::ShareGroup: 0x600000b87cf0: finish restore namespace for type 6

DEBUG   | ShareGroup::ShareGroup: 0x600000b87cf0: start restore namespace for type 7

DEBUG   | ShareGroup::ShareGroup: 0x600000b87cf0: finish restore namespace for type 7

DEBUG   | ShareGroup::ShareGroup: 0x600000b87cf0: start restore namespace for type 8

DEBUG   | ShareGroup::ShareGroup: 0x600000b87cf0: finish restore namespace for type 8

DEBUG   | ShareGroup::ShareGroup: 0x600000b87cf0: start restore namespace for type 9

DEBUG   | ShareGroup::ShareGroup: 0x600000b87cf0: finish restore namespace for type 9

DEBUG   | ShareGroup::ShareGroup: 0x600000b87de0: start restore namespace for type 0

DEBUG   | ShareGroup::ShareGroup: 0x600000b87de0: finish restore namespace for type 0

DEBUG   | ShareGroup::ShareGroup: 0x600000b87de0: start restore namespace for type 1

DEBUG   | 0x6000008e6900: try to load object 1
DEBUG   | 0x6000008e6900: try to load object 2
DEBUG   | 0x6000008e6900: try to load object 3
DEBUG   | ShareGroup::ShareGroup: 0x600000b87de0: finish restore namespace for type 1

DEBUG   | ShareGroup::ShareGroup: 0x600000b87de0: start restore namespace for type 2

DEBUG   | 0x6000008e6a00: try to load object 4294967296
DEBUG   | 0x6000008e6a00: try to load object 4294967297
DEBUG   | 0x6000008e6a00: try to load object 18
DEBUG   | 0x6000008e6a00: try to load object 19
DEBUG   | 0x6000008e6a00: try to load object 20
DEBUG   | 0x6000008e6a00: try to load object 21
DEBUG   | ShareGroup::ShareGroup: 0x600000b87de0: finish restore namespace for type 2

DEBUG   | ShareGroup::ShareGroup: 0x600000b87de0: start restore namespace for type 3

DEBUG   | ShareGroup::ShareGroup: 0x600000b87de0: finish restore namespace for type 3

DEBUG   | ShareGroup::ShareGroup: 0x600000b87de0: start restore namespace for type 4

DEBUG   | ShareGroup::ShareGroup: 0x600000b87de0: finish restore namespace for type 4

DEBUG   | ShareGroup::ShareGroup: 0x600000b87de0: start restore namespace for type 5

DEBUG   | 0x6000008e6d00: try to load object 1
DEBUG   | 0x6000008e6d00: try to load object 2
DEBUG   | 0x6000008e6d00: try to load object 3
DEBUG   | 0x6000008e6d00: try to load object 4
DEBUG   | 0x6000008e6d00: try to load object 5
DEBUG   | 0x6000008e6d00: try to load object 6
DEBUG   | 0x6000008e6d00: try to load object 7
DEBUG   | 0x6000008e6d00: try to load object 8
DEBUG   | 0x6000008e6d00: try to load object 9
DEBUG   | 0x6000008e6d00: try to load object 10
DEBUG   | 0x6000008e6d00: try to load object 11
DEBUG   | 0x6000008e6d00: try to load object 12
DEBUG   | 0x6000008e6d00: try to load object 13
DEBUG   | 0x6000008e6d00: try to load object 14
DEBUG   | 0x6000008e6d00: try to load object 15
DEBUG   | ShareGroup::ShareGroup: 0x600000b87de0: finish restore namespace for type 5

DEBUG   | ShareGroup::ShareGroup: 0x600000b87de0: start restore namespace for type 6

DEBUG   | 0x6000008e6e00: try to load object 1
DEBUG   | 0x6000008e6e00: try to load object 2
DEBUG   | ShareGroup::ShareGroup: 0x600000b87de0: finish restore namespace for type 6

DEBUG   | ShareGroup::ShareGroup: 0x600000b87de0: start restore namespace for type 7

DEBUG   | ShareGroup::ShareGroup: 0x600000b87de0: finish restore namespace for type 7

DEBUG   | ShareGroup::ShareGroup: 0x600000b87de0: start restore namespace for type 8

DEBUG   | ShareGroup::ShareGroup: 0x600000b87de0: finish restore namespace for type 8

DEBUG   | ShareGroup::ShareGroup: 0x600000b87de0: start restore namespace for type 9

DEBUG   | ShareGroup::ShareGroup: 0x600000b87de0: finish restore namespace for type 9

DEBUG   | ShareGroup::ShareGroup: 0x600000b87ed0: start restore namespace for type 0

DEBUG   | ShareGroup::ShareGroup: 0x600000b87ed0: finish restore namespace for type 0

DEBUG   | ShareGroup::ShareGroup: 0x600000b87ed0: start restore namespace for type 1

DEBUG   | 0x6000008e7600: try to load object 12
DEBUG   | 0x6000008e7600: try to load object 14813
DEBUG   | 0x6000008e7600: try to load object 14814
DEBUG   | 0x6000008e7600: try to load object 5
DEBUG   | 0x6000008e7600: try to load object 14815
DEBUG   | ShareGroup::ShareGroup: 0x600000b87ed0: finish restore namespace for type 1

DEBUG   | ShareGroup::ShareGroup: 0x600000b87ed0: start restore namespace for type 2

DEBUG   | 0x6000008e7700: try to load object 4294967297
DEBUG   | 0x6000008e7700: try to load object 4294967296
DEBUG   | 0x6000008e7700: try to load object 37820
DEBUG   | 0x6000008e7700: try to load object 37814
DEBUG   | 0x6000008e7700: try to load object 8
DEBUG   | 0x6000008e7700: try to load object 37815
DEBUG   | 0x6000008e7700: try to load object 37817
DEBUG   | 0x6000008e7700: try to load object 37818
DEBUG   | 0x6000008e7700: try to load object 37819
DEBUG   | 0x6000008e7700: try to load object 37816
DEBUG   | 0x6000008e7700: try to load object 37821
DEBUG   | ShareGroup::ShareGroup: 0x600000b87ed0: finish restore namespace for type 2

DEBUG   | ShareGroup::ShareGroup: 0x600000b87ed0: start restore namespace for type 3

DEBUG   | 0x6000008e7800: try to load object 4919
DEBUG   | 0x6000008e7800: try to load object 4980
DEBUG   | ShareGroup::ShareGroup: 0x600000b87ed0: finish restore namespace for type 3

DEBUG   | ShareGroup::ShareGroup: 0x600000b87ed0: start restore namespace for type 4

DEBUG   | ShareGroup::ShareGroup: 0x600000b87ed0: finish restore namespace for type 4

DEBUG   | ShareGroup::ShareGroup: 0x600000b87ed0: start restore namespace for type 5

DEBUG   | 0x6000008e7a00: try to load object 1
DEBUG   | 0x6000008e7a00: try to load object 2
DEBUG   | 0x6000008e7a00: try to load object 3
DEBUG   | 0x6000008e7a00: try to load object 4
DEBUG   | 0x6000008e7a00: try to load object 5
DEBUG   | 0x6000008e7a00: try to load object 6
DEBUG   | 0x6000008e7a00: try to load object 7
DEBUG   | 0x6000008e7a00: try to load object 8
DEBUG   | 0x6000008e7a00: try to load object 9
DEBUG   | 0x6000008e7a00: try to load object 10
DEBUG   | 0x6000008e7a00: try to load object 11
DEBUG   | 0x6000008e7a00: try to load object 12
DEBUG   | 0x6000008e7a00: try to load object 13
DEBUG   | 0x6000008e7a00: try to load object 14
DEBUG   | 0x6000008e7a00: try to load object 15
DEBUG   | 0x6000008e7a00: try to load object 16
DEBUG   | 0x6000008e7a00: try to load object 17
DEBUG   | 0x6000008e7a00: try to load object 18
DEBUG   | 0x6000008e7a00: try to load object 19
DEBUG   | 0x6000008e7a00: try to load object 20
DEBUG   | 0x6000008e7a00: try to load object 21
DEBUG   | 0x6000008e7a00: try to load object 22
DEBUG   | 0x6000008e7a00: try to load object 23
DEBUG   | 0x6000008e7a00: try to load object 24
DEBUG   | 0x6000008e7a00: try to load object 25
DEBUG   | 0x6000008e7a00: try to load object 26
DEBUG   | 0x6000008e7a00: try to load object 27
DEBUG   | 0x6000008e7a00: try to load object 28
DEBUG   | 0x6000008e7a00: try to load object 29
DEBUG   | 0x6000008e7a00: try to load object 30
DEBUG   | 0x6000008e7a00: try to load object 31
DEBUG   | 0x6000008e7a00: try to load object 32
DEBUG   | 0x6000008e7a00: try to load object 33
DEBUG   | 0x6000008e7a00: try to load object 34
DEBUG   | 0x6000008e7a00: try to load object 35
DEBUG   | 0x6000008e7a00: try to load object 36
DEBUG   | 0x6000008e7a00: try to load object 37
DEBUG   | 0x6000008e7a00: try to load object 38
DEBUG   | 0x6000008e7a00: try to load object 39
DEBUG   | 0x6000008e7a00: try to load object 40
DEBUG   | 0x6000008e7a00: try to load object 41
DEBUG   | 0x6000008e7a00: try to load object 42
DEBUG   | 0x6000008e7a00: try to load object 43
DEBUG   | 0x6000008e7a00: try to load object 44
DEBUG   | 0x6000008e7a00: try to load object 45
DEBUG   | 0x6000008e7a00: try to load object 46
DEBUG   | 0x6000008e7a00: try to load object 47
DEBUG   | 0x6000008e7a00: try to load object 48
DEBUG   | 0x6000008e7a00: try to load object 49
DEBUG   | 0x6000008e7a00: try to load object 50
DEBUG   | 0x6000008e7a00: try to load object 51
DEBUG   | 0x6000008e7a00: try to load object 52
DEBUG   | 0x6000008e7a00: try to load object 53
DEBUG   | 0x6000008e7a00: try to load object 54
DEBUG   | 0x6000008e7a00: try to load object 55
DEBUG   | 0x6000008e7a00: try to load object 56
DEBUG   | 0x6000008e7a00: try to load object 57
DEBUG   | 0x6000008e7a00: try to load object 58
DEBUG   | 0x6000008e7a00: try to load object 59
DEBUG   | 0x6000008e7a00: try to load object 60
DEBUG   | 0x6000008e7a00: try to load object 61
DEBUG   | 0x6000008e7a00: try to load object 62
DEBUG   | 0x6000008e7a00: try to load object 63
DEBUG   | ShareGroup::ShareGroup: 0x600000b87ed0: finish restore namespace for type 5

DEBUG   | ShareGroup::ShareGroup: 0x600000b87ed0: start restore namespace for type 6

DEBUG   | 0x6000008e7400: try to load object 1
DEBUG   | 0x6000008e7400: try to load object 2
DEBUG   | ShareGroup::ShareGroup: 0x600000b87ed0: finish restore namespace for type 6

DEBUG   | ShareGroup::ShareGroup: 0x600000b87ed0: start restore namespace for type 7

DEBUG   | ShareGroup::ShareGroup: 0x600000b87ed0: finish restore namespace for type 7

DEBUG   | ShareGroup::ShareGroup: 0x600000b87ed0: start restore namespace for type 8

DEBUG   | ShareGroup::ShareGroup: 0x600000b87ed0: finish restore namespace for type 8

DEBUG   | ShareGroup::ShareGroup: 0x600000b87ed0: start restore namespace for type 9

DEBUG   | ShareGroup::ShareGroup: 0x600000b87ed0: finish restore namespace for type 9

DEBUG   | 0x6000008e6700: try to load object 24731
DEBUG   | 0x6000008e6700: try to load object 24732
DEBUG   | 0x6000008e6700: try to load object 24733
DEBUG   | 0x6000008e6700: try to load object 24734
DEBUG   | 0x6000008e6700: try to load object 24735
DEBUG   | ShareGroup::ShareGroup: 0x600000b9afd0: start restore namespace for type 0

DEBUG   | ShareGroup::ShareGroup: 0x600000b9afd0: finish restore namespace for type 0

DEBUG   | ShareGroup::ShareGroup: 0x600000b9afd0: start restore namespace for type 1

DEBUG   | 0x6000008f8100: try to load object 5
DEBUG   | 0x6000008f8100: try to load object 6
DEBUG   | 0x6000008f8100: try to load object 11
DEBUG   | 0x6000008f8100: try to load object 7
DEBUG   | 0x6000008f8100: try to load object 12
DEBUG   | 0x6000008f8100: try to load object 13
DEBUG   | ShareGroup::ShareGroup: 0x600000b9afd0: finish restore namespace for type 1

DEBUG   | ShareGroup::ShareGroup: 0x600000b9afd0: start restore namespace for type 2

DEBUG   | 0x6000008f8200: try to load object 240
DEBUG   | 0x6000008f8200: try to load object 227
DEBUG   | 0x6000008f8200: try to load object 146
DEBUG   | 0x6000008f8200: try to load object 153
DEBUG   | 0x6000008f8200: try to load object 155
DEBUG   | 0x6000008f8200: try to load object 161
DEBUG   | 0x6000008f8200: try to load object 162
DEBUG   | 0x6000008f8200: try to load object 163
DEBUG   | 0x6000008f8200: try to load object 164
DEBUG   | 0x6000008f8200: try to load object 166
DEBUG   | 0x6000008f8200: try to load object 170
DEBUG   | 0x6000008f8200: try to load object 176
DEBUG   | 0x6000008f8200: try to load object 177
DEBUG   | 0x6000008f8200: try to load object 179
DEBUG   | 0x6000008f8200: try to load object 182
DEBUG   | 0x6000008f8200: try to load object 183
DEBUG   | 0x6000008f8200: try to load object 184
DEBUG   | 0x6000008f8200: try to load object 185
DEBUG   | 0x6000008f8200: try to load object 193
DEBUG   | 0x6000008f8200: try to load object 195
DEBUG   | 0x6000008f8200: try to load object 203
DEBUG   | 0x6000008f8200: try to load object 204
DEBUG   | 0x6000008f8200: try to load object 205
DEBUG   | 0x6000008f8200: try to load object 206
DEBUG   | 0x6000008f8200: try to load object 214
DEBUG   | 0x6000008f8200: try to load object 215
DEBUG   | 0x6000008f8200: try to load object 216
DEBUG   | 0x6000008f8200: try to load object 120
DEBUG   | 0x6000008f8200: try to load object 217
DEBUG   | 0x6000008f8200: try to load object 218
DEBUG   | 0x6000008f8200: try to load object 219
DEBUG   | 0x6000008f8200: try to load object 220
DEBUG   | 0x6000008f8200: try to load object 221
DEBUG   | 0x6000008f8200: try to load object 222
DEBUG   | 0x6000008f8200: try to load object 131
DEBUG   | 0x6000008f8200: try to load object 228
DEBUG   | 0x6000008f8200: try to load object 4294967296
DEBUG   | 0x6000008f8200: try to load object 132
DEBUG   | 0x6000008f8200: try to load object 229
DEBUG   | 0x6000008f8200: try to load object 4294967297
DEBUG   | 0x6000008f8200: try to load object 230
DEBUG   | 0x6000008f8200: try to load object 134
DEBUG   | 0x6000008f8200: try to load object 231
DEBUG   | 0x6000008f8200: try to load object 135
DEBUG   | 0x6000008f8200: try to load object 232
DEBUG   | 0x6000008f8200: try to load object 186
DEBUG   | 0x6000008f8200: try to load object 136
DEBUG   | 0x6000008f8200: try to load object 233
DEBUG   | 0x6000008f8200: try to load object 187
DEBUG   | 0x6000008f8200: try to load object 137
DEBUG   | 0x6000008f8200: try to load object 234
DEBUG   | 0x6000008f8200: try to load object 192
DEBUG   | 0x6000008f8200: try to load object 239
DEBUG   | 0x6000008f8200: try to load object 194
DEBUG   | 0x6000008f8200: try to load object 144
DEBUG   | 0x6000008f8200: try to load object 241
DEBUG   | 0x6000008f8200: try to load object 188
DEBUG   | 0x6000008f8200: try to load object 138
DEBUG   | 0x6000008f8200: try to load object 235
DEBUG   | 0x6000008f8200: try to load object 223
DEBUG   | 0x6000008f8200: try to load object 246
DEBUG   | 0x6000008f8200: try to load object 189
DEBUG   | 0x6000008f8200: try to load object 139
DEBUG   | 0x6000008f8200: try to load object 236
DEBUG   | 0x6000008f8200: try to load object 30
DEBUG   | 0x6000008f8200: try to load object 127
DEBUG   | 0x6000008f8200: try to load object 224
DEBUG   | 0x6000008f8200: try to load object 150
DEBUG   | 0x6000008f8200: try to load object 247
DEBUG   | 0x6000008f8200: try to load object 190
DEBUG   | 0x6000008f8200: try to load object 237
DEBUG   | 0x6000008f8200: try to load object 225
DEBUG   | 0x6000008f8200: try to load object 201
DEBUG   | 0x6000008f8200: try to load object 248
DEBUG   | 0x6000008f8200: try to load object 244
DEBUG   | 0x6000008f8200: try to load object 191
DEBUG   | 0x6000008f8200: try to load object 141
DEBUG   | 0x6000008f8200: try to load object 238
DEBUG   | 0x6000008f8200: try to load object 226
DEBUG   | 0x6000008f8200: try to load object 202
DEBUG   | 0x6000008f8200: try to load object 152
DEBUG   | 0x6000008f8200: try to load object 249
DEBUG   | ShareGroup::ShareGroup: 0x600000b9afd0: finish restore namespace for type 2

DEBUG   | ShareGroup::ShareGroup: 0x600000b9afd0: start restore namespace for type 3

DEBUG   | ShareGroup::ShareGroup: 0x600000b9afd0: finish restore namespace for type 3

DEBUG   | ShareGroup::ShareGroup: 0x600000b9afd0: start restore namespace for type 4

DEBUG   | ShareGroup::ShareGroup: 0x600000b9afd0: finish restore namespace for type 4

DEBUG   | ShareGroup::ShareGroup: 0x600000b9afd0: start restore namespace for type 5

DEBUG   | 0x6000008f8500: try to load object 1
DEBUG   | 0x6000008f8500: try to load object 2
DEBUG   | 0x6000008f8500: try to load object 3
DEBUG   | 0x6000008f8500: try to load object 4
DEBUG   | 0x6000008f8500: try to load object 5
DEBUG   | 0x6000008f8500: try to load object 6
DEBUG   | 0x6000008f8500: try to load object 7
DEBUG   | 0x6000008f8500: try to load object 8
DEBUG   | 0x6000008f8500: try to load object 9
DEBUG   | 0x6000008f8500: try to load object 10
DEBUG   | 0x6000008f8500: try to load object 11
DEBUG   | 0x6000008f8500: try to load object 12
DEBUG   | 0x6000008f8500: try to load object 13
DEBUG   | 0x6000008f8500: try to load object 14
DEBUG   | 0x6000008f8500: try to load object 15
DEBUG   | 0x6000008f8500: try to load object 16
DEBUG   | 0x6000008f8500: try to load object 17
DEBUG   | 0x6000008f8500: try to load object 18
DEBUG   | 0x6000008f8500: try to load object 19
DEBUG   | 0x6000008f8500: try to load object 20
DEBUG   | 0x6000008f8500: try to load object 21
DEBUG   | 0x6000008f8500: try to load object 22
DEBUG   | 0x6000008f8500: try to load object 23
DEBUG   | 0x6000008f8500: try to load object 24
DEBUG   | 0x6000008f8500: try to load object 25
DEBUG   | 0x6000008f8500: try to load object 26
DEBUG   | 0x6000008f8500: try to load object 27
DEBUG   | 0x6000008f8500: try to load object 28
DEBUG   | 0x6000008f8500: try to load object 29
DEBUG   | 0x6000008f8500: try to load object 30
DEBUG   | 0x6000008f8500: try to load object 31
DEBUG   | 0x6000008f8500: try to load object 32
DEBUG   | 0x6000008f8500: try to load object 33
DEBUG   | 0x6000008f8500: try to load object 34
DEBUG   | 0x6000008f8500: try to load object 35
DEBUG   | 0x6000008f8500: try to load object 36
DEBUG   | 0x6000008f8500: try to load object 37
DEBUG   | 0x6000008f8500: try to load object 38
DEBUG   | 0x6000008f8500: try to load object 39
DEBUG   | 0x6000008f8500: try to load object 40
DEBUG   | 0x6000008f8500: try to load object 41
DEBUG   | 0x6000008f8500: try to load object 42
DEBUG   | 0x6000008f8500: try to load object 43
DEBUG   | 0x6000008f8500: try to load object 44
DEBUG   | 0x6000008f8500: try to load object 45
DEBUG   | 0x6000008f8500: try to load object 46
DEBUG   | 0x6000008f8500: try to load object 47
DEBUG   | 0x6000008f8500: try to load object 48
DEBUG   | 0x6000008f8500: try to load object 49
DEBUG   | 0x6000008f8500: try to load object 50
DEBUG   | 0x6000008f8500: try to load object 51
DEBUG   | 0x6000008f8500: try to load object 52
DEBUG   | 0x6000008f8500: try to load object 53
DEBUG   | 0x6000008f8500: try to load object 54
DEBUG   | 0x6000008f8500: try to load object 55
DEBUG   | 0x6000008f8500: try to load object 56
DEBUG   | 0x6000008f8500: try to load object 57
DEBUG   | 0x6000008f8500: try to load object 58
DEBUG   | 0x6000008f8500: try to load object 59
DEBUG   | 0x6000008f8500: try to load object 60
DEBUG   | 0x6000008f8500: try to load object 61
DEBUG   | 0x6000008f8500: try to load object 62
DEBUG   | 0x6000008f8500: try to load object 63
DEBUG   | 0x6000008f8500: try to load object 64
DEBUG   | 0x6000008f8500: try to load object 65
DEBUG   | 0x6000008f8500: try to load object 66
DEBUG   | 0x6000008f8500: try to load object 67
DEBUG   | 0x6000008f8500: try to load object 68
DEBUG   | 0x6000008f8500: try to load object 69
DEBUG   | 0x6000008f8500: try to load object 70
DEBUG   | 0x6000008f8500: try to load object 71
DEBUG   | 0x6000008f8500: try to load object 72
DEBUG   | 0x6000008f8500: try to load object 73
DEBUG   | 0x6000008f8500: try to load object 74
DEBUG   | 0x6000008f8500: try to load object 75
DEBUG   | 0x6000008f8500: try to load object 76
DEBUG   | 0x6000008f8500: try to load object 77
DEBUG   | 0x6000008f8500: try to load object 78
DEBUG   | 0x6000008f8500: try to load object 79
DEBUG   | 0x6000008f8500: try to load object 80
DEBUG   | 0x6000008f8500: try to load object 81
DEBUG   | 0x6000008f8500: try to load object 82
DEBUG   | 0x6000008f8500: try to load object 83
DEBUG   | 0x6000008f8500: try to load object 84
DEBUG   | 0x6000008f8500: try to load object 85
DEBUG   | 0x6000008f8500: try to load object 86
DEBUG   | 0x6000008f8500: try to load object 87
DEBUG   | 0x6000008f8500: try to load object 88
DEBUG   | 0x6000008f8500: try to load object 89
DEBUG   | 0x6000008f8500: try to load object 90
DEBUG   | 0x6000008f8500: try to load object 91
DEBUG   | 0x6000008f8500: try to load object 92
DEBUG   | 0x6000008f8500: try to load object 93
DEBUG   | 0x6000008f8500: try to load object 94
DEBUG   | 0x6000008f8500: try to load object 95
DEBUG   | 0x6000008f8500: try to load object 96
DEBUG   | 0x6000008f8500: try to load object 97
DEBUG   | 0x6000008f8500: try to load object 98
DEBUG   | 0x6000008f8500: try to load object 99
DEBUG   | 0x6000008f8500: try to load object 100
DEBUG   | 0x6000008f8500: try to load object 101
DEBUG   | 0x6000008f8500: try to load object 102
DEBUG   | 0x6000008f8500: try to load object 103
DEBUG   | 0x6000008f8500: try to load object 104
DEBUG   | 0x6000008f8500: try to load object 105
DEBUG   | ShareGroup::ShareGroup: 0x600000b9afd0: finish restore namespace for type 5

DEBUG   | ShareGroup::ShareGroup: 0x600000b9afd0: start restore namespace for type 6

DEBUG   | 0x6000008f8600: try to load object 1
DEBUG   | 0x6000008f8600: try to load object 2
DEBUG   | 0x6000008f8600: try to load object 3
DEBUG   | ShareGroup::ShareGroup: 0x600000b9afd0: finish restore namespace for type 6

DEBUG   | ShareGroup::ShareGroup: 0x600000b9afd0: start restore namespace for type 7

DEBUG   | ShareGroup::ShareGroup: 0x600000b9afd0: finish restore namespace for type 7

DEBUG   | ShareGroup::ShareGroup: 0x600000b9afd0: start restore namespace for type 8

DEBUG   | ShareGroup::ShareGroup: 0x600000b9afd0: finish restore namespace for type 8

DEBUG   | ShareGroup::ShareGroup: 0x600000b9afd0: start restore namespace for type 9

DEBUG   | ShareGroup::ShareGroup: 0x600000b9afd0: finish restore namespace for type 9

DEBUG   | 0x6000008e7e00: try to load object 103
DEBUG   | 0x6000008e7e00: try to load object 82
DEBUG   | 0x6000008e7e00: try to load object 88
DEBUG   | 0x6000008e7e00: try to load object 90
DEBUG   | 0x6000008e7e00: try to load object 91
DEBUG   | 0x6000008e7e00: try to load object 93
DEBUG   | 0x6000008e7e00: try to load object 99
DEBUG   | 0x6000008e7e00: try to load object 106
DEBUG   | 0x6000008e7e00: try to load object 107
DEBUG   | 0x6000008e7e00: try to load object 109
DEBUG   | 0x6000008e7e00: try to load object 110
DEBUG   | 0x6000008e7e00: try to load object 111
DEBUG   | 0x6000008e7e00: try to load object 112
DEBUG   | 0x6000008e7e00: try to load object 119
DEBUG   | 0x6000008e7e00: try to load object 122
DEBUG   | 0x6000008e7e00: try to load object 123
DEBUG   | 0x6000008e7e00: try to load object 126
DEBUG   | 0x6000008e7e00: try to load object 127
DEBUG   | 0x6000008e7e00: try to load object 128
DEBUG   | 0x6000008e7e00: try to load object 129
DEBUG   | 0x6000008e7e00: try to load object 130
DEBUG   | 0x6000008e7e00: try to load object 131
DEBUG   | 0x6000008e7e00: try to load object 138
DEBUG   | 0x6000008e7e00: try to load object 139
DEBUG   | 0x6000008e7e00: try to load object 140
DEBUG   | 0x6000008e7e00: try to load object 141
DEBUG   | 0x6000008e7e00: try to load object 142
DEBUG   | 0x6000008e7e00: try to load object 143
DEBUG   | 0x6000008e7e00: try to load object 144
DEBUG   | 0x6000008e7e00: try to load object 146
DEBUG   | 0x6000008e7e00: try to load object 147
DEBUG   | 0x6000008e7e00: try to load object 148
DEBUG   | 0x6000008e7e00: try to load object 149
DEBUG   | 0x6000008e7e00: try to load object 150
DEBUG   | 0x6000008e7e00: try to load object 151
DEBUG   | 0x6000008e7e00: try to load object 152
DEBUG   | 0x6000008e7e00: try to load object 153
DEBUG   | 0x6000008e7e00: try to load object 154
DEBUG   | 0x6000008e7e00: try to load object 155
DEBUG   | 0x6000008e7e00: try to load object 156
DEBUG   | 0x6000008e7e00: try to load object 158
DEBUG   | 0x6000008e7e00: try to load object 159
DEBUG   | 0x6000008e7e00: try to load object 113
DEBUG   | 0x6000008e7e00: try to load object 160
DEBUG   | 0x6000008e7e00: try to load object 114
DEBUG   | 0x6000008e7e00: try to load object 161
DEBUG   | 0x6000008e7e00: try to load object 115
DEBUG   | 0x6000008e7e00: try to load object 162
DEBUG   | 0x6000008e7e00: try to load object 117
DEBUG   | 0x6000008e7e00: try to load object 164
DEBUG   | 0x6000008e7e00: try to load object 118
DEBUG   | 0x6000008e7e00: try to load object 165
DEBUG   | 0x6000008e7e00: try to load object 120
DEBUG   | 0x6000008e7e00: try to load object 167
DEBUG   | 0x6000008e7e00: try to load object 116
DEBUG   | 0x6000008e7e00: try to load object 163
DEBUG   | 0x6000008e7e00: try to load object 157
DEBUG   | 0x6000008e7e00: try to load object 145
DEBUG   | 0x6000008e7e00: try to load object 121
DEBUG   | 0x6000008e7e00: try to load object 168
DEBUG   | ShareGroup::ShareGroup: 0x600000b9c2d0: start restore namespace for type 0

DEBUG   | ShareGroup::ShareGroup: 0x600000b9c2d0: finish restore namespace for type 0

DEBUG   | ShareGroup::ShareGroup: 0x600000b9c2d0: start restore namespace for type 1

DEBUG   | ShareGroup::ShareGroup: 0x600000b9c2d0: finish restore namespace for type 1

DEBUG   | ShareGroup::ShareGroup: 0x600000b9c2d0: start restore namespace for type 2

DEBUG   | 0x6000008f9000: try to load object 4294967296
DEBUG   | 0x6000008f9000: try to load object 4294967297
DEBUG   | ShareGroup::ShareGroup: 0x600000b9c2d0: finish restore namespace for type 2

DEBUG   | ShareGroup::ShareGroup: 0x600000b9c2d0: start restore namespace for type 3

DEBUG   | ShareGroup::ShareGroup: 0x600000b9c2d0: finish restore namespace for type 3

DEBUG   | ShareGroup::ShareGroup: 0x600000b9c2d0: start restore namespace for type 4

DEBUG   | ShareGroup::ShareGroup: 0x600000b9c2d0: finish restore namespace for type 4

DEBUG   | ShareGroup::ShareGroup: 0x600000b9c2d0: start restore namespace for type 5

DEBUG   | ShareGroup::ShareGroup: 0x600000b9c2d0: finish restore namespace for type 5

DEBUG   | ShareGroup::ShareGroup: 0x600000b9c2d0: start restore namespace for type 6

DEBUG   | ShareGroup::ShareGroup: 0x600000b9c2d0: finish restore namespace for type 6

DEBUG   | ShareGroup::ShareGroup: 0x600000b9c2d0: start restore namespace for type 7

DEBUG   | ShareGroup::ShareGroup: 0x600000b9c2d0: finish restore namespace for type 7

DEBUG   | ShareGroup::ShareGroup: 0x600000b9c2d0: start restore namespace for type 8

DEBUG   | ShareGroup::ShareGroup: 0x600000b9c2d0: finish restore namespace for type 8

DEBUG   | ShareGroup::ShareGroup: 0x600000b9c2d0: start restore namespace for type 9

DEBUG   | ShareGroup::ShareGroup: 0x600000b9c2d0: finish restore namespace for type 9

DEBUG   | ColorBuffer 1350, 32x32, VK_FORMAT_R8G8B8A8_UNORM, Memory [size: 4096, type: 0, props: 15 / 1]
DEBUG   | ColorBuffer 1347, 1x1, VK_FORMAT_R8G8B8A8_UNORM, Memory [size: 16, type: 0, props: 15 / 1]
DEBUG   | ColorBuffer 1344, 173x173, VK_FORMAT_R8G8B8A8_UNORM, Memory [size: 121104, type: 0, props: 15 / 1]
DEBUG   | ColorBuffer 1343, 1x1, VK_FORMAT_R8G8B8A8_UNORM, Memory [size: 16, type: 0, props: 15 / 1]
DEBUG   | ColorBuffer 1340, 173x173, VK_FORMAT_R8G8B8A8_UNORM, Memory [size: 121104, type: 0, props: 15 / 1]
DEBUG   | ColorBuffer 1334, 1192x674, VK_FORMAT_R8G8B8A8_UNORM, Memory [size: 3213632, type: 0, props: 15 / 1]
DEBUG   | ColorBuffer 1333, 1192x674, VK_FORMAT_R8G8B8A8_UNORM, Memory [size: 3213632, type: 0, props: 15 / 1]
DEBUG   | ColorBuffer 1302, 1x1, VK_FORMAT_R8G8B8A8_UNORM, Memory [size: 16, type: 0, props: 15 / 1]
DEBUG   | ColorBuffer 1291, 1x1, VK_FORMAT_R8G8B8A8_UNORM, Memory [size: 16, type: 0, props: 15 / 1]
DEBUG   | ColorBuffer 1281, 1x1, VK_FORMAT_R8G8B8A8_UNORM, Memory [size: 16, type: 0, props: 15 / 1]
DEBUG   | ColorBuffer 1267, 1x1, VK_FORMAT_R8G8B8A8_UNORM, Memory [size: 16, type: 0, props: 15 / 1]
DEBUG   | ColorBuffer 1262, 1x1, VK_FORMAT_R8G8B8A8_UNORM, Memory [size: 16, type: 0, props: 15 / 1]
DEBUG   | ColorBuffer 1248, 1080x2424, VK_FORMAT_R8G8B8A8_UNORM, Memory [size: 10471680, type: 0, props: 15 / 1]
DEBUG   | ColorBuffer 1238, 1x1, VK_FORMAT_R8G8B8A8_UNORM, Memory [size: 16, type: 0, props: 15 / 1]
DEBUG   | ColorBuffer 1235, 173x173, VK_FORMAT_R8G8B8A8_UNORM, Memory [size: 121104, type: 0, props: 15 / 1]
DEBUG   | ColorBuffer 1182, 173x173, VK_FORMAT_R8G8B8A8_UNORM, Memory [size: 121104, type: 0, props: 15 / 1]
DEBUG   | ColorBuffer 1181, 1x1, VK_FORMAT_R8G8B8A8_UNORM, Memory [size: 16, type: 0, props: 15 / 1]
DEBUG   | ColorBuffer 1177, 1x1, VK_FORMAT_R8G8B8A8_UNORM, Memory [size: 16, type: 0, props: 15 / 1]
DEBUG   | ColorBuffer 963, 1x1, VK_FORMAT_R8G8B8A8_UNORM, Memory [size: 16, type: 0, props: 15 / 1]
DEBUG   | ColorBuffer 960, 173x173, VK_FORMAT_R8G8B8A8_UNORM, Memory [size: 121104, type: 0, props: 15 / 1]
DEBUG   | ColorBuffer 1325, 1x1, VK_FORMAT_R8G8B8A8_UNORM, Memory [size: 16, type: 0, props: 15 / 1]
DEBUG   | ColorBuffer 931, 63x63, VK_FORMAT_R8G8B8A8_UNORM, Memory [size: 16384, type: 0, props: 15 / 1]
DEBUG   | ColorBuffer 930, 1x1, VK_FORMAT_R8G8B8A8_UNORM, Memory [size: 16, type: 0, props: 15 / 1]
DEBUG   | ColorBuffer 927, 63x63, VK_FORMAT_R8G8B8A8_UNORM, Memory [size: 16384, type: 0, props: 15 / 1]
DEBUG   | ColorBuffer 921, 1x1, VK_FORMAT_R8G8B8A8_UNORM, Memory [size: 16, type: 0, props: 15 / 1]
DEBUG   | ColorBuffer 866, 1x1, VK_FORMAT_R8G8B8A8_UNORM, Memory [size: 16, type: 0, props: 15 / 1]
DEBUG   | ColorBuffer 1251, 1080x2424, VK_FORMAT_R8G8B8A8_UNORM, Memory [size: 10471680, type: 0, props: 15 / 1]
DEBUG   | ColorBuffer 857, 1x1, VK_FORMAT_R8G8B8A8_UNORM, Memory [size: 16, type: 0, props: 15 / 1]
DEBUG   | ColorBuffer 1242, 1x1, VK_FORMAT_R8G8B8A8_UNORM, Memory [size: 16, type: 0, props: 15 / 1]
DEBUG   | ColorBuffer 848, 1x1, VK_FORMAT_R8G8B8A8_UNORM, Memory [size: 16, type: 0, props: 15 / 1]
DEBUG   | ColorBuffer 816, 1x1, VK_FORMAT_R8G8B8A8_UNORM, Memory [size: 16, type: 0, props: 15 / 1]
DEBUG   | ColorBuffer 800, 1x1, VK_FORMAT_R8G8B8A8_UNORM, Memory [size: 16, type: 0, props: 15 / 1]
DEBUG   | ColorBuffer 757, 1x1, VK_FORMAT_R8G8B8A8_UNORM, Memory [size: 16, type: 0, props: 15 / 1]
DEBUG   | ColorBuffer 1339, 173x173, VK_FORMAT_R8G8B8A8_UNORM, Memory [size: 121104, type: 0, props: 15 / 1]
DEBUG   | ColorBuffer 748, 1x1, VK_FORMAT_R8G8B8A8_UNORM, Memory [size: 16, type: 0, props: 15 / 1]
DEBUG   | ColorBuffer 705, 1x1, VK_FORMAT_R8G8B8A8_UNORM, Memory [size: 16, type: 0, props: 15 / 1]
DEBUG   | ColorBuffer 687, 1x1, VK_FORMAT_R8G8B8A8_UNORM, Memory [size: 16, type: 0, props: 15 / 1]
DEBUG   | ColorBuffer 684, 173x173, VK_FORMAT_R8G8B8A8_UNORM, Memory [size: 121104, type: 0, props: 15 / 1]
DEBUG   | ColorBuffer 683, 1x1, VK_FORMAT_R8G8B8A8_UNORM, Memory [size: 16, type: 0, props: 15 / 1]
DEBUG   | ColorBuffer 1255, 1x1, VK_FORMAT_R8G8B8A8_UNORM, Memory [size: 16, type: 0, props: 15 / 1]
DEBUG   | ColorBuffer 641, 173x173, VK_FORMAT_R8G8B8A8_UNORM, Memory [size: 121104, type: 0, props: 15 / 1]
DEBUG   | ColorBuffer 613, 173x173, VK_FORMAT_R8G8B8A8_UNORM, Memory [size: 121104, type: 0, props: 15 / 1]
DEBUG   | ColorBuffer 611, 173x173, VK_FORMAT_R8G8B8A8_UNORM, Memory [size: 121104, type: 0, props: 15 / 1]
DEBUG   | ColorBuffer 124, 42x42, VK_FORMAT_R8G8B8A8_UNORM, Memory [size: 7056, type: 0, props: 15 / 1]
DEBUG   | ColorBuffer 517, 173x173, VK_FORMAT_R8G8B8A8_UNORM, Memory [size: 121104, type: 0, props: 15 / 1]
DEBUG   | ColorBuffer 121, 48x48, VK_FORMAT_R8G8B8A8_UNORM, Memory [size: 9216, type: 0, props: 15 / 1]
DEBUG   | ColorBuffer 1102, 1x1, VK_FORMAT_R8G8B8A8_UNORM, Memory [size: 16, type: 0, props: 15 / 1]
DEBUG   | ColorBuffer 117, 1080x142, VK_FORMAT_R8G8B8A8_UNORM, Memory [size: 613440, type: 0, props: 15 / 1]
DEBUG   | ColorBuffer 1258, 173x173, VK_FORMAT_R8G8B8A8_UNORM, Memory [size: 121104, type: 0, props: 15 / 1]
DEBUG   | ColorBuffer 76, 2x2, VK_FORMAT_R8G8B8A8_UNORM, Memory [size: 16, type: 0, props: 15 / 1]
DEBUG   | ColorBuffer 25, 1x1, VK_FORMAT_R8G8B8A8_UNORM, Memory [size: 16, type: 0, props: 15 / 1]
DEBUG   | ColorBuffer 7, 1080x2424, VK_FORMAT_R8G8B8A8_UNORM, Memory [size: 10471680, type: 0, props: 15 / 1]
DEBUG   | ColorBuffer 204, 1x1, VK_FORMAT_R8G8B8A8_UNORM, Memory [size: 16, type: 0, props: 15 / 1]
DEBUG   | ColorBuffer 680, 173x173, VK_FORMAT_R8G8B8A8_UNORM, Memory [size: 121104, type: 0, props: 15 / 1]
DEBUG   | ColorBuffer 1250, 1080x2424, VK_FORMAT_R8G8B8A8_UNORM, Memory [size: 10471680, type: 0, props: 15 / 1]
DEBUG   | ColorBuffer 68, 284x10, VK_FORMAT_R8G8B8A8_UNORM, Memory [size: 11360, type: 0, props: 15 / 1]
DEBUG   | ColorBuffer 1329, 1x1, VK_FORMAT_R8G8B8A8_UNORM, Memory [size: 16, type: 0, props: 15 / 1]
DEBUG   | ColorBuffer 147, 1080x142, VK_FORMAT_R8G8B8A8_UNORM, Memory [size: 613440, type: 0, props: 15 / 1]
DEBUG   | ColorBuffer 138, 1080x142, VK_FORMAT_R8G8B8A8_UNORM, Memory [size: 613440, type: 0, props: 15 / 1]
DEBUG   | ColorBuffer 115, 1080x142, VK_FORMAT_R8G8B8A8_UNORM, Memory [size: 613440, type: 0, props: 15 / 1]
DEBUG   | ColorBuffer 505, 1x1, VK_FORMAT_R8G8B8A8_UNORM, Memory [size: 16, type: 0, props: 15 / 1]
DEBUG   | ColorBuffer 1185, 1x1, VK_FORMAT_R8G8B8A8_UNORM, Memory [size: 16, type: 0, props: 15 / 1]
DEBUG   | ColorBuffer 3, 1x1, VK_FORMAT_R8G8B8A8_UNORM, Memory [size: 16, type: 0, props: 15 / 1]
DEBUG   | ColorBuffer 200, 173x173, VK_FORMAT_R8G8B8A8_UNORM, Memory [size: 121104, type: 0, props: 15 / 1]
DEBUG   | ColorBuffer 6, 1080x2424, VK_FORMAT_R8G8B8A8_UNORM, Memory [size: 10471680, type: 0, props: 15 / 1]
DEBUG   | ColorBuffer 1285, 1x1, VK_FORMAT_R8G8B8A8_UNORM, Memory [size: 16, type: 0, props: 15 / 1]
DEBUG   | ColorBuffer 103, 1080x137, VK_FORMAT_R8G8B8A8_UNORM, Memory [size: 596160, type: 0, props: 15 / 1]
DEBUG   | ColorBuffer 37, 922x1024, VK_FORMAT_R8G8B8A8_UNORM, Memory [size: 3776512, type: 0, props: 15 / 1]
DEBUG   | ColorBuffer 134, 1080x137, VK_FORMAT_R8G8B8A8_UNORM, Memory [size: 596160, type: 0, props: 15 / 1]
DEBUG   | ColorBuffer 378, 173x173, VK_FORMAT_R8G8B8A8_UNORM, Memory [size: 121104, type: 0, props: 15 / 1]
DEBUG   | ColorBuffer 87, 1x1, VK_FORMAT_R8G8B8A8_UNORM, Memory [size: 16, type: 0, props: 15 / 1]
DEBUG   | ColorBuffer 456, 173x173, VK_FORMAT_R8G8B8A8_UNORM, Memory [size: 121104, type: 0, props: 15 / 1]
DEBUG   | ColorBuffer 1243, 540x1211, VK_FORMAT_R8G8B8A8_UNORM, Memory [size: 2617920, type: 0, props: 15 / 1]
DEBUG   | ColorBuffer 61, 1080x63, VK_FORMAT_R8G8B8A8_UNORM, Memory [size: 276480, type: 0, props: 15 / 1]
DEBUG   | ColorBuffer 455, 173x173, VK_FORMAT_R8G8B8A8_UNORM, Memory [size: 121104, type: 0, props: 15 / 1]
DEBUG   | ColorBuffer 64, 1080x63, VK_FORMAT_R8G8B8A8_UNORM, Memory [size: 276480, type: 0, props: 15 / 1]
DEBUG   | ColorBuffer 67, 1x1, VK_FORMAT_R8G8B8A8_UNORM, Memory [size: 16, type: 0, props: 15 / 1]
DEBUG   | ColorBuffer 63, 1080x63, VK_FORMAT_R8G8B8A8_UNORM, Memory [size: 276480, type: 0, props: 15 / 1]
DEBUG   | ColorBuffer 8, 1080x2424, VK_FORMAT_R8G8B8A8_UNORM, Memory [size: 10471680, type: 0, props: 15 / 1]
DEBUG   | ColorBuffer 696, 1x1, VK_FORMAT_R8G8B8A8_UNORM, Memory [size: 16, type: 0, props: 15 / 1]
DEBUG   | ColorBuffer 105, 1080x137, VK_FORMAT_R8G8B8A8_UNORM, Memory [size: 596160, type: 0, props: 15 / 1]
DEBUG   | ColorBuffer 1331, 1192x674, VK_FORMAT_R8G8B8A8_UNORM, Memory [size: 3213632, type: 0, props: 15 / 1]
DEBUG   | ColorBuffer 543, 173x173, VK_FORMAT_R8G8B8A8_UNORM, Memory [size: 121104, type: 0, props: 15 / 1]
DEBUG   | ColorBuffer 58, 173x173, VK_FORMAT_R8G8B8A8_UNORM, Memory [size: 121104, type: 0, props: 15 / 1]
DEBUG   | ColorBuffer 36, 1x1, VK_FORMAT_R8G8B8A8_UNORM, Memory [size: 16, type: 0, props: 15 / 1]
DEBUG   | ColorBuffer 199, 1080x142, VK_FORMAT_R8G8B8A8_UNORM, Memory [size: 613440, type: 0, props: 15 / 1]
DEBUG   | ColorBuffer 5, 1080x2424, VK_FORMAT_R8G8B8A8_UNORM, Memory [size: 10471680, type: 0, props: 15 / 1]
DEBUG   | ColorBuffer 4, 1080x2424, VK_FORMAT_R8G8B8A8_UNORM, Memory [size: 10471680, type: 0, props: 15 / 1]
DEBUG   | ColorBuffer 146, 1080x142, VK_FORMAT_R8G8B8A8_UNORM, Memory [size: 613440, type: 0, props: 15 / 1]
DEBUG   | ColorBuffer 1231, 1x1, VK_FORMAT_R8G8B8A8_UNORM, Memory [size: 16, type: 0, props: 15 / 1]
DEBUG   | ColorBuffer 49, 48x48, VK_FORMAT_R8G8B8A8_UNORM, Memory [size: 9216, type: 0, props: 15 / 1]
DEBUG   | Got lasted posted color buffer from snapshot
DEBUG   | Reposting framebuffer.
DEBUG   | Has last posted colorbuffer and is initialized; post.
DEBUG   | Started new RenderThread (total 1) @0x14237e830
DEBUG   | Started new RenderThread (total 2) @0x14237ee10
DEBUG   | Started new RenderThread (total 3) @0x14237f180
DEBUG   | Started new RenderThread (total 4) @0x14237fbc0
DEBUG   | Started new RenderThread (total 5) @0x14237fff0
DEBUG   | Started new RenderThread (total 6) @0x142380420
DEBUG   | Started new RenderThread (total 7) @0x142380cb0
DEBUG   | Started new RenderThread (total 8) @0x142381540
DEBUG   | Started new RenderThread (total 9) @0x142381f80
DEBUG   | Started new RenderThread (total 10) @0x142382560
DEBUG   | Started new RenderThread (total 11) @0x142382b40
DEBUG   | Started new RenderThread (total 12) @0x142383120
DEBUG   | Started new RenderThread (total 13) @0x130e1c180
DEBUG   | Started new RenderThread (total 14) @0x130e1c970
DEBUG   | Started new RenderThread (total 15) @0x130e1cf50
DEBUG   | Started new RenderThread (total 16) @0x130e1d530
DEBUG   | Started new RenderThread (total 17) @0x140e084c0
DEBUG   | Started new RenderThread (total 18) @0x140e08ca0
DEBUG   | Started new RenderThread (total 19) @0x140e090d0
DEBUG   | Loaded RenderThread @0x14237e830 from snapshot
DEBUG   | Loaded RenderThread @0x14237ee10 from snapshot
DEBUG   | Loaded RenderThread @0x14237fbc0 from snapshot
DEBUG   | Loaded RenderThread @0x14237f180 from snapshot
DEBUG   | Loaded RenderThread @0x14237fff0 from snapshot
DEBUG   | Loaded RenderThread @0x142380420 from snapshot
DEBUG   | Loaded RenderThread @0x142381f80 from snapshot
DEBUG  DEBUG   | Loaded RenderThread @0x142382560 from snapshot
DEBUG   | Loaded RenderThread @0x142383120 from snapshot
DEBUG   | Loaded RenderThread @0x140e084c0 from snapshot
DEBUG   | DEBUG  Loaded RenderThread @0x130e1c180 from snapshot
DEBUG   | Loaded RenderThread @0x140e090d0 from snapshot
DEBUG   | Loaded RenderThread @0x142382b40 from snapshot
DEBUG   | Loaded RenderThread @0x130e1d530 from snapshot
DEBUG   | Loaded RenderThread @0x142381540 from snapshot
DEBUG   | Loaded RenderThread @0x130e1cf50 from snapshot
 | Loaded RenderThread @0x142380cb0 from snapshot
DEBUG   | Loaded RenderThread @0x140e08ca0 from snapshot
DEBUG   | Sending CMD_REPAINT to reposting thread
 | Loaded RenderThread @0x130e1c970 from snapshot
DEBUG   | Registering pipe service multidisplay
DEBUG   | MultiDisplayPipe created 0x600000fb3400
DEBUG   | loaded display 0
DEBUG   | _hwFingerprint_connect: connect finger print listen is called
INFO         | Successfully loaded snapshot 'default_boot' using 780 ms
DEBUG   | Begin setupSubWindow
DEBUG   | setupSubwindow: draw last posted cb
DEBUG   | Exit setupSubWindow (successful setup)
DEBUG   | Begin setupSubWindow
DEBUG   | Exit setupSubWindow (nothing to do)
DEBUG   | Sending CMD_REPAINT to reposting thread
DEBUG   | Reposting thread dequeueing a CMD_REPAINT
DEBUG   | Reposting framebuffer.
DEBUG   | Has last posted colorbuffer and is initialized; post.
DEBUG   | Begin setupSubWindow
DEBUG   | setupSubwindow: draw last posted cb
DEBUG   | Exit setupSubWindow (successful setup)
DEBUG   | Begin setupSubWindow
DEBUG   | Exit setupSubWindow (nothing to do)
DEBUG   | Begin setupSubWindow
DEBUG   | Exit setupSubWindow (nothing to do)
DEBUG   | Begin setupSubWindow
DEBUG   | Exit setupSubWindow (nothing to do)
WARNING      | adb command '/Users/coding/Library/Android/sdk/platform-tools/adb -s emulator-16546 shell am start-foreground-service -e meter on com.android.emulator.radio.config/.MeterService ' failed: 'adb: device offline'
DEBUG   | calling ctec from remote
DEBUG   | added one remote client
DEBUG   | Sending CMD_REPAINT to reposting thread
DEBUG   | Reposting thread dequeueing a CMD_REPAINT
DEBUG   | Reposting framebuffer.
DEBUG   | Has last posted colorbuffer and is initialized; post.
DEBUG   | Begin setupSubWindow
DEBUG   | Exit setupSubWindow (nothing to do)
DEBUG   | Begin setupSubWindow
DEBUG   | setupSubwindow: draw last posted cb
DEBUG   | Exit setupSubWindow (successful setup)
DEBUG   | Begin setupSubWindow
DEBUG   | Exit setupSubWindow (nothing to do)
DEBUG   | Begin setupSubWindow
DEBUG   | Exit setupSubWindow (nothing to do)
DEBUG   | ShareGroup::postLoadRestore: 0x600000b87ed0: start post load restore namespace for type 0

DEBUG   | ShareGroup::postLoadRestore: 0x600000b87ed0: end post load restore namespace for type 0

DEBUG   | ShareGroup::postLoadRestore: 0x600000b87ed0: start post load restore namespace for type 1

DEBUG   | ShareGroup::postLoadRestore: 0x600000b87ed0: end post load restore namespace for type 1

DEBUG   | ShareGroup::postLoadRestore: 0x600000b87ed0: start post load restore namespace for type 2

DEBUG   | ShareGroup::postLoadRestore: 0x600000b87ed0: end post load restore namespace for type 2

DEBUG   | ShareGroup::postLoadRestore: 0x600000b87ed0: start post load restore namespace for type 3

DEBUG   | ShareGroup::postLoadRestore: 0x600000b87ed0: end post load restore namespace for type 3

DEBUG   | ShareGroup::postLoadRestore: 0x600000b87ed0: start post load restore namespace for type 4

DEBUG   | ShareGroup::postLoadRestore: 0x600000b87ed0: end post load restore namespace for type 4

DEBUG   | ShareGroup::postLoadRestore: 0x600000b87ed0: start post load restore namespace for type 5

DEBUG   | ShareGroup::postLoadRestore: 0x600000b87ed0: end post load restore namespace for type 5

DEBUG   | ShareGroup::postLoadRestore: 0x600000b87ed0: start post load restore namespace for type 6

DEBUG   | ShareGroup::postLoadRestore: 0x600000b87ed0: end post load restore namespace for type 6

DEBUG   | ShareGroup::postLoadRestore: 0x600000b87ed0: start post load restore namespace for type 7

DEBUG   | ShareGroup::postLoadRestore: 0x600000b87ed0: end post load restore namespace for type 7

DEBUG   | ShareGroup::postLoadRestore: 0x600000b87ed0: start post load restore namespace for type 8

DEBUG   | ShareGroup::postLoadRestore: 0x600000b87ed0: end post load restore namespace for type 8

DEBUG   | ShareGroup::postLoadRestore: 0x600000b87ed0: start post load restore namespace for type 9

DEBUG   | ShareGroup::postLoadRestore: 0x600000b87ed0: end post load restore namespace for type 9

DEBUG   | ShareGroup::postLoadRestore: 0x600000b9afd0: start post load restore namespace for type 0

DEBUG   | ShareGroup::postLoadRestore: 0x600000b9afd0: end post load restore namespace for type 0

DEBUG   | ShareGroup::postLoadRestore: 0x600000b9afd0: start post load restore namespace for type 1

DEBUG   | ShareGroup::postLoadRestore: 0x600000b9afd0: end post load restore namespace for type 1

DEBUG   | ShareGroup::postLoadRestore: 0x600000b9afd0: start post load restore namespace for type 2

DEBUG   | ShareGroup::postLoadRestore: 0x600000b9afd0: end post load restore namespace for type 2

DEBUG   | ShareGroup::postLoadRestore: 0x600000b9afd0: start post load restore namespace for type 3

DEBUG   | ShareGroup::postLoadRestore: 0x600000b9afd0: end post load restore namespace for type 3

DEBUG   | ShareGroup::postLoadRestore: 0x600000b9afd0: start post load restore namespace for type 4

DEBUG   | ShareGroup::postLoadRestore: 0x600000b9afd0: end post load restore namespace for type 4

DEBUG   | ShareGroup::postLoadRestore: 0x600000b9afd0: start post load restore namespace for type 5

DEBUG   | ShareGroup::postLoadRestore: 0x600000b9afd0: end post load restore namespace for type 5

DEBUG   | ShareGroup::postLoadRestore: 0x600000b9afd0: start post load restore namespace for type 6

DEBUG   | ShareGroup::postLoadRestore: 0x600000b9afd0: end post load restore namespace for type 6

DEBUG   | ShareGroup::postLoadRestore: 0x600000b9afd0: start post load restore namespace for type 7

DEBUG   | ShareGroup::postLoadRestore: 0x600000b9afd0: end post load restore namespace for type 7

DEBUG   | ShareGroup::postLoadRestore: 0x600000b9afd0: start post load restore namespace for type 8

DEBUG   | ShareGroup::postLoadRestore: 0x600000b9afd0: end post load restore namespace for type 8

DEBUG   | ShareGroup::postLoadRestore: 0x600000b9afd0: start post load restore namespace for type 9

DEBUG   | ShareGroup::postLoadRestore: 0x600000b9afd0: end post load restore namespace for type 9

DEBUG   | ColorBuffer 9, 173x173, VK_FORMAT_R8G8B8A8_UNORM, Memory [size: 121104, type: 0, props: 15 / 1]
DEBUG   | ShareGroup::postLoadRestore: 0x600000b9c2d0: start post load restore namespace for type 0

DEBUG   | ShareGroup::postLoadRestore: 0x600000b9c2d0: end post load restore namespace for type 0

DEBUG   | ShareGroup::postLoadRestore: 0x600000b9c2d0: start post load restore namespace for type 1

DEBUG   | ShareGroup::postLoadRestore: 0x600000b9c2d0: end post load restore namespace for type 1

DEBUG   | ShareGroup::postLoadRestore: 0x600000b9c2d0: start post load restore namespace for type 2

DEBUG   | ShareGroup::postLoadRestore: 0x600000b9c2d0: end post load restore namespace for type 2

DEBUG   | ShareGroup::postLoadRestore: 0x600000b9c2d0: start post load restore namespace for type 3

DEBUG   | ShareGroup::postLoadRestore: 0x600000b9c2d0: end post load restore namespace for type 3

DEBUG   | ShareGroup::postLoadRestore: 0x600000b9c2d0: start post load restore namespace for type 4

DEBUG   | ShareGroup::postLoadRestore: 0x600000b9c2d0: end post load restore namespace for type 4

DEBUG   | ShareGroup::postLoadRestore: 0x600000b9c2d0: start post load restore namespace for type 5

DEBUG   | ShareGroup::postLoadRestore: 0x600000b9c2d0: end post load restore namespace for type 5

DEBUG   | ShareGroup::postLoadRestore: 0x600000b9c2d0: start post load restore namespace for type 6

DEBUG   | ShareGroup::postLoadRestore: 0x600000b9c2d0: end post load restore namespace for type 6

DEBUG   | ShareGroup::postLoadRestore: 0x600000b9c2d0: start post load restore namespace for type 7

DEBUG   | ShareGroup::postLoadRestore: 0x600000b9c2d0: end post load restore namespace for type 7

DEBUG   | ShareGroup::postLoadRestore: 0x600000b9c2d0: start post load restore namespace for type 8

DEBUG   | ShareGroup::postLoadRestore: 0x600000b9c2d0: end post load restore namespace for type 8

DEBUG   | ShareGroup::postLoadRestore: 0x600000b9c2d0: start post load restore namespace for type 9

DEBUG   | ShareGroup::postLoadRestore: 0x600000b9c2d0: end post load restore namespace for type 9

DEBUG   | ShareGroup::postLoadRestore: 0x600000b87840: start post load restore namespace for type 0

DEBUG   | ShareGroup::postLoadRestore: 0x600000b87840: end post load restore namespace for type 0

DEBUG   | ShareGroup::postLoadRestore: 0x600000b87840: start post load restore namespace for type 1

DEBUG   | ShareGroup::postLoadRestore: 0x600000b87840: end post load restore namespace for type 1

DEBUG   | ShareGroup::postLoadRestore: 0x600000b87840: start post load restore namespace for type 2

DEBUG   | Started new RenderThread (total 20) @0x14239dcf0
DEBUG   | ShareGroup::postLoadRestore: 0x600000b87840: end post load restore namespace for type 2

DEBUG   | ShareGroup::postLoadRestore: 0x600000b87840: start post load restore namespace for type 3

DEBUG   | ShareGroup::postLoadRestore: 0x600000b87840: end post load restore namespace for type 3

DEBUG   | ShareGroup::postLoadRestore: 0x600000b87840: start post load restore namespace for type 4

DEBUG   | ShareGroup::postLoadRestore: 0x600000b87840: end post load restore namespace for type 4

DEBUG   | ShareGroup::postLoadRestore: 0x600000b87840: start post load restore namespace for type 5

DEBUG   | ShareGroup::postLoadRestore: 0x600000b87840: end post load restore namespace for type 5

DEBUG   | ShareGroup::postLoadRestore: 0x600000b87840: start post load restore namespace for type 6

DEBUG   | ShareGroup::postLoadRestore: 0x600000b87840: end post load restore namespace for type 6

DEBUG   | ShareGroup::postLoadRestore: 0x600000b87840: start post load restore namespace for type 7

DEBUG   | ShareGroup::postLoadRestore: 0x600000b87840: end post load restore namespace for type 7

DEBUG   | ShareGroup::postLoadRestore: 0x600000b87840: start post load restore namespace for type 8

DEBUG   | ShareGroup::postLoadRestore: 0x600000b87840: end post load restore namespace for type 8

DEBUG   | ShareGroup::postLoadRestore: 0x600000b87840: start post load restore namespace for type 9

DEBUG   | ShareGroup::postLoadRestore: 0x600000b87840: end post load restore namespace for type 9

DEBUG   | ColorBuffer 12, 1x1, VK_FORMAT_R8G8B8A8_UNORM, Memory [size: 16, type: 0, props: 15 / 1]
DEBUG   | ShareGroup::postLoadRestore: 0x600000b87cf0: start post load restore namespace for type 0

DEBUG   | ShareGroup::postLoadRestore: 0x600000b87cf0: end post load restore namespace for type 0

DEBUG   | ShareGroup::postLoadRestore: 0x600000b87cf0: start post load restore namespace for type 1

DEBUG   | ShareGroup::postLoadRestore: 0x600000b87cf0: end post load restore namespace for type 1

DEBUG   | ShareGroup::postLoadRestore: 0x600000b87cf0: start post load restore namespace for type 2

DEBUG   | ShareGroup::postLoadRestore: 0x600000b87cf0: end post load restore namespace for type 2

DEBUG   | ShareGroup::postLoadRestore: 0x600000b87cf0: start post load restore namespace for type 3

DEBUG   | ShareGroup::postLoadRestore: 0x600000b87cf0: end post load restore namespace for type 3

DEBUG   | ShareGroup::postLoadRestore: 0x600000b87cf0: start post load restore namespace for type 4

DEBUG   | ShareGroup::postLoadRestore: 0x600000b87cf0: end post load restore namespace for type 4

DEBUG   | ShareGroup::postLoadRestore: 0x600000b87cf0: start post load restore namespace for type 5

DEBUG   | ShareGroup::postLoadRestore: 0x600000b87cf0: end post load restore namespace for type 5

DEBUG   | ShareGroup::postLoadRestore: 0x600000b87cf0: start post load restore namespace for type 6

DEBUG   | ShareGroup::postLoadRestore: 0x600000b87cf0: end post load restore namespace for type 6

DEBUG   | ShareGroup::postLoadRestore: 0x600000b87cf0: start post load restore namespace for type 7

DEBUG   | ShareGroup::postLoadRestore: 0x600000b87cf0: end post load restore namespace for type 7

DEBUG   | ShareGroup::postLoadRestore: 0x600000b87cf0: start post load restore namespace for type 8

DEBUG   | ShareGroup::postLoadRestore: 0x600000b87cf0: end post load restore namespace for type 8

DEBUG   | ShareGroup::postLoadRestore: 0x600000b87cf0: start post load restore namespace for type 9

DEBUG   | ShareGroup::postLoadRestore: 0x600000b87cf0: end post load restore namespace for type 9

VERBOSE | glReadPixels seems OK for tex(internal:0x1908 fmt:0x1908 type:0x1401) read(fmt:0x1908 type:0x1401).
INFO         | Activated packet streamer for uwb emulation
INFO         | Activated packet streamer for bluetooth emulation

01:22:28.326 detox[63189] i settled on emulator-16546 (Pixel_9)
  data: {
    "id": "emulator-16546",
    "adbName": "emulator-16546",
    "name": "emulator-16546 (Pixel_9)"
  }
01:22:28.326 detox[63189] E allocate
01:22:28.326 detox[63189] B post-allocate: emulator-16546
  data: {
    "id": "emulator-16546",
    "adbName": "emulator-16546",
    "name": "emulator-16546 (Pixel_9)"
  }
01:22:28.327 detox[63189] i "/Users/coding/Library/Android/sdk/platform-tools/adb" -s emulator-16546 shell "getprop dev.bootcomplete"
01:22:28.361 detox[63189] i 1

01:22:28.362 detox[63189] i "/Users/coding/Library/Android/sdk/platform-tools/adb" -s emulator-16546 shell "getprop ro.build.version.sdk"
01:22:28.390 detox[63189] i 36

01:22:28.390 detox[63189] i "/Users/coding/Library/Android/sdk/platform-tools/adb" -s emulator-16546 shell "settings put global animator_duration_scale 0"
01:22:28.430 detox[63189] i 
01:22:28.430 detox[63189] i "/Users/coding/Library/Android/sdk/platform-tools/adb" -s emulator-16546 shell "settings put global window_animation_scale 0"
01:22:28.463 detox[63189] i 
01:22:28.463 detox[63189] i "/Users/coding/Library/Android/sdk/platform-tools/adb" -s emulator-16546 shell "settings put global transition_animation_scale 0"
01:22:28.508 detox[63189] i 
01:22:28.508 detox[63189] i "/Users/coding/Library/Android/sdk/platform-tools/adb" -s emulator-16546 shell "dumpsys power | grep \"^[ ]*m[UW].*=\""
01:22:28.558 detox[63189] i   mWakefulness=Awake
  mWakefulnessChanging=false
  mUseAutoSuspend=true
  mWakeLockSummary=0x1
  mWakeUpWhenPluggedOrUnpluggedConfig=false
  mWakeUpWhenPluggedOrUnpluggedInTheaterModeConfig=false
  mUserActivityTimeoutOverrideFromWindowManager=-1
  mUserInactiveOverrideFromWindowManager=false
  mUseNormalBrightnessForDoze=false
  mUserId=0
  mWakeLockSummary=0x1
  mUserInteractionBackoffMillis=60000

01:22:28.558 detox[63189] E post-allocate: emulator-16546
01:22:28.558 detox[63189] i dispatching event to socket  :  allocateDeviceDone {
  deviceCookie: {
    id: 'emulator-16546',
    adbName: 'emulator-16546',
    name: 'emulator-16546 (Pixel_9)'
  }
}
01:22:28.558 detox[63192] i ## received events ##
01:22:28.559 detox[63192] i detected event allocateDeviceDone {
  deviceCookie: {
    id: 'emulator-16546',
    adbName: 'emulator-16546',
    name: 'emulator-16546 (Pixel_9)'
  }
}
01:22:28.576 detox[63192] B onBootDevice
  args: ({"deviceId":"emulator-16546"})
01:22:28.576 detox[63192] E onBootDevice
01:22:28.576 detox[63192] B installUtilBinaries
  args: ()
01:22:28.576 detox[63192] E installUtilBinaries
01:22:28.577 detox[63192] B selectApp
  args: ("default")
01:22:28.577 detox[63192] i "/Users/coding/Library/Android/sdk/build-tools/36.1.0/aapt" dump badging "/Users/coding/Projects/notes_brain/apps/mobile/android/app/build/outputs/apk/debug/app-debug.apk"
01:22:28.593 detox[63192] i package: name='com.notesbrain.echo' versionCode='1' versionName='1.0.0' platformBuildVersionName='16' platformBuildVersionCode='36' compileSdkVersion='36' compileSdkVersionCodename='16'
sdkVersion:'24'
targetSdkVersion:'36'
uses-permission: name='android.permission.SYSTEM_ALERT_WINDOW'
uses-permission: name='android.permission.INTERNET'
uses-permission: name='android.permission.MODIFY_AUDIO_SETTINGS'
uses-permission: name='android.permission.READ_EXTERNAL_STORAGE'
uses-permission: name='android.permission.RECORD_AUDIO'
uses-permission: name='android.permission.VIBRATE'
uses-permission: name='android.permission.WRITE_EXTERNAL_STORAGE'
uses-permission: name='android.permission.ACCESS_NETWORK_STATE'
uses-permission: name='android.permission.ACCESS_WIFI_STATE'
uses-permission: name='android.permission.FOREGROUND_SERVICE'
uses-permission: name='android.permission.FOREGROUND_SERVICE_MEDIA_PLAYBACK'
uses-permission: name='android.permission.RECEIVE_BOOT_COMPLETED'
uses-permission: name='android.permission.POST_NOTIFICATIONS'
uses-permission: name='android.permission.WAKE_LOCK'
uses-permission: name='com.google.android.c2dm.permission.RECEIVE'
uses-permission: name='android.permission.USE_BIOMETRIC'
uses-permission: name='android.permission.USE_FINGERPRINT'
uses-permission: name='com.notesbrain.echo.DYNAMIC_RECEIVER_NOT_EXPORTED_PERMISSION'
uses-permission: name='com.google.android.finsky.permission.BIND_GET_INSTALL_REFERRER_SERVICE'
uses-permission: name='com.sec.android.provider.badge.permission.READ'
uses-permission: name='com.sec.android.provider.badge.permission.WRITE'
uses-permission: name='com.htc.launcher.permission.READ_SETTINGS'
uses-permission: name='com.htc.launcher.permission.UPDATE_SHORTCUT'
uses-permission: name='com.sonyericsson.home.permission.BROADCAST_BADGE'
uses-permission: name='com.sonymobile.home.permission.PROVIDER_INSERT_BADGE'
uses-permission: name='com.anddoes.launcher.permission.UPDATE_COUNT'
uses-permission: name='com.majeur.launcher.permission.UPDATE_BADGE'
uses-permission: name='com.huawei.android.launcher.permission.CHANGE_BADGE'
uses-permission: name='com.huawei.android.launcher.permission.READ_SETTINGS'
uses-permission: name='com.huawei.android.launcher.permission.WRITE_SETTINGS'
uses-permission: name='android.permission.READ_APP_BADGE'
uses-permission: name='com.oppo.launcher.permission.READ_SETTINGS'
uses-permission: name='com.oppo.launcher.permission.WRITE_SETTINGS'
uses-permission: name='me.everything.badger.permission.BADGE_COUNT_READ'
uses-permission: name='me.everything.badger.permission.BADGE_COUNT_WRITE'
application-label:'Echo'
application-label-af:'Echo'
application-label-am:'Echo'
application-label-ar:'Echo'
application-label-as:'Echo'
application-label-az:'Echo'
application-label-be:'Echo'
application-label-bg:'Echo'
application-label-bn:'Echo'
application-label-bs:'Echo'
application-label-ca:'Echo'
application-label-cs:'Echo'
application-label-da:'Echo'
application-label-de:'Echo'
application-label-el:'Echo'
application-label-en-AU:'Echo'
application-label-en-CA:'Echo'
application-label-en-GB:'Echo'
application-label-en-IN:'Echo'
application-label-en-XC:'Echo'
application-label-es:'Echo'
application-label-es-419:'Echo'
application-label-es-ES:'Echo'
application-label-es-US:'Echo'
application-label-et:'Echo'
application-label-eu:'Echo'
application-label-fa:'Echo'
application-label-fi:'Echo'
application-label-fr:'Echo'
application-label-fr-CA:'Echo'
application-label-gl:'Echo'
application-label-gu:'Echo'
application-label-hi:'Echo'
application-label-hr:'Echo'
application-label-hu:'Echo'
application-label-hy:'Echo'
application-label-in:'Echo'
application-label-is:'Echo'
application-label-it:'Echo'
application-label-iw:'Echo'
application-label-ja:'Echo'
application-label-ka:'Echo'
application-label-kk:'Echo'
application-label-km:'Echo'
application-label-kn:'Echo'
application-label-ko:'Echo'
application-label-ky:'Echo'
application-label-lo:'Echo'
application-label-lt:'Echo'
application-label-lv:'Echo'
application-label-mk:'Echo'
application-label-ml:'Echo'
application-label-mn:'Echo'
application-label-mr:'Echo'
application-label-ms:'Echo'
application-label-my:'Echo'
application-label-nb:'Echo'
application-label-ne:'Echo'
application-label-nl:'Echo'
application-label-or:'Echo'
application-label-pa:'Echo'
application-label-pl:'Echo'
application-label-pt:'Echo'
application-label-pt-BR:'Echo'
application-label-pt-PT:'Echo'
application-label-ro:'Echo'
application-label-ru:'Echo'
application-label-si:'Echo'
application-label-sk:'Echo'
application-label-sl:'Echo'
application-label-sq:'Echo'
application-label-sr:'Echo'
application-label-sr-Latn:'Echo'
application-label-sv:'Echo'
application-label-sw:'Echo'
application-label-ta:'Echo'
application-label-te:'Echo'
application-label-th:'Echo'
application-label-tl:'Echo'
application-label-tr:'Echo'
application-label-uk:'Echo'
application-label-ur:'Echo'
application-label-uz:'Echo'
application-label-vi:'Echo'
application-label-zh-CN:'Echo'
application-label-zh-HK:'Echo'
application-label-zh-TW:'Echo'
application-label-zu:'Echo'
application-icon-120:'res/mipmap-anydpi-v26/ic_launcher.xml'
application-icon-160:'res/mipmap-anydpi-v26/ic_launcher.xml'
application-icon-240:'res/mipmap-anydpi-v26/ic_launcher.xml'
application-icon-320:'res/mipmap-anydpi-v26/ic_launcher.xml'
application-icon-480:'res/mipmap-anydpi-v26/ic_launcher.xml'
application-icon-640:'res/mipmap-anydpi-v26/ic_launcher.xml'
application-icon-65534:'res/mipmap-anydpi-v26/ic_launcher.xml'
application: label='Echo' icon='res/mipmap-anydpi-v26/ic_launcher.xml'
application-debuggable
launchable-activity: name='com.notesbrain.echo.MainActivity'  label='' icon=''
feature-group: label=''
  uses-feature: name='android.hardware.faketouch'
  uses-implied-feature: name='android.hardware.faketouch' reason='default feature for all apps'
  uses-feature: name='android.hardware.microphone'
  uses-implied-feature: name='android.hardware.microphone' reason='requested android.permission.RECORD_AUDIO permission'
  uses-feature: name='android.hardware.screen.portrait'
  uses-implied-feature: name='android.hardware.screen.portrait' reason='one or more activities have specified a portrait orientation'
  uses-feature: name='android.hardware.wifi'
  uses-implied-feature: name='android.hardware.wifi' reason='requested android.permission.ACCESS_WIFI_STATE permission'
main
other-activities
other-receivers
other-services
supports-screens: 'small' 'normal' 'large' 'xlarge'
supports-any-density: 'true'
locales: '--_--' 'af' 'am' 'ar' 'as' 'az' 'be' 'bg' 'bn' 'bs' 'ca' 'cs' 'da' 'de' 'el' 'en-AU' 'en-CA' 'en-GB' 'en-IN' 'en-XC' 'es' 'es-419' 'es-ES' 'es-US' 'et' 'eu' 'fa' 'fi' 'fr' 'fr-CA' 'gl' 'gu' 'hi' 'hr' 'hu' 'hy' 'in' 'is' 'it' 'iw' 'ja' 'ka' 'kk' 'km' 'kn' 'ko' 'ky' 'lo' 'lt' 'lv' 'mk' 'ml' 'mn' 'mr' 'ms' 'my' 'nb' 'ne' 'nl' 'or' 'pa' 'pl' 'pt' 'pt-BR' 'pt-PT' 'ro' 'ru' 'si' 'sk' 'sl' 'sq' 'sr' 'sr-Latn' 'sv' 'sw' 'ta' 'te' 'th' 'tl' 'tr' 'uk' 'ur' 'uz' 'vi' 'zh-CN' 'zh-HK' 'zh-TW' 'zu'
densities: '120' '160' '240' '320' '480' '640' '65534'
native-code: 'arm64-v8a' 'armeabi-v7a' 'x86' 'x86_64'

01:22:28.593 detox[63192] E selectApp
01:22:28.593 detox[63192] B uninstallApp
  args: ()
01:22:28.593 detox[63192] B onBeforeUninstallApp
  args: ({"deviceId":"emulator-16546","bundleId":"com.notesbrain.echo"})
01:22:28.593 detox[63192] E onBeforeUninstallApp
01:22:28.593 detox[63192] i "/Users/coding/Library/Android/sdk/platform-tools/adb" -s emulator-16546 shell "pm list packages com.notesbrain.echo"
01:22:28.635 detox[63192] i 
01:22:28.636 detox[63192] i "/Users/coding/Library/Android/sdk/platform-tools/adb" -s emulator-16546 shell "pm list packages com.notesbrain.echo.test"
01:22:28.666 detox[63192] i 
01:22:28.666 detox[63192] E uninstallApp
01:22:28.666 detox[63192] B selectApp
  args: ("default")
01:22:28.667 detox[63192] B terminateApp
  args: ()
01:22:28.667 detox[63192] B onBeforeTerminateApp
  args: ({"deviceId":"emulator-16546","bundleId":"com.notesbrain.echo"})
01:22:28.667 detox[63192] E onBeforeTerminateApp
01:22:28.667 detox[63192] i "/Users/coding/Library/Android/sdk/platform-tools/adb" -s emulator-16546 shell "am force-stop com.notesbrain.echo"
01:22:28.697 detox[63192] i 
01:22:28.697 detox[63192] B onTerminateApp
  args: ({"deviceId":"emulator-16546","bundleId":"com.notesbrain.echo"})
01:22:28.697 detox[63192] E onTerminateApp
01:22:28.697 detox[63192] E terminateApp
01:22:28.697 detox[63192] E selectApp
01:22:28.697 detox[63192] B installApp
  args: ()
01:22:28.698 detox[63192] i "/Users/coding/Library/Android/sdk/build-tools/36.1.0/aapt" dump xmlstrings "/Users/coding/Projects/notes_brain/apps/mobile/android/app/build/outputs/apk/debug/app-debug.apk" AndroidManifest.xml
01:22:28.711 detox[63192] i String pool of 197 unique UTF-16 non-sorted strings, 197 entries and 0 styles using 14968 bytes:
String #0: theme
String #1: label
String #2: icon
String #3: name
String #4: permission
String #5: protectionLevel
String #6: enabled
String #7: debuggable
String #8: exported
String #9: taskAffinity
String #10: excludeFromRecents
String #11: authorities
String #12: initOrder
String #13: grantUriPermissions
String #14: priority
String #15: launchMode
String #16: screenOrientation
String #17: configChanges
String #18: value
String #19: resource
String #20: mimeType
String #21: scheme
String #22: minSdkVersion
String #23: versionCode
String #24: versionName
String #25: windowSoftInputMode
String #26: noHistory
String #27: targetSdkVersion
String #28: allowBackup
String #29: supportsRtl
String #30: extractNativeLibs
String #31: fullBackupContent
String #32: usesCleartextTraffic
String #33: directBootAware
String #34: roundIcon
String #35: compileSdkVersion
String #36: compileSdkVersionCodename
String #37: appComponentFactory
String #38: foregroundServiceType
String #39: dataExtractionRules
String #40: enableOnBackInvokedCallback
String #41: 
String #42: 1.0.0
String #43: 16
String #44: ALWAYS
String #45: action
String #46: activity
String #47: android
String #48: android.intent.action.BOOT_COMPLETED
String #49: android.intent.action.MAIN
String #50: android.intent.action.MY_PACKAGE_REPLACED
String #51: android.intent.action.OPEN_DOCUMENT_TREE
String #52: android.intent.action.QUICKBOOT_POWERON
String #53: android.intent.action.REBOOT
String #54: android.intent.action.SEND
String #55: android.intent.action.SEND_MULTIPLE
String #56: android.intent.action.VIEW
String #57: android.intent.category.BROWSABLE
String #58: android.intent.category.DEFAULT
String #59: android.intent.category.LAUNCHER
String #60: android.permission.ACCESS_NETWORK_STATE
String #61: android.permission.ACCESS_WIFI_STATE
String #62: android.permission.BIND_JOB_SERVICE
String #63: android.permission.DUMP
String #64: android.permission.FOREGROUND_SERVICE
String #65: android.permission.FOREGROUND_SERVICE_MEDIA_PLAYBACK
String #66: android.permission.INTERNET
String #67: android.permission.MODIFY_AUDIO_SETTINGS
String #68: android.permission.POST_NOTIFICATIONS
String #69: android.permission.READ_APP_BADGE
String #70: android.permission.READ_EXTERNAL_STORAGE
String #71: android.permission.RECEIVE_BOOT_COMPLETED
String #72: android.permission.RECORD_AUDIO
String #73: android.permission.SYSTEM_ALERT_WINDOW
String #74: android.permission.USE_BIOMETRIC
String #75: android.permission.USE_FINGERPRINT
String #76: android.permission.VIBRATE
String #77: android.permission.WAKE_LOCK
String #78: android.permission.WRITE_EXTERNAL_STORAGE
String #79: android.support.FILE_PROVIDER_PATHS
String #80: androidx.compose.ui.tooling.PreviewActivity
String #81: androidx.core.app.CoreComponentFactory
String #82: androidx.emoji2.text.EmojiCompatInitializer
String #83: androidx.lifecycle.ProcessLifecycleInitializer
String #84: androidx.media3.session.MediaSessionService
String #85: androidx.profileinstaller.ProfileInstallReceiver
String #86: androidx.profileinstaller.ProfileInstallerInitializer
String #87: androidx.profileinstaller.action.BENCHMARK_OPERATION
String #88: androidx.profileinstaller.action.INSTALL_PROFILE
String #89: androidx.profileinstaller.action.SAVE_PROFILE
String #90: androidx.profileinstaller.action.SKIP_FILE
String #91: androidx.startup
String #92: androidx.startup.InitializationProvider
String #93: application
String #94: application/pdf
String #95: backend:com.google.android.datatransport.cct.CctBackendFactory
String #96: barcode_ui
String #97: category
String #98: cct
String #99: com.anddoes.launcher.permission.UPDATE_COUNT
String #100: com.facebook.react.devsupport.DevSettingsActivity
String #101: com.facebook.soloader.enabled
String #102: com.google.android.c2dm.intent.RECEIVE
String #103: com.google.android.c2dm.permission.RECEIVE
String #104: com.google.android.c2dm.permission.SEND
String #105: com.google.android.datatransport.runtime.backends.TransportBackendDiscovery
String #106: com.google.android.datatransport.runtime.scheduling.jobscheduling.AlarmManagerSchedulerBroadcastReceiver
String #107: com.google.android.datatransport.runtime.scheduling.jobscheduling.JobInfoSchedulerService
String #108: com.google.android.finsky.permission.BIND_GET_INSTALL_REFERRER_SERVICE
String #109: com.google.android.gms.cloudmessaging.FINISHED_AFTER_HANDLED
String #110: com.google.android.gms.common.api.GoogleApiActivity
String #111: com.google.android.gms.version
String #112: com.google.firebase.MESSAGING_EVENT
String #113: com.google.firebase.components.ComponentDiscoveryService
String #114: com.google.firebase.components.ComponentRegistrar
String #115: com.google.firebase.components:com.google.firebase.FirebaseCommonKtxRegistrar
String #116: com.google.firebase.components:com.google.firebase.datatransport.TransportRegistrar
String #117: com.google.firebase.components:com.google.firebase.installations.FirebaseInstallationsKtxRegistrar
String #118: com.google.firebase.components:com.google.firebase.installations.FirebaseInstallationsRegistrar
String #119: com.google.firebase.components:com.google.firebase.ktx.FirebaseCommonLegacyRegistrar
String #120: com.google.firebase.components:com.google.firebase.messaging.FirebaseMessagingKtxRegistrar
String #121: com.google.firebase.components:com.google.firebase.messaging.FirebaseMessagingRegistrar
String #122: com.google.firebase.components:com.google.mlkit.common.internal.CommonComponentRegistrar
String #123: com.google.firebase.components:com.google.mlkit.vision.barcode.internal.BarcodeRegistrar
String #124: com.google.firebase.components:com.google.mlkit.vision.common.internal.VisionCommonRegistrar
String #125: com.google.firebase.iid.FirebaseInstanceIdReceiver
String #126: com.google.firebase.messaging.FirebaseMessagingService
String #127: com.google.firebase.messaging.default_notification_color
String #128: com.google.firebase.messaging.default_notification_icon
String #129: com.google.firebase.provider.FirebaseInitProvider
String #130: com.google.mlkit.common.internal.MlKitComponentDiscoveryService
String #131: com.google.mlkit.common.internal.MlKitInitProvider
String #132: com.google.mlkit.vision.DEPENDENCIES
String #133: com.google.mlkit.vision.codescanner.internal.GmsBarcodeScanningDelegateActivity
String #134: com.htc.intent.action.QUICKBOOT_POWERON
String #135: com.htc.launcher.permission.READ_SETTINGS
String #136: com.htc.launcher.permission.UPDATE_SHORTCUT
String #137: com.huawei.android.launcher.permission.CHANGE_BADGE
String #138: com.huawei.android.launcher.permission.READ_SETTINGS
String #139: com.huawei.android.launcher.permission.WRITE_SETTINGS
String #140: com.majeur.launcher.permission.UPDATE_BADGE
String #141: com.notesbrain.echo
String #142: com.notesbrain.echo.DYNAMIC_RECEIVER_NOT_EXPORTED_PERMISSION
String #143: com.notesbrain.echo.FileSystemFileProvider
String #144: com.notesbrain.echo.MainActivity
String #145: com.notesbrain.echo.MainApplication
String #146: com.notesbrain.echo.androidx-startup
String #147: com.notesbrain.echo.firebaseinitprovider
String #148: com.notesbrain.echo.mlkitinitprovider
String #149: com.oppo.launcher.permission.READ_SETTINGS
String #150: com.oppo.launcher.permission.WRITE_SETTINGS
String #151: com.sec.android.provider.badge.permission.READ
String #152: com.sec.android.provider.badge.permission.WRITE
String #153: com.sonyericsson.home.permission.BROADCAST_BADGE
String #154: com.sonymobile.home.permission.PROVIDER_INSERT_BADGE
String #155: data
String #156: echo
String #157: exp+echo
String #158: expo-dev-launcher
String #159: expo.modules.adapters.react.apploader.RNHeadlessAppLoader
String #160: expo.modules.audio.service.AudioControlsService
String #161: expo.modules.audio.service.AudioRecordingService
String #162: expo.modules.devlauncher.compose.AuthActivity
String #163: expo.modules.devlauncher.launcher.DevLauncherActivity
String #164: expo.modules.devlauncher.launcher.errors.DevLauncherErrorActivity
String #165: expo.modules.filesystem.FileSystemFileProvider
String #166: expo.modules.notifications.NOTIFICATION_EVENT
String #167: expo.modules.notifications.default_notification_color
String #168: expo.modules.notifications.default_notification_icon
String #169: expo.modules.notifications.service.ExpoFirebaseMessagingService
String #170: expo.modules.notifications.service.NotificationForwarderActivity
String #171: expo.modules.notifications.service.NotificationsService
String #172: expo.modules.updates.ENABLED
String #173: expo.modules.updates.EXPO_UPDATES_CHECK_ON_LAUNCH
String #174: expo.modules.updates.EXPO_UPDATES_LAUNCH_WAIT_MS
String #175: host.exp.exponent
String #176: http://schemas.android.com/apk/res/android
String #177: https
String #178: image/*
String #179: intent
String #180: intent-filter
String #181: manifest
String #182: me.everything.badger.permission.BADGE_COUNT_READ
String #183: me.everything.badger.permission.BADGE_COUNT_WRITE
String #184: meta-data
String #185: org.unimodules.core.AppLoader#react-native-headless
String #186: package
String #187: permission
String #188: platformBuildVersionCode
String #189: platformBuildVersionName
String #190: provider
String #191: queries
String #192: receiver
String #193: service
String #194: text/*
String #195: uses-permission
String #196: uses-sdk

01:22:28.711 detox[63192] i "/Users/coding/Library/Android/sdk/build-tools/36.1.0/aapt" dump xmlstrings "/Users/coding/Projects/notes_brain/apps/mobile/android/app/build/outputs/apk/androidTest/debug/app-debug-androidTest.apk" AndroidManifest.xml
01:22:28.724 detox[63192] i String pool of 43 unique UTF-16 non-sorted strings, 43 entries and 0 styles using 2140 bytes:
String #0: theme
String #1: label
String #2: name
String #3: debuggable
String #4: exported
String #5: priority
String #6: targetPackage
String #7: handleProfiling
String #8: functionalTest
String #9: minSdkVersion
String #10: targetSdkVersion
String #11: extractNativeLibs
String #12: compileSdkVersion
String #13: compileSdkVersionCodename
String #14: 16
String #15: Tests for com.notesbrain.echo
String #16: activity
String #17: android
String #18: android.intent.category.LAUNCHER
String #19: android.permission.REORDER_TASKS
String #20: android.test.runner
String #21: androidx.test.core.app.InstrumentationActivityInvoker$BootstrapActivity
String #22: androidx.test.core.app.InstrumentationActivityInvoker$EmptyActivity
String #23: androidx.test.core.app.InstrumentationActivityInvoker$EmptyFloatingActivity
String #24: androidx.test.orchestrator
String #25: androidx.test.runner.AndroidJUnitRunner
String #26: androidx.test.services
String #27: application
String #28: category
String #29: com.google.android.apps.common.testing.services
String #30: com.notesbrain.echo
String #31: com.notesbrain.echo.test
String #32: http://schemas.android.com/apk/res/android
String #33: instrumentation
String #34: intent-filter
String #35: manifest
String #36: package
String #37: platformBuildVersionCode
String #38: platformBuildVersionName
String #39: queries
String #40: uses-library
String #41: uses-permission
String #42: uses-sdk

01:22:28.724 detox[63192] i "/Users/coding/Library/Android/sdk/platform-tools/adb" -s emulator-16546 shell "rm -fr /data/local/tmp/detox"
01:22:28.750 detox[63192] i 
01:22:28.750 detox[63192] i "/Users/coding/Library/Android/sdk/platform-tools/adb" -s emulator-16546 shell "mkdir -p /data/local/tmp/detox"
01:22:28.775 detox[63192] i 
01:22:28.775 detox[63192] i "/Users/coding/Library/Android/sdk/platform-tools/adb" -s emulator-16546 push "/Users/coding/Projects/notes_brain/apps/mobile/android/app/build/outputs/apk/debug/app-debug.apk" "/data/local/tmp/detox/Application.apk"
01:22:29.206 detox[63192] i /Users/coding/Projects/notes_brain/apps/mobile/android/app/build/outputs/apk/debug/app-debug.apk: 1 file pushed, 0 skipped. 502.5 MB/s (175850073 bytes in 0.334s)

01:22:29.207 detox[63192] i "/Users/coding/Library/Android/sdk/platform-tools/adb" -s emulator-16546 shell "getprop ro.build.version.sdk"
01:22:29.233 detox[63192] i 36

01:22:29.234 detox[63192] i /Users/coding/Library/Android/sdk/platform-tools/adb -s emulator-16546 shell pm install -r -g -t /data/local/tmp/detox/Application.apk
01:22:29.797 detox[63192] i Success

01:22:29.800 detox[63192] i /Users/coding/Library/Android/sdk/platform-tools/adb -s emulator-16546 shell pm install -r -g -t /data/local/tmp/detox/Application.apk exited with code #0
01:22:29.800 detox[63192] i "/Users/coding/Library/Android/sdk/platform-tools/adb" -s emulator-16546 push "/Users/coding/Projects/notes_brain/apps/mobile/android/app/build/outputs/apk/androidTest/debug/app-debug-androidTest.apk" "/data/local/tmp/detox/Test.apk"
01:22:29.887 detox[63192] i /Users/coding/Projects/notes_brain/apps/mobile/android/app/build/outputs/apk/androidTest/debug/app-debug-androidTest.apk: 1 file pushed, 0 skipped. 94.2 MB/s (3530276 bytes in 0.036s)

01:22:29.887 detox[63192] i /Users/coding/Library/Android/sdk/platform-tools/adb -s emulator-16546 shell pm install -r -g -t /data/local/tmp/detox/Test.apk
01:22:30.078 detox[63192] i Success

01:22:30.082 detox[63192] i /Users/coding/Library/Android/sdk/platform-tools/adb -s emulator-16546 shell pm install -r -g -t /data/local/tmp/detox/Test.apk exited with code #0
01:22:30.082 detox[63192] E installApp
01:22:30.082 detox[63192] B selectApp
  args: ("default")
01:22:30.082 detox[63192] B terminateApp
  args: ()
01:22:30.082 detox[63192] B onBeforeTerminateApp
  args: ({"deviceId":"emulator-16546","bundleId":"com.notesbrain.echo"})
01:22:30.082 detox[63192] E onBeforeTerminateApp
01:22:30.082 detox[63192] i "/Users/coding/Library/Android/sdk/platform-tools/adb" -s emulator-16546 shell "am force-stop com.notesbrain.echo"
01:22:30.131 detox[63192] i 
01:22:30.131 detox[63192] B onTerminateApp
  args: ({"deviceId":"emulator-16546","bundleId":"com.notesbrain.echo"})
01:22:30.131 detox[63192] E onTerminateApp
01:22:30.131 detox[63192] E terminateApp
01:22:30.131 detox[63192] E selectApp
01:22:30.131 detox[63192] E set up environment
01:22:30.257 detox[63192] i capture-and-summary.e2e.js is assigned to emulator-16546 (Pixel_9)
01:22:30.258 detox[63192] B run the tests
01:22:30.258 detox[63192] B onRunDescribeStart
  args: ({"name":"ROOT_DESCRIBE_BLOCK"})
01:22:30.258 detox[63192] E onRunDescribeStart
01:22:30.258 detox[63192] B mobile e2e: capture and summary
01:22:30.258 detox[63192] B onRunDescribeStart
  args: ({"name":"mobile e2e: capture and summary"})
01:22:30.258 detox[63192] E onRunDescribeStart
01:22:30.258 detox[63192] B beforeAll
01:22:30.652 detox[63192] E beforeAll
01:22:30.652 detox[63192] B captures a text note and displays it in the notes tab
01:22:30.652 detox[63192] i mobile e2e: capture and summary: captures a text note and displays it in the notes tab
01:22:30.653 detox[63192] B onTestStart
  args: ({"title":"captures a text note and displays it in the notes tab","fullName":"mobile e2e: capture and summary captures a text note and displays it in the notes tab","status":"running","invocations":1})
01:22:30.654 detox[63192] i starting ADBLogcatRecording
01:22:30.655 detox[63192] i /Users/coding/Library/Android/sdk/platform-tools/adb -s emulator-16546 shell "logcat -f /sdcard/12223872_0.log"
01:22:30.655 detox[63192] E onTestStart
01:22:30.655 detox[63192] B beforeEach
01:22:30.655 detox[63192] E beforeEach
01:22:30.655 detox[63192] B beforeEach
01:22:30.901 detox[63192] B launchApp
  args: ({"newInstance":true,"delete":true})
01:22:30.901 detox[63192] B terminateApp
  args: ("com.notesbrain.echo")
01:22:30.901 detox[63192] B onBeforeTerminateApp
  args: ({"deviceId":"emulator-16546","bundleId":"com.notesbrain.echo"})
01:22:30.901 detox[63192] E onBeforeTerminateApp
01:22:30.902 detox[63192] i "/Users/coding/Library/Android/sdk/platform-tools/adb" -s emulator-16546 shell "am force-stop com.notesbrain.echo"
01:22:30.953 detox[63192] i 
01:22:30.953 detox[63192] B onTerminateApp
  args: ({"deviceId":"emulator-16546","bundleId":"com.notesbrain.echo"})
01:22:30.953 detox[63192] E onTerminateApp
01:22:30.953 detox[63192] E terminateApp
01:22:30.954 detox[63192] B uninstallApp
  args: ()
01:22:30.954 detox[63192] B onBeforeUninstallApp
  args: ({"deviceId":"emulator-16546","bundleId":"com.notesbrain.echo"})
01:22:30.954 detox[63192] E onBeforeUninstallApp
01:22:30.954 detox[63192] i "/Users/coding/Library/Android/sdk/platform-tools/adb" -s emulator-16546 shell "pm list packages com.notesbrain.echo"
01:22:30.956 detox[63192] i "/Users/coding/Library/Android/sdk/platform-tools/adb" -s emulator-16546 shell du /sdcard/12223872_0.log
01:22:30.993 detox[63192] i 4	/sdcard/12223872_0.log

01:22:31.005 detox[63192] i package:com.notesbrain.echo.test
package:com.notesbrain.echo

01:22:31.005 detox[63192] i "/Users/coding/Library/Android/sdk/platform-tools/adb" -s emulator-16546 uninstall com.notesbrain.echo
01:22:31.150 detox[63192] i Success

01:22:31.150 detox[63192] i "/Users/coding/Library/Android/sdk/platform-tools/adb" -s emulator-16546 shell "pm list packages com.notesbrain.echo.test"
01:22:31.188 detox[63192] i package:com.notesbrain.echo.test

01:22:31.189 detox[63192] i "/Users/coding/Library/Android/sdk/platform-tools/adb" -s emulator-16546 uninstall com.notesbrain.echo.test
01:22:31.329 detox[63192] i Success

01:22:31.329 detox[63192] E uninstallApp
01:22:31.329 detox[63192] B installApp
  args: ()
01:22:31.329 detox[63192] i "/Users/coding/Library/Android/sdk/build-tools/36.1.0/aapt" dump xmlstrings "/Users/coding/Projects/notes_brain/apps/mobile/android/app/build/outputs/apk/debug/app-debug.apk" AndroidManifest.xml
01:22:31.343 detox[63192] i String pool of 197 unique UTF-16 non-sorted strings, 197 entries and 0 styles using 14968 bytes:
String #0: theme
String #1: label
String #2: icon
String #3: name
String #4: permission
String #5: protectionLevel
String #6: enabled
String #7: debuggable
String #8: exported
String #9: taskAffinity
String #10: excludeFromRecents
String #11: authorities
String #12: initOrder
String #13: grantUriPermissions
String #14: priority
String #15: launchMode
String #16: screenOrientation
String #17: configChanges
String #18: value
String #19: resource
String #20: mimeType
String #21: scheme
String #22: minSdkVersion
String #23: versionCode
String #24: versionName
String #25: windowSoftInputMode
String #26: noHistory
String #27: targetSdkVersion
String #28: allowBackup
String #29: supportsRtl
String #30: extractNativeLibs
String #31: fullBackupContent
String #32: usesCleartextTraffic
String #33: directBootAware
String #34: roundIcon
String #35: compileSdkVersion
String #36: compileSdkVersionCodename
String #37: appComponentFactory
String #38: foregroundServiceType
String #39: dataExtractionRules
String #40: enableOnBackInvokedCallback
String #41: 
String #42: 1.0.0
String #43: 16
String #44: ALWAYS
String #45: action
String #46: activity
String #47: android
String #48: android.intent.action.BOOT_COMPLETED
String #49: android.intent.action.MAIN
String #50: android.intent.action.MY_PACKAGE_REPLACED
String #51: android.intent.action.OPEN_DOCUMENT_TREE
String #52: android.intent.action.QUICKBOOT_POWERON
String #53: android.intent.action.REBOOT
String #54: android.intent.action.SEND
String #55: android.intent.action.SEND_MULTIPLE
String #56: android.intent.action.VIEW
String #57: android.intent.category.BROWSABLE
String #58: android.intent.category.DEFAULT
String #59: android.intent.category.LAUNCHER
String #60: android.permission.ACCESS_NETWORK_STATE
String #61: android.permission.ACCESS_WIFI_STATE
String #62: android.permission.BIND_JOB_SERVICE
String #63: android.permission.DUMP
String #64: android.permission.FOREGROUND_SERVICE
String #65: android.permission.FOREGROUND_SERVICE_MEDIA_PLAYBACK
String #66: android.permission.INTERNET
String #67: android.permission.MODIFY_AUDIO_SETTINGS
String #68: android.permission.POST_NOTIFICATIONS
String #69: android.permission.READ_APP_BADGE
String #70: android.permission.READ_EXTERNAL_STORAGE
String #71: android.permission.RECEIVE_BOOT_COMPLETED
String #72: android.permission.RECORD_AUDIO
String #73: android.permission.SYSTEM_ALERT_WINDOW
String #74: android.permission.USE_BIOMETRIC
String #75: android.permission.USE_FINGERPRINT
String #76: android.permission.VIBRATE
String #77: android.permission.WAKE_LOCK
String #78: android.permission.WRITE_EXTERNAL_STORAGE
String #79: android.support.FILE_PROVIDER_PATHS
String #80: androidx.compose.ui.tooling.PreviewActivity
String #81: androidx.core.app.CoreComponentFactory
String #82: androidx.emoji2.text.EmojiCompatInitializer
String #83: androidx.lifecycle.ProcessLifecycleInitializer
String #84: androidx.media3.session.MediaSessionService
String #85: androidx.profileinstaller.ProfileInstallReceiver
String #86: androidx.profileinstaller.ProfileInstallerInitializer
String #87: androidx.profileinstaller.action.BENCHMARK_OPERATION
String #88: androidx.profileinstaller.action.INSTALL_PROFILE
String #89: androidx.profileinstaller.action.SAVE_PROFILE
String #90: androidx.profileinstaller.action.SKIP_FILE
String #91: androidx.startup
String #92: androidx.startup.InitializationProvider
String #93: application
String #94: application/pdf
String #95: backend:com.google.android.datatransport.cct.CctBackendFactory
String #96: barcode_ui
String #97: category
String #98: cct
String #99: com.anddoes.launcher.permission.UPDATE_COUNT
String #100: com.facebook.react.devsupport.DevSettingsActivity
String #101: com.facebook.soloader.enabled
String #102: com.google.android.c2dm.intent.RECEIVE
String #103: com.google.android.c2dm.permission.RECEIVE
String #104: com.google.android.c2dm.permission.SEND
String #105: com.google.android.datatransport.runtime.backends.TransportBackendDiscovery
String #106: com.google.android.datatransport.runtime.scheduling.jobscheduling.AlarmManagerSchedulerBroadcastReceiver
String #107: com.google.android.datatransport.runtime.scheduling.jobscheduling.JobInfoSchedulerService
String #108: com.google.android.finsky.permission.BIND_GET_INSTALL_REFERRER_SERVICE
String #109: com.google.android.gms.cloudmessaging.FINISHED_AFTER_HANDLED
String #110: com.google.android.gms.common.api.GoogleApiActivity
String #111: com.google.android.gms.version
String #112: com.google.firebase.MESSAGING_EVENT
String #113: com.google.firebase.components.ComponentDiscoveryService
String #114: com.google.firebase.components.ComponentRegistrar
String #115: com.google.firebase.components:com.google.firebase.FirebaseCommonKtxRegistrar
String #116: com.google.firebase.components:com.google.firebase.datatransport.TransportRegistrar
String #117: com.google.firebase.components:com.google.firebase.installations.FirebaseInstallationsKtxRegistrar
String #118: com.google.firebase.components:com.google.firebase.installations.FirebaseInstallationsRegistrar
String #119: com.google.firebase.components:com.google.firebase.ktx.FirebaseCommonLegacyRegistrar
String #120: com.google.firebase.components:com.google.firebase.messaging.FirebaseMessagingKtxRegistrar
String #121: com.google.firebase.components:com.google.firebase.messaging.FirebaseMessagingRegistrar
String #122: com.google.firebase.components:com.google.mlkit.common.internal.CommonComponentRegistrar
String #123: com.google.firebase.components:com.google.mlkit.vision.barcode.internal.BarcodeRegistrar
String #124: com.google.firebase.components:com.google.mlkit.vision.common.internal.VisionCommonRegistrar
String #125: com.google.firebase.iid.FirebaseInstanceIdReceiver
String #126: com.google.firebase.messaging.FirebaseMessagingService
String #127: com.google.firebase.messaging.default_notification_color
String #128: com.google.firebase.messaging.default_notification_icon
String #129: com.google.firebase.provider.FirebaseInitProvider
String #130: com.google.mlkit.common.internal.MlKitComponentDiscoveryService
String #131: com.google.mlkit.common.internal.MlKitInitProvider
String #132: com.google.mlkit.vision.DEPENDENCIES
String #133: com.google.mlkit.vision.codescanner.internal.GmsBarcodeScanningDelegateActivity
String #134: com.htc.intent.action.QUICKBOOT_POWERON
String #135: com.htc.launcher.permission.READ_SETTINGS
String #136: com.htc.launcher.permission.UPDATE_SHORTCUT
String #137: com.huawei.android.launcher.permission.CHANGE_BADGE
String #138: com.huawei.android.launcher.permission.READ_SETTINGS
String #139: com.huawei.android.launcher.permission.WRITE_SETTINGS
String #140: com.majeur.launcher.permission.UPDATE_BADGE
String #141: com.notesbrain.echo
String #142: com.notesbrain.echo.DYNAMIC_RECEIVER_NOT_EXPORTED_PERMISSION
String #143: com.notesbrain.echo.FileSystemFileProvider
String #144: com.notesbrain.echo.MainActivity
String #145: com.notesbrain.echo.MainApplication
String #146: com.notesbrain.echo.androidx-startup
String #147: com.notesbrain.echo.firebaseinitprovider
String #148: com.notesbrain.echo.mlkitinitprovider
String #149: com.oppo.launcher.permission.READ_SETTINGS
String #150: com.oppo.launcher.permission.WRITE_SETTINGS
String #151: com.sec.android.provider.badge.permission.READ
String #152: com.sec.android.provider.badge.permission.WRITE
String #153: com.sonyericsson.home.permission.BROADCAST_BADGE
String #154: com.sonymobile.home.permission.PROVIDER_INSERT_BADGE
String #155: data
String #156: echo
String #157: exp+echo
String #158: expo-dev-launcher
String #159: expo.modules.adapters.react.apploader.RNHeadlessAppLoader
String #160: expo.modules.audio.service.AudioControlsService
String #161: expo.modules.audio.service.AudioRecordingService
String #162: expo.modules.devlauncher.compose.AuthActivity
String #163: expo.modules.devlauncher.launcher.DevLauncherActivity
String #164: expo.modules.devlauncher.launcher.errors.DevLauncherErrorActivity
String #165: expo.modules.filesystem.FileSystemFileProvider
String #166: expo.modules.notifications.NOTIFICATION_EVENT
String #167: expo.modules.notifications.default_notification_color
String #168: expo.modules.notifications.default_notification_icon
String #169: expo.modules.notifications.service.ExpoFirebaseMessagingService
String #170: expo.modules.notifications.service.NotificationForwarderActivity
String #171: expo.modules.notifications.service.NotificationsService
String #172: expo.modules.updates.ENABLED
String #173: expo.modules.updates.EXPO_UPDATES_CHECK_ON_LAUNCH
String #174: expo.modules.updates.EXPO_UPDATES_LAUNCH_WAIT_MS
String #175: host.exp.exponent
String #176: http://schemas.android.com/apk/res/android
String #177: https
String #178: image/*
String #179: intent
String #180: intent-filter
String #181: manifest
String #182: me.everything.badger.permission.BADGE_COUNT_READ
String #183: me.everything.badger.permission.BADGE_COUNT_WRITE
String #184: meta-data
String #185: org.unimodules.core.AppLoader#react-native-headless
String #186: package
String #187: permission
String #188: platformBuildVersionCode
String #189: platformBuildVersionName
String #190: provider
String #191: queries
String #192: receiver
String #193: service
String #194: text/*
String #195: uses-permission
String #196: uses-sdk

01:22:31.343 detox[63192] i "/Users/coding/Library/Android/sdk/build-tools/36.1.0/aapt" dump xmlstrings "/Users/coding/Projects/notes_brain/apps/mobile/android/app/build/outputs/apk/androidTest/debug/app-debug-androidTest.apk" AndroidManifest.xml
01:22:31.357 detox[63192] i String pool of 43 unique UTF-16 non-sorted strings, 43 entries and 0 styles using 2140 bytes:
String #0: theme
String #1: label
String #2: name
String #3: debuggable
String #4: exported
String #5: priority
String #6: targetPackage
String #7: handleProfiling
String #8: functionalTest
String #9: minSdkVersion
String #10: targetSdkVersion
String #11: extractNativeLibs
String #12: compileSdkVersion
String #13: compileSdkVersionCodename
String #14: 16
String #15: Tests for com.notesbrain.echo
String #16: activity
String #17: android
String #18: android.intent.category.LAUNCHER
String #19: android.permission.REORDER_TASKS
String #20: android.test.runner
String #21: androidx.test.core.app.InstrumentationActivityInvoker$BootstrapActivity
String #22: androidx.test.core.app.InstrumentationActivityInvoker$EmptyActivity
String #23: androidx.test.core.app.InstrumentationActivityInvoker$EmptyFloatingActivity
String #24: androidx.test.orchestrator
String #25: androidx.test.runner.AndroidJUnitRunner
String #26: androidx.test.services
String #27: application
String #28: category
String #29: com.google.android.apps.common.testing.services
String #30: com.notesbrain.echo
String #31: com.notesbrain.echo.test
String #32: http://schemas.android.com/apk/res/android
String #33: instrumentation
String #34: intent-filter
String #35: manifest
String #36: package
String #37: platformBuildVersionCode
String #38: platformBuildVersionName
String #39: queries
String #40: uses-library
String #41: uses-permission
String #42: uses-sdk

01:22:31.357 detox[63192] i "/Users/coding/Library/Android/sdk/platform-tools/adb" -s emulator-16546 shell "rm -fr /data/local/tmp/detox"
01:22:31.414 detox[63192] i 
01:22:31.414 detox[63192] i "/Users/coding/Library/Android/sdk/platform-tools/adb" -s emulator-16546 shell "mkdir -p /data/local/tmp/detox"
01:22:31.444 detox[63192] i 
01:22:31.444 detox[63192] i "/Users/coding/Library/Android/sdk/platform-tools/adb" -s emulator-16546 push "/Users/coding/Projects/notes_brain/apps/mobile/android/app/build/outputs/apk/debug/app-debug.apk" "/data/local/tmp/detox/Application.apk"
01:22:32.018 detox[63192] i /Users/coding/Projects/notes_brain/apps/mobile/android/app/build/outputs/apk/debug/app-debug.apk: 1 file pushed, 0 skipped. 400.2 MB/s (175850073 bytes in 0.419s)

01:22:32.019 detox[63192] i /Users/coding/Library/Android/sdk/platform-tools/adb -s emulator-16546 shell pm install -r -g -t /data/local/tmp/detox/Application.apk
01:22:32.879 detox[63192] i Success

01:22:32.885 detox[63192] i /Users/coding/Library/Android/sdk/platform-tools/adb -s emulator-16546 shell pm install -r -g -t /data/local/tmp/detox/Application.apk exited with code #0
01:22:32.886 detox[63192] i "/Users/coding/Library/Android/sdk/platform-tools/adb" -s emulator-16546 push "/Users/coding/Projects/notes_brain/apps/mobile/android/app/build/outputs/apk/androidTest/debug/app-debug-androidTest.apk" "/data/local/tmp/detox/Test.apk"
01:22:32.935 detox[63192] i /Users/coding/Projects/notes_brain/apps/mobile/android/app/build/outputs/apk/androidTest/debug/app-debug-androidTest.apk: 1 file pushed, 0 skipped. 524.6 MB/s (3530276 bytes in 0.006s)

01:22:32.936 detox[63192] i /Users/coding/Library/Android/sdk/platform-tools/adb -s emulator-16546 shell pm install -r -g -t /data/local/tmp/detox/Test.apk
01:22:33.294 detox[63192] i Success

01:22:33.297 detox[63192] i /Users/coding/Library/Android/sdk/platform-tools/adb -s emulator-16546 shell pm install -r -g -t /data/local/tmp/detox/Test.apk exited with code #0
01:22:33.297 detox[63192] E installApp
01:22:33.297 detox[63192] B onBeforeLaunchApp
  args: ({"deviceId":"emulator-16546","bundleId":"com.notesbrain.echo","launchArgs":{"detoxServer":"ws://localhost:62465","detoxSessionId":"49eb8b85-ccbc-9626-7084-0578dfcb278a"}})
01:22:33.297 detox[63192] i "/Users/coding/Library/Android/sdk/platform-tools/adb" -s emulator-16546 shell "date +\"%m-%d %T.000\""
01:22:33.518 detox[63192] i 03-09 01:22:31.000

01:22:33.518 detox[63192] E onBeforeLaunchApp
01:22:33.518 detox[63192] i "/Users/coding/Library/Android/sdk/platform-tools/adb" -s emulator-16546 reverse tcp:62465 tcp:62465
01:22:33.540 detox[63192] i 62465

01:22:33.540 detox[63192] i "/Users/coding/Library/Android/sdk/platform-tools/adb" -s emulator-16546 shell "pm list instrumentation"
01:22:33.605 detox[63192] i instrumentation:com.notesbrain.echo.test/androidx.test.runner.AndroidJUnitRunner (target=com.notesbrain.echo)

01:22:33.606 detox[63192] i /Users/coding/Library/Android/sdk/platform-tools/adb -s emulator-16546 shell am instrument -w -r -e detoxServer ws://localhost:62465 -e detoxSessionId 49eb8b85-ccbc-9626-7084-0578dfcb278a -e debug false com.notesbrain.echo.test/androidx.test.runner.AndroidJUnitRunner
01:22:34.109 detox[63192] i "/Users/coding/Library/Android/sdk/platform-tools/adb" -s emulator-16546 shell "ps | grep \"com\.notesbrain\.echo$\""
01:22:35.199 detox[63192] i u0_a224      18555   452   16723596 215280 0                   0 R com.notesbrain.echo

01:22:35.199 detox[63192] B onLaunchApp
  args: ({"deviceId":"emulator-16546","bundleId":"com.notesbrain.echo","launchArgs":{"detoxServer":"ws://localhost:62465","detoxSessionId":"49eb8b85-ccbc-9626-7084-0578dfcb278a"},"pid":18555})
01:22:35.199 detox[63192] i starting ADBLogcatRecording
01:22:35.199 detox[63192] i stopping ADBLogcatRecording
01:22:35.199 detox[63192] i "/Users/coding/Library/Android/sdk/platform-tools/adb" -s emulator-16546 shell "date +\"%m-%d %T.000\""
01:22:35.227 detox[63192] i 03-09 01:22:33.000

01:22:35.229 detox[63192] i sending SIGINT to: /Users/coding/Library/Android/sdk/platform-tools/adb -s emulator-16546 shell logcat -f /sdcard/12223872_0.log
01:22:35.229 detox[63192] i /Users/coding/Library/Android/sdk/platform-tools/adb -s emulator-16546 shell "logcat -f /sdcard/12223872_0.log" terminated with SIGINT
01:22:35.230 detox[63192] i /Users/coding/Library/Android/sdk/platform-tools/adb -s emulator-16546 shell "logcat -T \"03-09 01:22:33.000\" --pid=18555 -f /sdcard/12223872_0.log"
01:22:35.230 detox[63192] E onLaunchApp
01:22:35.533 detox[63192] i "/Users/coding/Library/Android/sdk/platform-tools/adb" -s emulator-16546 shell du /sdcard/12223872_0.log
01:22:35.559 detox[63192] i 22580	/sdcard/12223872_0.log

01:22:35.789 detox[63192] i INSTRUMENTATION_STATUS: class=com.notesbrain.echo.DetoxTest
INSTRUMENTATION_STATUS: current=1
INSTRUMENTATION_STATUS: id=AndroidJUnitRunner
INSTRUMENTATION_STATUS: numtests=1
INSTRUMENTATION_STATUS: stream=
com.notesbrain.echo.DetoxTest:
INSTRUMENTATION_STATUS: test=runDetoxTests
INSTRUMENTATION_STATUS_CODE: 1

01:22:35.805 detox[63189] B connection :62465<->:62666
01:22:35.808 detox[63189] i get
  data: {"messageId":0,"type":"login","params":{"role":"app","sessionId":"49eb8b85-ccbc-9626-7084-0578dfcb278a"}}
01:22:35.808 detox[63189] i send
  data: {
    "messageId": 0,
    "type": "loginSuccess",
    "params": {
      "testerConnected": true,
      "appConnected": true
    }
  }
01:22:35.808 detox[63189] i app joined session 49eb8b85-ccbc-9626-7084-0578dfcb278a
01:22:35.808 detox[63189] i send
  data: {
    "type": "appConnected"
  }
01:22:35.809 detox[63189] i get
  data: {"type":"isReady","params":{},"messageId":-1000}
01:22:35.809 detox[63189] i send
  data: {
    "type": "isReady",
    "params": {},
    "messageId": -1000
  }
01:22:35.809 detox[63192] i get message
  data: {"type":"appConnected"}
   
01:22:35.809 detox[63192] i send message
  data: {"type":"isReady","params":{},"messageId":-1000}
01:22:45.811 detox[63189] i get
  data: {"type":"currentStatus","params":{},"messageId":1}
01:22:45.811 detox[63189] i send
  data: {
    "type": "currentStatus",
    "params": {},
    "messageId": 1
  }
01:22:45.811 detox[63192] i send message
  data: {"type":"currentStatus","params":{},"messageId":1}
01:22:50.812 detox[63192] i Failed to execute the current status query. The pending request #1 ("currentStatus") has been rejected due to the following error:

The tester has not received a response within 5000ms timeout to the message:

CurrentStatus {
  type: 'currentStatus',
  params: {},
  messageId: 1
}
    at listOnTimeout (node:internal/timers:608:17)
    at processTimers (node:internal/timers:543:7) {
  name: 'DetoxRuntimeError'
}
01:23:36.899 detox[63189] i get
  data: {"messageId":-1000,"type":"ready","params":{}}
01:23:36.899 detox[63189] i send
  data: {
    "messageId": -1000,
    "type": "ready",
    "params": {}
  }
01:23:36.900 detox[63192] i get message
  data: {"messageId":-1000,"type":"ready","params":{}}
   
01:23:36.900 detox[63192] B onAppReady
  args: ({"deviceId":"emulator-16546","bundleId":"com.notesbrain.echo","pid":18555})
01:23:36.900 detox[63192] E onAppReady
01:23:36.900 detox[63192] E launchApp
01:23:36.900 detox[63192] E beforeEach
01:23:36.900 detox[63192] B test_fn
01:23:36.903 detox[63189] i get
  data: {"type":"invoke","params":{"target":{"type":"Class","value":"com.wix.detox.espresso.DetoxAssertion"},"method":"waitForAssertMatcher","args":[{"type":"Invocation","value":{"target":{"type":"Class","value":"androidx.test.espresso.Espresso"},"method":"onView","args":[{"type":"Invocation","value":{"target":{"type":"Class","value":"com.wix.detox.espresso.DetoxMatcher"},"method":"matcherForTestId","args":["login-email-input",{"type":"boolean","value":false}]}}]}},{"type":"Invocation","value":{"target":{"type":"Class","value":"com.wix.detox.espresso.DetoxMatcher"},"method":"matcherForSufficientlyVisible","args":[{"type":"Integer","value":75}]}},{"type":"Double","value":15}]},"messageId":2}
01:23:36.903 detox[63189] i send
  data: {
    "type": "invoke",
    "params": {
      "target": {
        "type": "Class",
        "value": "com.wix.detox.espresso.DetoxAssertion"
      },
      "method": "waitForAssertMatcher",
      "args": [
        {
          "type": "Invocation",
          "value": {
            "target": {
              "type": "Class",
              "value": "androidx.test.espresso.Espresso"
            },
            "method": "onView",
            "args": [
              {
                "type": "Invocation",
                "value": {
                  "target": {
                    "type": "Class",
                    "value": "com.wix.detox.espresso.DetoxMatcher"
                  },
                  "method": "matcherForTestId",
                  "args": [
                    "login-email-input",
                    {
                      "type": "boolean",
                      "value": false
                    }
                  ]
                }
              }
            ]
          }
        },
        {
          "type": "Invocation",
          "value": {
            "target": {
              "type": "Class",
              "value": "com.wix.detox.espresso.DetoxMatcher"
            },
            "method": "matcherForSufficientlyVisible",
            "args": [
              {
                "type": "Integer",
                "value": 75
              }
            ]
          }
        },
        {
          "type": "Double",
          "value": 15
        }
      ]
    },
    "messageId": 2
  }
01:23:36.903 detox[63192] i send message
  data: {"type":"invoke","params":{"target":{"type":"Class","value":"com.wix.detox.espresso.DetoxAssertion"},"method":"waitForAssertMatcher","args":[{"type":"Invocation","value":{"target":{"type":"Class","value":"androidx.test.espresso.Espresso"},"method":"onView","args":[{"type":"Invocation","value":{"target":{"type":"Class","value":"com.wix.detox.espresso.DetoxMatcher"},"method":"matcherForTestId","args":["login-email-input",{"type":"boolean","value":false}]}}]}},{"type":"Invocation","value":{"target":{"type":"Class","value":"com.wix.detox.espresso.DetoxMatcher"},"method":"matcherForSufficientlyVisible","args":[{"type":"Integer","value":75}]}},{"type":"Double","value":15}]},"messageId":2}
01:23:36.903 detox[63192] B undefined with timeout (15000 ms)
  data: {
    "target": {
      "type": "Class",
      "value": "com.wix.detox.espresso.DetoxAssertion"
    },
    "method": "waitForAssertMatcher",
    "args": [
      {
        "type": "Invocation",
        "value": {
          "target": {
            "type": "Class",
            "value": "androidx.test.espresso.Espresso"
          },
          "method": "onView",
          "args": [
            {
              "type": "Invocation",
              "value": {
                "target": {
                  "type": "Class",
                  "value": "com.wix.detox.espresso.DetoxMatcher"
                },
                "method": "matcherForTestId",
                "args": [
                  "login-email-input",
                  {
                    "type": "boolean",
                    "value": false
                  }
                ]
              }
            }
          ]
        }
      },
      {
        "type": "Invocation",
        "value": {
          "target": {
            "type": "Class",
            "value": "com.wix.detox.espresso.DetoxMatcher"
          },
          "method": "matcherForSufficientlyVisible",
          "args": [
            {
              "type": "Integer",
              "value": 75
            }
          ]
        }
      },
      {
        "type": "Double",
        "value": 15
      }
    ]
  }
01:23:36.904 detox[63192] i INSTRUMENTATION_STATUS: class=com.notesbrain.echo.DetoxTest
INSTRUMENTATION_STATUS: current=1
INSTRUMENTATION_STATUS: id=AndroidJUnitRunner
INSTRUMENTATION_STATUS: numtests=1
INSTRUMENTATION_STATUS: stack=com.wix.detox.common.DetoxErrors$DetoxRuntimeException: Waited for the new RN-context for too long! (60 seconds)
If you think that's not long enough, consider applying a custom Detox runtime-config in DetoxTest.runTests().
	at com.wix.detox.reactnative.ReactNativeLoadingMonitor.awaitNewRNContext(ReactNativeLoadingMonitor.kt:54)
	at com.wix.detox.reactnative.ReactNativeLoadingMonitor.getNewContext(ReactNativeLoadingMonitor.kt:26)
	at com.wix.detox.reactnative.ReactNativeExtension.awaitNewReactNativeContext(ReactNativeExtension.kt:127)
	at com.wix.detox.reactnative.ReactNativeExtension.waitForRNBootstrap(ReactNativeExtension.kt:37)
	at com.wix.detox.DetoxMain.launchActivity(DetoxMain.kt:133)
	at com.wix.detox.DetoxMain.launchActivityOnCue(DetoxMain.kt:55)
	at com.wix.detox.DetoxMain.run(DetoxMain.kt:35)
	at com.wix.detox.Detox.runTests(Detox.java:127)
	at com.wix.detox.Detox.runTests(Detox.java:113)
	at com.wix.detox.Detox.runTests(Detox.java:84)
	at com.notesbrain.echo.DetoxTest.runDetoxTests(DetoxTest.java:20)

INSTRUMENTATION_STATUS: stream=
Error in runDetoxTests(com.notesbrain.echo.DetoxTest):
com.wix.detox.common.DetoxErrors$DetoxRuntimeException: Waited for the new RN-context for too long! (60 seconds)
If you think that's not long enough, consider applying a custom Detox runtime-config in DetoxTest.runTests().
	at com.wix.detox.reactnative.ReactNativeLoadingMonitor.awaitNewRNContext(ReactNativeLoadingMonitor.kt:54)
	at com.wix.detox.reactnative.ReactNativeLoadingMonitor.getNewContext(ReactNativeLoadingMonitor.kt:26)
	at com.wix.detox.reactnative.ReactNativeExtension.awaitNewReactNativeContext(ReactNativeExtension.kt:127)
	at com.wix.detox.reactnative.ReactNativeExtension.waitForRNBootstrap(ReactNativeExtension.kt:37)
	at com.wix.detox.DetoxMain.launchActivity(DetoxMain.kt:133)
	at com.wix.detox.DetoxMain.launchActivityOnCue(DetoxMain.kt:55)
	at com.wix.detox.DetoxMain.run(DetoxMain.kt:35)
	at com.wix.detox.Detox.runTests(Detox.java:127)
	at com.wix.detox.Detox.runTests(Detox.java:113)
	at com.wix.detox.Detox.runTests(Detox.java:84)
	at com.notesbrain.echo.DetoxTest.runDetoxTests(DetoxTest.java:20)

INSTRUMENTATION_STATUS: test=runDetoxTests
INSTRUMENTATION_STATUS_CODE: -2

01:23:36.905 detox[63189] i get
  data: {"messageId":1,"type":"currentStatusResult","params":{"status":{"app_status":"idle"}}}
01:23:36.905 detox[63189] i send
  data: {
    "messageId": 1,
    "type": "currentStatusResult",
    "params": {
      "status": {
        "app_status": "idle"
      }
    }
  }
01:23:36.905 detox[63192] i get message
  data: {"messageId":1,"type":"currentStatusResult","params":{"status":{"app_status":"idle"}}}
   
01:23:37.064 detox[63192] i INSTRUMENTATION_RESULT: stream=

Time: 61.266
There was 1 failure:
1) runDetoxTests(com.notesbrain.echo.DetoxTest)
com.wix.detox.common.DetoxErrors$DetoxRuntimeException: Waited for the new RN-context for too long! (60 seconds)
If you think that's not long enough, consider applying a custom Detox runtime-config in DetoxTest.runTests().
	at com.wix.detox.reactnative.ReactNativeLoadingMonitor.awaitNewRNContext(ReactNativeLoadingMonitor.kt:54)
	at com.wix.detox.reactnative.ReactNativeLoadingMonitor.getNewContext(ReactNativeLoadingMonitor.kt:26)
	at com.wix.detox.reactnative.ReactNativeExtension.awaitNewReactNativeContext(ReactNativeExtension.kt:127)
	at com.wix.detox.reactnative.ReactNativeExtension.waitForRNBootstrap(ReactNativeExtension.kt:37)
	at com.wix.detox.DetoxMain.launchActivity(DetoxMain.kt:133)
	at com.wix.detox.DetoxMain.launchActivityOnCue(DetoxMain.kt:55)
	at com.wix.detox.DetoxMain.run(DetoxMain.kt:35)
	at com.wix.detox.Detox.runTests(Detox.java:127)
	at com.wix.detox.Detox.runTests(Detox.java:113)
	at com.wix.detox.Detox.runTests(Detox.java:84)
	at com.notesbrain.echo.DetoxTest.runDetoxTests(DetoxTest.java:20)

FAILURES!!!
Tests run: 1,  Failures: 1


INSTRUMENTATION_CODE: -1

01:23:37.079 detox[63192] i /Users/coding/Library/Android/sdk/platform-tools/adb -s emulator-16546 shell am instrument -w -r -e detoxServer ws://localhost:62465 -e detoxSessionId 49eb8b85-ccbc-9626-7084-0578dfcb278a -e debug false com.notesbrain.echo.test/androidx.test.runner.AndroidJUnitRunner exited with code #0
01:23:37.079 detox[63192] i "/Users/coding/Library/Android/sdk/platform-tools/adb" -s emulator-16546 reverse --remove tcp:62465
01:23:37.083 detox[63189] i app exited session 49eb8b85-ccbc-9626-7084-0578dfcb278a
01:23:37.083 detox[63189] i send
  data: {
    "type": "appDisconnected"
  }
01:23:37.083 detox[63189] E connection :62465<->:62666
01:23:37.083 detox[63192] i get message
  data: {"type":"appDisconnected"}
   
01:23:37.084 detox[63192] E undefined with timeout (15000 ms)
  error: The pending request #2 ("invoke") has been rejected due to the following error:
  
  The app has unexpectedly disconnected from Detox server.
01:23:37.084 detox[63192] B onTestFnFailure
  args: ({"error":{"name":"DetoxRuntimeError"}})
01:23:37.084 detox[63192] E onTestFnFailure
01:23:37.084 detox[63192] E test_fn
  error: The pending request #2 ("invoke") has been rejected due to the following error:
  
  The app has unexpectedly disconnected from Detox server.
01:23:37.085 detox[63192] B onTestDone
  args: ({"title":"captures a text note and displays it in the notes tab","fullName":"mobile e2e: capture and summary captures a text note and displays it in the notes tab","status":"failed","invocations":1,"timedOut":false})
01:23:37.085 detox[63192] i stopping ADBLogcatRecording
01:23:37.085 detox[63192] i "/Users/coding/Library/Android/sdk/platform-tools/adb" -s emulator-16546 shell "date +\"%m-%d %T.000\""
01:23:37.097 detox[63192] i 
01:23:37.113 detox[63192] i 03-09 01:23:34.000

01:23:37.114 detox[63192] i sending SIGINT to: /Users/coding/Library/Android/sdk/platform-tools/adb -s emulator-16546 shell logcat -T "03-09 01:22:33.000" --pid=18555 -f /sdcard/12223872_0.log
01:23:37.115 detox[63192] i /Users/coding/Library/Android/sdk/platform-tools/adb -s emulator-16546 shell "logcat -T \"03-09 01:22:33.000\" --pid=18555 -f /sdcard/12223872_0.log" terminated with SIGINT
01:23:37.115 detox[63192] E onTestDone
01:23:37.116 detox[63192] E captures a text note and displays it in the notes tab
01:23:37.116 detox[63192] i mobile e2e: capture and summary: captures a text note and displays it in the notes tab [FAIL]
01:23:37.116 detox[63192] B shows a seeded daily summary on the summary tab
01:23:37.116 detox[63192] i mobile e2e: capture and summary: shows a seeded daily summary on the summary tab
01:23:37.117 detox[63192] B onTestStart
  args: ({"title":"shows a seeded daily summary on the summary tab","fullName":"mobile e2e: capture and summary shows a seeded daily summary on the summary tab","status":"running","invocations":1})
01:23:37.117 detox[63192] i starting ADBLogcatRecording
01:23:37.117 detox[63192] i /Users/coding/Library/Android/sdk/platform-tools/adb -s emulator-16546 shell "logcat -T \"03-09 01:23:34.000\" --pid=18555 -f /sdcard/12223872_1.log"
01:23:37.117 detox[63192] E onTestStart
01:23:37.117 detox[63192] B beforeEach
01:23:37.117 detox[63192] E beforeEach
01:23:37.118 detox[63192] B beforeEach
01:23:37.119 detox[63192] i saving ADBLogcatRecording to: artifacts/android.emu.debug.2026-03-09 08-22-22Z/✗ mobile e2e_ capture and summary captures a text note and displays it in the notes tab/device.log
01:23:37.119 detox[63192] i "/Users/coding/Library/Android/sdk/platform-tools/adb" -s emulator-16546 pull "/sdcard/12223872_0.log" "artifacts/android.emu.debug.2026-03-09 08-22-22Z/✗ mobile e2e_ capture and summary captures a text note and displays it in the notes tab/device.log"
01:23:37.253 detox[63192] i /sdcard/12223872_0.log: 1 file pulled, 0 skipped. 194.2 MB/s (23142400 bytes in 0.114s)

01:23:37.253 detox[63192] i "/Users/coding/Library/Android/sdk/platform-tools/adb" -s emulator-16546 shell "rm  \"/sdcard/12223872_0.log\""
01:23:37.288 detox[63192] i 
01:23:37.419 detox[63192] i "/Users/coding/Library/Android/sdk/platform-tools/adb" -s emulator-16546 shell du /sdcard/12223872_1.log
01:23:37.445 detox[63192] i 4	/sdcard/12223872_1.log

01:23:37.634 detox[63192] B launchApp
  args: ({"newInstance":true,"delete":true})
01:23:37.635 detox[63192] B terminateApp
  args: ("com.notesbrain.echo")
01:23:37.635 detox[63192] B onBeforeTerminateApp
  args: ({"deviceId":"emulator-16546","bundleId":"com.notesbrain.echo"})
01:23:37.635 detox[63192] E onBeforeTerminateApp
01:23:37.635 detox[63192] i "/Users/coding/Library/Android/sdk/platform-tools/adb" -s emulator-16546 shell "am force-stop com.notesbrain.echo"
01:23:37.672 detox[63192] i 
01:23:37.672 detox[63192] B onTerminateApp
  args: ({"deviceId":"emulator-16546","bundleId":"com.notesbrain.echo"})
01:23:37.672 detox[63192] E onTerminateApp
01:23:37.672 detox[63192] E terminateApp
01:23:37.672 detox[63192] B uninstallApp
  args: ()
01:23:37.672 detox[63192] B onBeforeUninstallApp
  args: ({"deviceId":"emulator-16546","bundleId":"com.notesbrain.echo"})
01:23:37.672 detox[63192] E onBeforeUninstallApp
01:23:37.672 detox[63192] i "/Users/coding/Library/Android/sdk/platform-tools/adb" -s emulator-16546 shell "pm list packages com.notesbrain.echo"
01:23:37.703 detox[63192] i package:com.notesbrain.echo.test
package:com.notesbrain.echo

01:23:37.703 detox[63192] i "/Users/coding/Library/Android/sdk/platform-tools/adb" -s emulator-16546 uninstall com.notesbrain.echo
01:23:37.761 detox[63192] i Success

01:23:37.761 detox[63192] i "/Users/coding/Library/Android/sdk/platform-tools/adb" -s emulator-16546 shell "pm list packages com.notesbrain.echo.test"
01:23:37.816 detox[63192] i package:com.notesbrain.echo.test

01:23:37.816 detox[63192] i "/Users/coding/Library/Android/sdk/platform-tools/adb" -s emulator-16546 uninstall com.notesbrain.echo.test
01:23:37.950 detox[63192] i Success

01:23:37.950 detox[63192] E uninstallApp
01:23:37.950 detox[63192] B installApp
  args: ()
01:23:37.950 detox[63192] i "/Users/coding/Library/Android/sdk/build-tools/36.1.0/aapt" dump xmlstrings "/Users/coding/Projects/notes_brain/apps/mobile/android/app/build/outputs/apk/debug/app-debug.apk" AndroidManifest.xml
01:23:37.963 detox[63192] i String pool of 197 unique UTF-16 non-sorted strings, 197 entries and 0 styles using 14968 bytes:
String #0: theme
String #1: label
String #2: icon
String #3: name
String #4: permission
String #5: protectionLevel
String #6: enabled
String #7: debuggable
String #8: exported
String #9: taskAffinity
String #10: excludeFromRecents
String #11: authorities
String #12: initOrder
String #13: grantUriPermissions
String #14: priority
String #15: launchMode
String #16: screenOrientation
String #17: configChanges
String #18: value
String #19: resource
String #20: mimeType
String #21: scheme
String #22: minSdkVersion
String #23: versionCode
String #24: versionName
String #25: windowSoftInputMode
String #26: noHistory
String #27: targetSdkVersion
String #28: allowBackup
String #29: supportsRtl
String #30: extractNativeLibs
String #31: fullBackupContent
String #32: usesCleartextTraffic
String #33: directBootAware
String #34: roundIcon
String #35: compileSdkVersion
String #36: compileSdkVersionCodename
String #37: appComponentFactory
String #38: foregroundServiceType
String #39: dataExtractionRules
String #40: enableOnBackInvokedCallback
String #41: 
String #42: 1.0.0
String #43: 16
String #44: ALWAYS
String #45: action
String #46: activity
String #47: android
String #48: android.intent.action.BOOT_COMPLETED
String #49: android.intent.action.MAIN
String #50: android.intent.action.MY_PACKAGE_REPLACED
String #51: android.intent.action.OPEN_DOCUMENT_TREE
String #52: android.intent.action.QUICKBOOT_POWERON
String #53: android.intent.action.REBOOT
String #54: android.intent.action.SEND
String #55: android.intent.action.SEND_MULTIPLE
String #56: android.intent.action.VIEW
String #57: android.intent.category.BROWSABLE
String #58: android.intent.category.DEFAULT
String #59: android.intent.category.LAUNCHER
String #60: android.permission.ACCESS_NETWORK_STATE
String #61: android.permission.ACCESS_WIFI_STATE
String #62: android.permission.BIND_JOB_SERVICE
String #63: android.permission.DUMP
String #64: android.permission.FOREGROUND_SERVICE
String #65: android.permission.FOREGROUND_SERVICE_MEDIA_PLAYBACK
String #66: android.permission.INTERNET
String #67: android.permission.MODIFY_AUDIO_SETTINGS
String #68: android.permission.POST_NOTIFICATIONS
String #69: android.permission.READ_APP_BADGE
String #70: android.permission.READ_EXTERNAL_STORAGE
String #71: android.permission.RECEIVE_BOOT_COMPLETED
String #72: android.permission.RECORD_AUDIO
String #73: android.permission.SYSTEM_ALERT_WINDOW
String #74: android.permission.USE_BIOMETRIC
String #75: android.permission.USE_FINGERPRINT
String #76: android.permission.VIBRATE
String #77: android.permission.WAKE_LOCK
String #78: android.permission.WRITE_EXTERNAL_STORAGE
String #79: android.support.FILE_PROVIDER_PATHS
String #80: androidx.compose.ui.tooling.PreviewActivity
String #81: androidx.core.app.CoreComponentFactory
String #82: androidx.emoji2.text.EmojiCompatInitializer
String #83: androidx.lifecycle.ProcessLifecycleInitializer
String #84: androidx.media3.session.MediaSessionService
String #85: androidx.profileinstaller.ProfileInstallReceiver
String #86: androidx.profileinstaller.ProfileInstallerInitializer
String #87: androidx.profileinstaller.action.BENCHMARK_OPERATION
String #88: androidx.profileinstaller.action.INSTALL_PROFILE
String #89: androidx.profileinstaller.action.SAVE_PROFILE
String #90: androidx.profileinstaller.action.SKIP_FILE
String #91: androidx.startup
String #92: androidx.startup.InitializationProvider
String #93: application
String #94: application/pdf
String #95: backend:com.google.android.datatransport.cct.CctBackendFactory
String #96: barcode_ui
String #97: category
String #98: cct
String #99: com.anddoes.launcher.permission.UPDATE_COUNT
String #100: com.facebook.react.devsupport.DevSettingsActivity
String #101: com.facebook.soloader.enabled
String #102: com.google.android.c2dm.intent.RECEIVE
String #103: com.google.android.c2dm.permission.RECEIVE
String #104: com.google.android.c2dm.permission.SEND
String #105: com.google.android.datatransport.runtime.backends.TransportBackendDiscovery
String #106: com.google.android.datatransport.runtime.scheduling.jobscheduling.AlarmManagerSchedulerBroadcastReceiver
String #107: com.google.android.datatransport.runtime.scheduling.jobscheduling.JobInfoSchedulerService
String #108: com.google.android.finsky.permission.BIND_GET_INSTALL_REFERRER_SERVICE
String #109: com.google.android.gms.cloudmessaging.FINISHED_AFTER_HANDLED
String #110: com.google.android.gms.common.api.GoogleApiActivity
String #111: com.google.android.gms.version
String #112: com.google.firebase.MESSAGING_EVENT
String #113: com.google.firebase.components.ComponentDiscoveryService
String #114: com.google.firebase.components.ComponentRegistrar
String #115: com.google.firebase.components:com.google.firebase.FirebaseCommonKtxRegistrar
String #116: com.google.firebase.components:com.google.firebase.datatransport.TransportRegistrar
String #117: com.google.firebase.components:com.google.firebase.installations.FirebaseInstallationsKtxRegistrar
String #118: com.google.firebase.components:com.google.firebase.installations.FirebaseInstallationsRegistrar
String #119: com.google.firebase.components:com.google.firebase.ktx.FirebaseCommonLegacyRegistrar
String #120: com.google.firebase.components:com.google.firebase.messaging.FirebaseMessagingKtxRegistrar
String #121: com.google.firebase.components:com.google.firebase.messaging.FirebaseMessagingRegistrar
String #122: com.google.firebase.components:com.google.mlkit.common.internal.CommonComponentRegistrar
String #123: com.google.firebase.components:com.google.mlkit.vision.barcode.internal.BarcodeRegistrar
String #124: com.google.firebase.components:com.google.mlkit.vision.common.internal.VisionCommonRegistrar
String #125: com.google.firebase.iid.FirebaseInstanceIdReceiver
String #126: com.google.firebase.messaging.FirebaseMessagingService
String #127: com.google.firebase.messaging.default_notification_color
String #128: com.google.firebase.messaging.default_notification_icon
String #129: com.google.firebase.provider.FirebaseInitProvider
String #130: com.google.mlkit.common.internal.MlKitComponentDiscoveryService
String #131: com.google.mlkit.common.internal.MlKitInitProvider
String #132: com.google.mlkit.vision.DEPENDENCIES
String #133: com.google.mlkit.vision.codescanner.internal.GmsBarcodeScanningDelegateActivity
String #134: com.htc.intent.action.QUICKBOOT_POWERON
String #135: com.htc.launcher.permission.READ_SETTINGS
String #136: com.htc.launcher.permission.UPDATE_SHORTCUT
String #137: com.huawei.android.launcher.permission.CHANGE_BADGE
String #138: com.huawei.android.launcher.permission.READ_SETTINGS
String #139: com.huawei.android.launcher.permission.WRITE_SETTINGS
String #140: com.majeur.launcher.permission.UPDATE_BADGE
String #141: com.notesbrain.echo
String #142: com.notesbrain.echo.DYNAMIC_RECEIVER_NOT_EXPORTED_PERMISSION
String #143: com.notesbrain.echo.FileSystemFileProvider
String #144: com.notesbrain.echo.MainActivity
String #145: com.notesbrain.echo.MainApplication
String #146: com.notesbrain.echo.androidx-startup
String #147: com.notesbrain.echo.firebaseinitprovider
String #148: com.notesbrain.echo.mlkitinitprovider
String #149: com.oppo.launcher.permission.READ_SETTINGS
String #150: com.oppo.launcher.permission.WRITE_SETTINGS
String #151: com.sec.android.provider.badge.permission.READ
String #152: com.sec.android.provider.badge.permission.WRITE
String #153: com.sonyericsson.home.permission.BROADCAST_BADGE
String #154: com.sonymobile.home.permission.PROVIDER_INSERT_BADGE
String #155: data
String #156: echo
String #157: exp+echo
String #158: expo-dev-launcher
String #159: expo.modules.adapters.react.apploader.RNHeadlessAppLoader
String #160: expo.modules.audio.service.AudioControlsService
String #161: expo.modules.audio.service.AudioRecordingService
String #162: expo.modules.devlauncher.compose.AuthActivity
String #163: expo.modules.devlauncher.launcher.DevLauncherActivity
String #164: expo.modules.devlauncher.launcher.errors.DevLauncherErrorActivity
String #165: expo.modules.filesystem.FileSystemFileProvider
String #166: expo.modules.notifications.NOTIFICATION_EVENT
String #167: expo.modules.notifications.default_notification_color
String #168: expo.modules.notifications.default_notification_icon
String #169: expo.modules.notifications.service.ExpoFirebaseMessagingService
String #170: expo.modules.notifications.service.NotificationForwarderActivity
String #171: expo.modules.notifications.service.NotificationsService
String #172: expo.modules.updates.ENABLED
String #173: expo.modules.updates.EXPO_UPDATES_CHECK_ON_LAUNCH
String #174: expo.modules.updates.EXPO_UPDATES_LAUNCH_WAIT_MS
String #175: host.exp.exponent
String #176: http://schemas.android.com/apk/res/android
String #177: https
String #178: image/*
String #179: intent
String #180: intent-filter
String #181: manifest
String #182: me.everything.badger.permission.BADGE_COUNT_READ
String #183: me.everything.badger.permission.BADGE_COUNT_WRITE
String #184: meta-data
String #185: org.unimodules.core.AppLoader#react-native-headless
String #186: package
String #187: permission
String #188: platformBuildVersionCode
String #189: platformBuildVersionName
String #190: provider
String #191: queries
String #192: receiver
String #193: service
String #194: text/*
String #195: uses-permission
String #196: uses-sdk

01:23:37.964 detox[63192] i "/Users/coding/Library/Android/sdk/build-tools/36.1.0/aapt" dump xmlstrings "/Users/coding/Projects/notes_brain/apps/mobile/android/app/build/outputs/apk/androidTest/debug/app-debug-androidTest.apk" AndroidManifest.xml
01:23:37.976 detox[63192] i String pool of 43 unique UTF-16 non-sorted strings, 43 entries and 0 styles using 2140 bytes:
String #0: theme
String #1: label
String #2: name
String #3: debuggable
String #4: exported
String #5: priority
String #6: targetPackage
String #7: handleProfiling
String #8: functionalTest
String #9: minSdkVersion
String #10: targetSdkVersion
String #11: extractNativeLibs
String #12: compileSdkVersion
String #13: compileSdkVersionCodename
String #14: 16
String #15: Tests for com.notesbrain.echo
String #16: activity
String #17: android
String #18: android.intent.category.LAUNCHER
String #19: android.permission.REORDER_TASKS
String #20: android.test.runner
String #21: androidx.test.core.app.InstrumentationActivityInvoker$BootstrapActivity
String #22: androidx.test.core.app.InstrumentationActivityInvoker$EmptyActivity
String #23: androidx.test.core.app.InstrumentationActivityInvoker$EmptyFloatingActivity
String #24: androidx.test.orchestrator
String #25: androidx.test.runner.AndroidJUnitRunner
String #26: androidx.test.services
String #27: application
String #28: category
String #29: com.google.android.apps.common.testing.services
String #30: com.notesbrain.echo
String #31: com.notesbrain.echo.test
String #32: http://schemas.android.com/apk/res/android
String #33: instrumentation
String #34: intent-filter
String #35: manifest
String #36: package
String #37: platformBuildVersionCode
String #38: platformBuildVersionName
String #39: queries
String #40: uses-library
String #41: uses-permission
String #42: uses-sdk

01:23:37.976 detox[63192] i "/Users/coding/Library/Android/sdk/platform-tools/adb" -s emulator-16546 shell "rm -fr /data/local/tmp/detox"
01:23:38.012 detox[63192] i 
01:23:38.012 detox[63192] i "/Users/coding/Library/Android/sdk/platform-tools/adb" -s emulator-16546 shell "mkdir -p /data/local/tmp/detox"
01:23:38.040 detox[63192] i 
01:23:38.040 detox[63192] i "/Users/coding/Library/Android/sdk/platform-tools/adb" -s emulator-16546 push "/Users/coding/Projects/notes_brain/apps/mobile/android/app/build/outputs/apk/debug/app-debug.apk" "/data/local/tmp/detox/Application.apk"
01:23:38.508 detox[63192] i /Users/coding/Projects/notes_brain/apps/mobile/android/app/build/outputs/apk/debug/app-debug.apk: 1 file pushed, 0 skipped. 462.5 MB/s (175850073 bytes in 0.363s)

01:23:38.509 detox[63192] i /Users/coding/Library/Android/sdk/platform-tools/adb -s emulator-16546 shell pm install -r -g -t /data/local/tmp/detox/Application.apk
01:23:39.347 detox[63192] i Success

01:23:39.353 detox[63192] i /Users/coding/Library/Android/sdk/platform-tools/adb -s emulator-16546 shell pm install -r -g -t /data/local/tmp/detox/Application.apk exited with code #0
01:23:39.353 detox[63192] i "/Users/coding/Library/Android/sdk/platform-tools/adb" -s emulator-16546 push "/Users/coding/Projects/notes_brain/apps/mobile/android/app/build/outputs/apk/androidTest/debug/app-debug-androidTest.apk" "/data/local/tmp/detox/Test.apk"
01:23:39.400 detox[63192] i /Users/coding/Projects/notes_brain/apps/mobile/android/app/build/outputs/apk/androidTest/debug/app-debug-androidTest.apk: 1 file pushed, 0 skipped. 236.9 MB/s (3530276 bytes in 0.014s)

01:23:39.400 detox[63192] i /Users/coding/Library/Android/sdk/platform-tools/adb -s emulator-16546 shell pm install -r -g -t /data/local/tmp/detox/Test.apk
01:23:39.753 detox[63192] i Success

01:23:39.755 detox[63192] i /Users/coding/Library/Android/sdk/platform-tools/adb -s emulator-16546 shell pm install -r -g -t /data/local/tmp/detox/Test.apk exited with code #0
01:23:39.755 detox[63192] E installApp
01:23:39.755 detox[63192] B onBeforeLaunchApp
  args: ({"deviceId":"emulator-16546","bundleId":"com.notesbrain.echo","launchArgs":{"detoxServer":"ws://localhost:62465","detoxSessionId":"49eb8b85-ccbc-9626-7084-0578dfcb278a"}})
01:23:39.755 detox[63192] i "/Users/coding/Library/Android/sdk/platform-tools/adb" -s emulator-16546 shell "date +\"%m-%d %T.000\""
01:23:39.800 detox[63192] i 03-09 01:23:37.000

01:23:39.800 detox[63192] E onBeforeLaunchApp
01:23:39.800 detox[63192] i "/Users/coding/Library/Android/sdk/platform-tools/adb" -s emulator-16546 reverse tcp:62465 tcp:62465
01:23:39.819 detox[63192] i 62465

01:23:39.820 detox[63192] i "/Users/coding/Library/Android/sdk/platform-tools/adb" -s emulator-16546 shell "pm list instrumentation"
01:23:39.861 detox[63192] i instrumentation:com.notesbrain.echo.test/androidx.test.runner.AndroidJUnitRunner (target=com.notesbrain.echo)

01:23:39.861 detox[63192] i /Users/coding/Library/Android/sdk/platform-tools/adb -s emulator-16546 shell am instrument -w -r -e detoxServer ws://localhost:62465 -e detoxSessionId 49eb8b85-ccbc-9626-7084-0578dfcb278a -e debug false com.notesbrain.echo.test/androidx.test.runner.AndroidJUnitRunner
01:23:40.364 detox[63192] i "/Users/coding/Library/Android/sdk/platform-tools/adb" -s emulator-16546 shell "ps | grep \"com\.notesbrain\.echo$\""
01:23:41.436 detox[63192] i u0_a226      18916   452   17167260 242604 0                   0 R com.notesbrain.echo

01:23:41.436 detox[63192] B onLaunchApp
  args: ({"deviceId":"emulator-16546","bundleId":"com.notesbrain.echo","launchArgs":{"detoxServer":"ws://localhost:62465","detoxSessionId":"49eb8b85-ccbc-9626-7084-0578dfcb278a"},"pid":18916})
01:23:41.436 detox[63192] i starting ADBLogcatRecording
01:23:41.436 detox[63192] i stopping ADBLogcatRecording
01:23:41.436 detox[63192] i "/Users/coding/Library/Android/sdk/platform-tools/adb" -s emulator-16546 shell "date +\"%m-%d %T.000\""
01:23:41.465 detox[63192] i 03-09 01:23:39.000

01:23:41.466 detox[63192] i sending SIGINT to: /Users/coding/Library/Android/sdk/platform-tools/adb -s emulator-16546 shell logcat -T "03-09 01:23:34.000" --pid=18555 -f /sdcard/12223872_1.log
01:23:41.467 detox[63192] i /Users/coding/Library/Android/sdk/platform-tools/adb -s emulator-16546 shell "logcat -T \"03-09 01:23:34.000\" --pid=18555 -f /sdcard/12223872_1.log" terminated with SIGINT
01:23:41.468 detox[63192] i /Users/coding/Library/Android/sdk/platform-tools/adb -s emulator-16546 shell "logcat -T \"03-09 01:23:39.000\" --pid=18916 -f /sdcard/12223872_1.log"
01:23:41.468 detox[63192] E onLaunchApp
01:23:41.762 detox[63192] i INSTRUMENTATION_STATUS: class=com.notesbrain.echo.DetoxTest
INSTRUMENTATION_STATUS: current=1
INSTRUMENTATION_STATUS: id=AndroidJUnitRunner
INSTRUMENTATION_STATUS: numtests=1
INSTRUMENTATION_STATUS: stream=
com.notesbrain.echo.DetoxTest:
INSTRUMENTATION_STATUS: test=runDetoxTests
INSTRUMENTATION_STATUS_CODE: 1

01:23:41.769 detox[63192] i "/Users/coding/Library/Android/sdk/platform-tools/adb" -s emulator-16546 shell du /sdcard/12223872_1.log
01:23:41.779 detox[63189] B connection :62465<->:62921
01:23:41.781 detox[63189] i get
  data: {"messageId":0,"type":"login","params":{"role":"app","sessionId":"49eb8b85-ccbc-9626-7084-0578dfcb278a"}}
01:23:41.781 detox[63189] i send
  data: {
    "messageId": 0,
    "type": "loginSuccess",
    "params": {
      "testerConnected": true,
      "appConnected": true
    }
  }
01:23:41.781 detox[63189] i app joined session 49eb8b85-ccbc-9626-7084-0578dfcb278a
01:23:41.781 detox[63189] i send
  data: {
    "type": "appConnected"
  }
01:23:41.782 detox[63189] i get
  data: {"type":"isReady","params":{},"messageId":-1000}
01:23:41.782 detox[63189] i send
  data: {
    "type": "isReady",
    "params": {},
    "messageId": -1000
  }
01:23:41.782 detox[63192] i get message
  data: {"type":"appConnected"}
   
01:23:41.782 detox[63192] i send message
  data: {"type":"isReady","params":{},"messageId":-1000}
01:23:41.801 detox[63192] i 12	/sdcard/12223872_1.log

01:23:51.783 detox[63192] i send message
  data: {"type":"currentStatus","params":{},"messageId":3}
01:23:51.784 detox[63189] i get
  data: {"type":"currentStatus","params":{},"messageId":3}
01:23:51.784 detox[63189] i send
  data: {
    "type": "currentStatus",
    "params": {},
    "messageId": 3
  }
01:23:56.786 detox[63192] i Failed to execute the current status query. The pending request #3 ("currentStatus") has been rejected due to the following error:

The tester has not received a response within 5000ms timeout to the message:

CurrentStatus {
  type: 'currentStatus',
  params: {},
  messageId: 3
}
    at listOnTimeout (node:internal/timers:608:17)
    at processTimers (node:internal/timers:543:7) {
  name: 'DetoxRuntimeError'
}
01:24:42.697 detox[63189] i get
  data: {"messageId":-1000,"type":"ready","params":{}}
01:24:42.697 detox[63189] i send
  data: {
    "messageId": -1000,
    "type": "ready",
    "params": {}
  }
01:24:42.697 detox[63192] i get message
  data: {"messageId":-1000,"type":"ready","params":{}}
   
01:24:42.697 detox[63192] B onAppReady
  args: ({"deviceId":"emulator-16546","bundleId":"com.notesbrain.echo","pid":18916})
01:24:42.697 detox[63192] E onAppReady
01:24:42.697 detox[63192] E launchApp
01:24:42.698 detox[63192] E beforeEach
01:24:42.698 detox[63192] B test_fn
01:24:42.701 detox[63192] i INSTRUMENTATION_STATUS: class=com.notesbrain.echo.DetoxTest
INSTRUMENTATION_STATUS: current=1
INSTRUMENTATION_STATUS: id=AndroidJUnitRunner
INSTRUMENTATION_STATUS: numtests=1
INSTRUMENTATION_STATUS: stack=com.wix.detox.common.DetoxErrors$DetoxRuntimeException: Waited for the new RN-context for too long! (60 seconds)
If you think that's not long enough, consider applying a custom Detox runtime-config in DetoxTest.runTests().
	at com.wix.detox.reactnative.ReactNativeLoadingMonitor.awaitNewRNContext(ReactNativeLoadingMonitor.kt:54)
	at com.wix.detox.reactnative.ReactNativeLoadingMonitor.getNewContext(ReactNativeLoadingMonitor.kt:26)
	at com.wix.detox.reactnative.ReactNativeExtension.awaitNewReactNativeContext(ReactNativeExtension.kt:127)
	at com.wix.detox.reactnative.ReactNativeExtension.waitForRNBootstrap(ReactNativeExtension.kt:37)
	at com.wix.detox.DetoxMain.launchActivity(DetoxMain.kt:133)
	at com.wix.detox.DetoxMain.launchActivityOnCue(DetoxMain.kt:55)
	at com.wix.detox.DetoxMain.run(DetoxMain.kt:35)
	at com.wix.detox.Detox.runTests(Detox.java:127)
	at com.wix.detox.Detox.runTests(Detox.java:113)
	at com.wix.detox.Detox.runTests(Detox.java:84)
	at com.notesbrain.echo.DetoxTest.runDetoxTests(DetoxTest.java:20)

INSTRUMENTATION_STATUS: stream=
Error in runDetoxTests(com.notesbrain.echo.DetoxTest):
com.wix.detox.common.DetoxErrors$DetoxRuntimeException: Waited for the new RN-context for too long! (60 seconds)
If you think that's not long enough, consider applying a custom Detox runtime-config in DetoxTest.runTests().
	at com.wix.detox.reactnative.ReactNativeLoadingMonitor.awaitNewRNContext(ReactNativeLoadingMonitor.kt:54)
	at com.wix.detox.reactnative.ReactNativeLoadingMonitor.getNewContext(ReactNativeLoadingMonitor.kt:26)
	at com.wix.detox.reactnative.ReactNativeExtension.awaitNewReactNativeContext(ReactNativeExtension.kt:127)
	at com.wix.detox.reactnative.ReactNativeExtension.waitForRNBootstrap(ReactNativeExtension.kt:37)
	at com.wix.detox.DetoxMain.launchActivity(DetoxMain.kt:133)
	at com.wix.detox.DetoxMain.launchActivityOnCue(DetoxMain.kt:55)
	at com.wix.detox.DetoxMain.run(DetoxMain.kt:35)
	at com.wix.detox.Detox.runTests(Detox.java:127)
	at com.wix.detox.Detox.runTests(Detox.java:113)
	at com.wix.detox.Detox.runTests(Detox.java:84)
	at com.notesbrain.echo.DetoxTest.runDetoxTests(DetoxTest.java:20)

INSTRUMENTATION_STATUS: test=runDetoxTests
INSTRUMENTATION_STATUS_CODE: -2

01:24:42.740 detox[63189] i get
  data: {"messageId":3,"type":"currentStatusResult","params":{"status":{"app_status":"idle"}}}
01:24:42.740 detox[63189] i send
  data: {
    "messageId": 3,
    "type": "currentStatusResult",
    "params": {
      "status": {
        "app_status": "idle"
      }
    }
  }
01:24:42.741 detox[63192] i get message
  data: {"messageId":3,"type":"currentStatusResult","params":{"status":{"app_status":"idle"}}}
   
01:24:42.814 detox[63192] i INSTRUMENTATION_RESULT: stream=

Time: 61.043
There was 1 failure:
1) runDetoxTests(com.notesbrain.echo.DetoxTest)
com.wix.detox.common.DetoxErrors$DetoxRuntimeException: Waited for the new RN-context for too long! (60 seconds)
If you think that's not long enough, consider applying a custom Detox runtime-config in DetoxTest.runTests().
	at com.wix.detox.reactnative.ReactNativeLoadingMonitor.awaitNewRNContext(ReactNativeLoadingMonitor.kt:54)
	at com.wix.detox.reactnative.ReactNativeLoadingMonitor.getNewContext(ReactNativeLoadingMonitor.kt:26)
	at com.wix.detox.reactnative.ReactNativeExtension.awaitNewReactNativeContext(ReactNativeExtension.kt:127)
	at com.wix.detox.reactnative.ReactNativeExtension.waitForRNBootstrap(ReactNativeExtension.kt:37)
	at com.wix.detox.DetoxMain.launchActivity(DetoxMain.kt:133)
	at com.wix.detox.DetoxMain.launchActivityOnCue(DetoxMain.kt:55)
	at com.wix.detox.DetoxMain.run(DetoxMain.kt:35)
	at com.wix.detox.Detox.runTests(Detox.java:127)
	at com.wix.detox.Detox.runTests(Detox.java:113)
	at com.wix.detox.Detox.runTests(Detox.java:84)
	at com.notesbrain.echo.DetoxTest.runDetoxTests(DetoxTest.java:20)

FAILURES!!!
Tests run: 1,  Failures: 1


INSTRUMENTATION_CODE: -1

01:24:42.834 detox[63192] i /Users/coding/Library/Android/sdk/platform-tools/adb -s emulator-16546 shell am instrument -w -r -e detoxServer ws://localhost:62465 -e detoxSessionId 49eb8b85-ccbc-9626-7084-0578dfcb278a -e debug false com.notesbrain.echo.test/androidx.test.runner.AndroidJUnitRunner exited with code #0
01:24:42.835 detox[63192] i "/Users/coding/Library/Android/sdk/platform-tools/adb" -s emulator-16546 reverse --remove tcp:62465
01:24:42.849 detox[63189] i app exited session 49eb8b85-ccbc-9626-7084-0578dfcb278a
01:24:42.849 detox[63189] i send
  data: {
    "type": "appDisconnected"
  }
01:24:42.849 detox[63189] E connection :62465<->:62921
01:24:42.849 detox[63192] i get message
  data: {"type":"appDisconnected"}
   
01:24:42.854 detox[63192] i 
01:24:42.874 detox[63192] i send message
  data: {"type":"invoke","params":{"target":{"type":"Class","value":"com.wix.detox.espresso.DetoxAssertion"},"method":"waitForAssertMatcher","args":[{"type":"Invocation","value":{"target":{"type":"Class","value":"androidx.test.espresso.Espresso"},"method":"onView","args":[{"type":"Invocation","value":{"target":{"type":"Class","value":"com.wix.detox.espresso.DetoxMatcher"},"method":"matcherForTestId","args":["login-email-input",{"type":"boolean","value":false}]}}]}},{"type":"Invocation","value":{"target":{"type":"Class","value":"com.wix.detox.espresso.DetoxMatcher"},"method":"matcherForSufficientlyVisible","args":[{"type":"Integer","value":75}]}},{"type":"Double","value":15}]},"messageId":4}
01:24:42.875 detox[63189] i get
  data: {"type":"invoke","params":{"target":{"type":"Class","value":"com.wix.detox.espresso.DetoxAssertion"},"method":"waitForAssertMatcher","args":[{"type":"Invocation","value":{"target":{"type":"Class","value":"androidx.test.espresso.Espresso"},"method":"onView","args":[{"type":"Invocation","value":{"target":{"type":"Class","value":"com.wix.detox.espresso.DetoxMatcher"},"method":"matcherForTestId","args":["login-email-input",{"type":"boolean","value":false}]}}]}},{"type":"Invocation","value":{"target":{"type":"Class","value":"com.wix.detox.espresso.DetoxMatcher"},"method":"matcherForSufficientlyVisible","args":[{"type":"Integer","value":75}]}},{"type":"Double","value":15}]},"messageId":4}
01:24:42.875 detox[63189] i send
  data: {
    "type": "serverError",
    "params": {
      "error": {
        "name": "DetoxRuntimeError",
        "message": "Detox can't seem to connect to the test app(s)!\n\nHINT: \n\nHave you forgotten to call 'device.launchApp()' in the beginning of your test?\nRefer to our troubleshooting guide, for full details: https://wix.github.io/Detox/docs/troubleshooting/running-tests#tests-execution-hangs\n\n---\nThe following package could not be delivered:\n\n{\n  type: 'invoke',\n  params: [Object],\n  messageId: 4\n}",
        "stack": "DetoxRuntimeError: Detox can't seem to connect to the test app(s)!\n\nHINT: \n\nHave you forgotten to call 'device.launchApp()' in the beginning of your test?\nRefer to our troubleshooting guide, for full details: https://wix.github.io/Detox/docs/troubleshooting/running-tests#tests-execution-hangs\n\n---\nThe following package could not be delivered:\n\n{\n  type: 'invoke',\n  params: [Object],\n  messageId: 4\n}\n    at Object.maybeAppWasNotLaunched (/Users/coding/Projects/notes_brain/node_modules/detox/src/errors/longreads/failedToReachTheApp.js:22:10)\n    at TesterConnectionHandler.handle (/Users/coding/Projects/notes_brain/node_modules/detox/src/server/handlers/TesterConnectionHandler.js:32:31)\n    at DetoxConnection._onMessage (/Users/coding/Projects/notes_brain/node_modules/detox/src/server/DetoxConnection.js:76:23)\n    at WebSocket.emit (node:events:508:28)\n    at Receiver.receiverOnMessage (/Users/coding/Projects/notes_brain/node_modules/detox/node_modules/ws/lib/websocket.js:1070:20)\n    at Receiver.emit (node:events:508:28)\n    at Receiver.dataMessage (/Users/coding/Projects/notes_brain/node_modules/detox/node_modules/ws/lib/receiver.js:517:14)\n    at Receiver.getData (/Users/coding/Projects/notes_brain/node_modules/detox/node_modules/ws/lib/receiver.js:435:17)\n    at Receiver.startLoop (/Users/coding/Projects/notes_brain/node_modules/detox/node_modules/ws/lib/receiver.js:143:22)\n    at Receiver._write (/Users/coding/Projects/notes_brain/node_modules/detox/node_modules/ws/lib/receiver.js:78:10)\n    at writeOrBuffer (node:internal/streams/writable:570:12)\n    at _write (node:internal/streams/writable:499:10)\n    at Writable.write (node:internal/streams/writable:508:10)\n    at Socket.socketOnData (/Users/coding/Projects/notes_brain/node_modules/detox/node_modules/ws/lib/websocket.js:1164:35)\n    at Socket.emit (node:events:508:28)\n    at addChunk (node:internal/streams/readable:559:12)"
      }
    },
    "messageId": 4
  }
01:24:42.875 detox[63192] B undefined with timeout (15000 ms)
  data: {
    "target": {
      "type": "Class",
      "value": "com.wix.detox.espresso.DetoxAssertion"
    },
    "method": "waitForAssertMatcher",
    "args": [
      {
        "type": "Invocation",
        "value": {
          "target": {
            "type": "Class",
            "value": "androidx.test.espresso.Espresso"
          },
          "method": "onView",
          "args": [
            {
              "type": "Invocation",
              "value": {
                "target": {
                  "type": "Class",
                  "value": "com.wix.detox.espresso.DetoxMatcher"
                },
                "method": "matcherForTestId",
                "args": [
                  "login-email-input",
                  {
                    "type": "boolean",
                    "value": false
                  }
                ]
              }
            }
          ]
        }
      },
      {
        "type": "Invocation",
        "value": {
          "target": {
            "type": "Class",
            "value": "com.wix.detox.espresso.DetoxMatcher"
          },
          "method": "matcherForSufficientlyVisible",
          "args": [
            {
              "type": "Integer",
              "value": 75
            }
          ]
        }
      },
      {
        "type": "Double",
        "value": 15
      }
    ]
  }
01:24:42.877 detox[63192] i get message
  data: {"type":"serverError","params":{"error":{"name":"DetoxRuntimeError","message":"Detox can't seem to connect to the test app(s)!\n\nHINT: \n\nHave you forgotten to call 'device.launchApp()' in the beginning of your test?\nRefer to our troubleshooting guide, for full details: https://wix.github.io/Detox/docs/troubleshooting/running-tests#tests-execution-hangs\n\n---\nThe following package could not be delivered:\n\n{\n  type: 'invoke',\n  params: [Object],\n  messageId: 4\n}","stack":"DetoxRuntimeError: Detox can't seem to connect to the test app(s)!\n\nHINT: \n\nHave you forgotten to call 'device.launchApp()' in the beginning of your test?\nRefer to our troubleshooting guide, for full details: https://wix.github.io/Detox/docs/troubleshooting/running-tests#tests-execution-hangs\n\n---\nThe following package could not be delivered:\n\n{\n  type: 'invoke',\n  params: [Object],\n  messageId: 4\n}\n    at Object.maybeAppWasNotLaunched (/Users/coding/Projects/notes_brain/node_modules/detox/src/errors/longreads/failedToReachTheApp.js:22:10)\n    at TesterConnectionHandler.handle (/Users/coding/Projects/notes_brain/node_modules/detox/src/server/handlers/TesterConnectionHandler.js:32:31)\n    at DetoxConnection._onMessage (/Users/coding/Projects/notes_brain/node_modules/detox/src/server/DetoxConnection.js:76:23)\n    at WebSocket.emit (node:events:508:28)\n    at Receiver.receiverOnMessage (/Users/coding/Projects/notes_brain/node_modules/detox/node_modules/ws/lib/websocket.js:1070:20)\n    at Receiver.emit (node:events:508:28)\n    at Receiver.dataMessage (/Users/coding/Projects/notes_brain/node_modules/detox/node_modules/ws/lib/receiver.js:517:14)\n    at Receiver.getData (/Users/coding/Projects/notes_brain/node_modules/detox/node_modules/ws/lib/receiver.js:435:17)\n    at Receiver.startLoop (/Users/coding/Projects/notes_brain/node_modules/detox/node_modules/ws/lib/receiver.js:143:22)\n    at Receiver._write (/Users/coding/Projects/notes_brain/node_modules/detox/node_modules/ws/lib/receiver.js:78:10)\n    at writeOrBuffer (node:internal/streams/writable:570:12)\n    at _write (node:internal/streams/writable:499:10)\n    at Writable.write (node:internal/streams/writable:508:10)\n    at Socket.socketOnData (/Users/coding/Projects/notes_brain/node_modules/detox/node_modules/ws/lib/websocket.js:1164:35)\n    at Socket.emit (node:events:508:28)\n    at addChunk (node:internal/streams/readable:559:12)"}},"messageId":4}
   
01:24:42.877 detox[63192] i Detox can't seem to connect to the test app(s)!

HINT: 

Have you forgotten to call 'device.launchApp()' in the beginning of your test?
Refer to our troubleshooting guide, for full details: https://wix.github.io/Detox/docs/troubleshooting/running-tests#tests-execution-hangs

---
The following package could not be delivered:

{
  type: 'invoke',
  params: [Object],
  messageId: 4
}
01:24:42.877 detox[63192] E undefined with timeout (15000 ms)
  error: Detox can't seem to connect to the test app(s)!
  
  HINT: 
  
  Have you forgotten to call 'device.launchApp()' in the beginning of your test?
  Refer to our troubleshooting guide, for full details: https://wix.github.io/Detox/docs/troubleshooting/running-tests#tests-execution-hangs
  
  ---
  The following package could not be delivered:
  
  {
    type: 'invoke',
    params: [Object],
    messageId: 4
  }
      at loginWithPassword (/Users/coding/Projects/notes_brain/tests/e2e/mobile/support/mobileFlows.cjs:8:6)
      at Object.loginWithPassword (/Users/coding/Projects/notes_brain/tests/e2e/mobile/specs/capture-and-summary.e2e.js:52:11)
      at processTicksAndRejections (node:internal/process/task_queues:105:5)
01:24:42.877 detox[63192] B onTestFnFailure
  args: ({"error":{}})
01:24:42.878 detox[63192] E onTestFnFailure
01:24:42.878 detox[63192] E test_fn
  error: Detox can't seem to connect to the test app(s)!
  
  HINT: 
  
  Have you forgotten to call 'device.launchApp()' in the beginning of your test?
  Refer to our troubleshooting guide, for full details: https://wix.github.io/Detox/docs/troubleshooting/running-tests#tests-execution-hangs
  
  ---
  The following package could not be delivered:
  
  {
    type: 'invoke',
    params: [Object],
    messageId: 4
  }
      at loginWithPassword (/Users/coding/Projects/notes_brain/tests/e2e/mobile/support/mobileFlows.cjs:8:6)
      at Object.loginWithPassword (/Users/coding/Projects/notes_brain/tests/e2e/mobile/specs/capture-and-summary.e2e.js:52:11)
      at processTicksAndRejections (node:internal/process/task_queues:105:5)
01:24:42.878 detox[63192] B onTestDone
  args: ({"title":"shows a seeded daily summary on the summary tab","fullName":"mobile e2e: capture and summary shows a seeded daily summary on the summary tab","status":"failed","invocations":1,"timedOut":false})
01:24:42.878 detox[63192] i stopping ADBLogcatRecording
01:24:42.878 detox[63192] i "/Users/coding/Library/Android/sdk/platform-tools/adb" -s emulator-16546 shell "date +\"%m-%d %T.000\""
01:24:42.913 detox[63192] i 03-09 01:24:40.000

01:24:42.915 detox[63192] i sending SIGINT to: /Users/coding/Library/Android/sdk/platform-tools/adb -s emulator-16546 shell logcat -T "03-09 01:23:39.000" --pid=18916 -f /sdcard/12223872_1.log
01:24:42.915 detox[63192] i /Users/coding/Library/Android/sdk/platform-tools/adb -s emulator-16546 shell "logcat -T \"03-09 01:23:39.000\" --pid=18916 -f /sdcard/12223872_1.log" terminated with SIGINT
01:24:42.916 detox[63192] E onTestDone
01:24:42.916 detox[63192] E shows a seeded daily summary on the summary tab
01:24:42.916 detox[63192] i mobile e2e: capture and summary: shows a seeded daily summary on the summary tab [FAIL]
01:24:42.916 detox[63192] B afterAll
01:24:42.917 detox[63192] i saving ADBLogcatRecording to: artifacts/android.emu.debug.2026-03-09 08-22-22Z/✗ mobile e2e_ capture and summary shows a seeded daily summary on the summary tab/device.log
01:24:42.917 detox[63192] i "/Users/coding/Library/Android/sdk/platform-tools/adb" -s emulator-16546 pull "/sdcard/12223872_1.log" "artifacts/android.emu.debug.2026-03-09 08-22-22Z/✗ mobile e2e_ capture and summary shows a seeded daily summary on the summary tab/device.log"
01:24:42.945 detox[63192] i /sdcard/12223872_1.log: 1 file pulled, 0 skipped. 13.4 MB/s (28672 bytes in 0.002s)

01:24:42.945 detox[63192] i "/Users/coding/Library/Android/sdk/platform-tools/adb" -s emulator-16546 shell "rm  \"/sdcard/12223872_1.log\""
01:24:42.994 detox[63192] i 
01:24:43.165 detox[63192] E afterAll
01:24:43.165 detox[63192] B onRunDescribeFinish
  args: ({"name":"mobile e2e: capture and summary"})
01:24:43.165 detox[63192] E onRunDescribeFinish
01:24:43.165 detox[63192] E mobile e2e: capture and summary
01:24:43.166 detox[63192] B onRunDescribeFinish
  args: ({"name":"ROOT_DESCRIBE_BLOCK"})
01:24:43.166 detox[63192] E onRunDescribeFinish
01:24:43.166 detox[63192] E run the tests
01:24:43.179 detox[63192] B tear down environment
01:24:43.179 detox[63192] B onBeforeCleanup
  args: ()
01:24:43.180 detox[63192] i saving FileArtifact to: artifacts/android.emu.debug.2026-03-09 08-22-22Z/detox_pid_63192.json.log { append: true }
01:24:43.180 detox[63192] i saving FileArtifact to: artifacts/android.emu.debug.2026-03-09 08-22-22Z/detox_pid_63192.log { append: true }
01:24:43.180 detox[63192] E onBeforeCleanup
01:24:43.181 detox[63189] i tester exited session 49eb8b85-ccbc-9626-7084-0578dfcb278a
01:24:43.181 detox[63189] E connection :62465<->:62468
01:24:43.181 detox[63189] i received event of :  deallocateDevice {
  deviceCookie: {
    id: 'emulator-16546',
    adbName: 'emulator-16546',
    name: 'emulator-16546 (Pixel_9)'
  }
}
01:24:43.181 detox[63189] B free: emulator-16546
  data: {}
01:24:43.181 detox[63192] i dispatching event to  primary-63189 /tmp/detox.primary-63189  :  deallocateDevice , {
  deviceCookie: {
    id: 'emulator-16546',
    adbName: 'emulator-16546',
    name: 'emulator-16546 (Pixel_9)'
  }
}
01:24:43.182 detox[63189] E free: emulator-16546
01:24:43.182 detox[63189] i dispatching event to socket  :  deallocateDeviceDone {}
01:24:43.182 detox[63192] i ## received events ##
01:24:43.182 detox[63192] i detected event deallocateDeviceDone {}
01:24:43.183 detox[63192] E tear down environment
01:24:43.183 detox[63192] E tests/e2e/mobile/specs/capture-and-summary.e2e.js
01:24:43.186 detox[63189] i received event of :  reportTestResults {
  testResults: [
    {
      success: false,
      testFilePath: '/Users/coding/Projects/notes_brain/tests/e2e/mobile/specs/capture-and-summary.e2e.js',
      isPermanentFailure: false
    }
  ]
}
01:24:43.186 detox[63189] i dispatching event to socket  :  reportTestResultsDone {
  testResults: [
    {
      success: false,
      testFilePath: '/Users/coding/Projects/notes_brain/tests/e2e/mobile/specs/capture-and-summary.e2e.js',
      isPermanentFailure: false
    }
  ]
}
01:24:43.186 detox[63189] i broadcasting event to all known sockets listening to  /tmp/detox.primary-63189  :   sessionStateUpdate {
  testResults: [
    {
      success: false,
      testFilePath: '/Users/coding/Projects/notes_brain/tests/e2e/mobile/specs/capture-and-summary.e2e.js',
      isPermanentFailure: false
    }
  ]
}
01:24:43.186 detox[63192] i dispatching event to  primary-63189 /tmp/detox.primary-63189  :  reportTestResults , {
  testResults: [
    {
      success: false,
      testFilePath: '/Users/coding/Projects/notes_brain/tests/e2e/mobile/specs/capture-and-summary.e2e.js',
      testExecError: undefined,
      isPermanentFailure: false
    }
  ]
}
01:24:43.186 detox[63192] i ## received events ##
01:24:43.186 detox[63192] i detected event reportTestResultsDone {
  testResults: [
    {
      success: false,
      testFilePath: '/Users/coding/Projects/notes_brain/tests/e2e/mobile/specs/capture-and-summary.e2e.js',
      isPermanentFailure: false
    }
  ]
}
01:24:43.187 detox[63192] i connection closed primary-63189 /tmp/detox.primary-63189 0 tries remaining of 0
01:24:43.187 detox[63192] i secondary-63192 exceeded connection rety amount of  or stopRetrying flag set.
01:24:43.188 detox[63189] i socket disconnected secondary-63192
01:24:43.290 detox[63189] E Command failed with exit code = 1:
DETOX_AVD_NAME="Pixel_9" jest --config tests/e2e/mobile/jest.config.cjs tests/e2e/mobile/specs/capture-and-summary.e2e.js
01:24:43.291 detox[63189] B cleanup
  args: ()
01:24:43.291 detox[63189] E cleanup
01:24:43.292 detox[63189] i Detox server has been closed gracefully
01:24:43.292 detox[63189] E node_modules/.bin/detox test --config-path ./tests/e2e/mobile/detox.config.cjs --configuration android.emu.debug --record-logs all tests/e2e/mobile/specs/capture-and-summary.e2e.js
